1754470860,-29.99451,3399.14526,2167.09375,4.13971
1754470920,-29.99451,3385.11353,2164.9812,4.13971
1754470980,-29.99451,3385.11353,2164.9812,4.13971
1754471040,-29.99451,3399.14526,2167.09375,4.07714
1754471100,-29.99451,3371.6665,2167.09375,4.07714
1754471160,-29.99451,3385.11353,2164.9812,4.07714
1754471220,-29.99451,3371.6665,2164.9812,4.07714
1754471280,-29.99451,3385.11353,2167.09375,4.13971
1754471340,-29.99451,3371.6665,2164.9812,4.07714
1754471400,-29.99451,3385.11353,2164.9812,4.07714
1754471460,-29.99451,3385.11353,2164.9812,4.07714
1754471520,-29.99451,3385.11353,2164.9812,4.01456
1754471580,-29.99451,3358.21924,2164.9812,4.01456
1754471640,-29.99451,3385.11353,2164.9812,4.01456
1754471700,-29.99451,3385.11353,2164.9812,3.95199
1754471760,-29.99451,3385.11353,2164.9812,3.95199
1754471820,-29.99451,3371.6665,2164.9812,3.95199
1754471880,-29.99451,3385.11353,2164.9812,3.95199
1754471940,-29.99451,3385.11353,2164.9812,3.95199
1754472000,-29.99451,3385.11353,2162.86865,4.01456
1754472060,-29.99451,3371.6665,2160.7561,4.01456
1754472120,-29.99451,3385.11353,2158.64355,4.01456
1754472180,-29.99451,3399.14526,2158.64355,3.95199
1754472240,-29.99451,3385.11353,2154.41846,3.88942
1754472300,-29.99451,3385.11353,2154.41846,3.82685
1754472360,-29.99451,3385.11353,2152.30591,3.76427
1754472420,-29.99451,3385.11353,2148.08081,3.63913
1754472480,-29.99451,3385.11353,2148.08081,3.7017
1754472540,-29.99451,3385.11353,2145.96826,3.7017
1754472600,-29.99451,3385.11353,2143.85571,3.63913
1754472660,-29.99451,3385.11353,2141.74316,3.63913
1754472720,-29.99451,3358.21924,2139.63062,3.63913
1754472780,-29.99451,3371.6665,2137.51807,3.7017
1754472840,-29.99451,3385.11353,2137.51807,3.76427
1754472900,-29.99451,3371.6665,2135.40552,3.7017
1754472960,-29.99451,3371.6665,2133.29297,3.7017
1754473020,-29.99451,3371.6665,2133.29297,3.7017
1754473080,-29.99451,3358.21924,2131.18042,3.7017
1754473140,-29.99451,3371.6665,2129.06787,3.7017
1754473200,-29.99451,3358.21924,2126.95532,3.7017
1754473260,-29.99451,3358.21924,2126.95532,3.63913
1754473320,-29.99451,3371.6665,2126.95532,3.63913
1754473380,-29.99451,3385.11353,2122.73022,3.7017
1754473440,-29.99451,3371.6665,2120.61768,3.76427
1754473500,-29.99451,3385.11353,2120.61768,3.7017
1754473560,-29.99451,3358.21924,2118.50513,3.7017
1754473620,-29.99451,3371.6665,2118.50513,3.7017
1754473680,-29.99451,3385.11353,2116.39258,3.7017
1754473740,-29.99451,3385.11353,2116.39258,3.7017
1754473800,-29.99451,3385.11353,2116.39258,3.7017
1754473860,-29.99451,3371.6665,2114.28003,3.7017
1754473920,-29.99451,3371.6665,2114.28003,3.7017
1754473980,-29.99451,3385.11353,2114.28003,3.82685
1754474040,-29.99451,3385.11353,2114.28003,3.82685
1754474100,-29.99451,3371.6665,2112.16748,3.82685
1754474160,-29.99451,3358.21924,2114.28003,3.76427
1754474220,-29.99451,3371.6665,2114.28003,3.76427
1754474280,-29.99451,3371.6665,2114.28003,3.7017
1754474340,-29.99451,3371.6665,2114.28003,3.7017
1754474400,-29.99451,3385.11353,2114.28003,3.76427
1754474460,-29.99451,3358.21924,2114.28003,3.7017
1754474520,-29.99451,3358.21924,2116.39258,3.7017
1754474580,-29.99451,3358.21924,2116.39258,3.76427
1754474640,-29.99451,3358.21924,2116.39258,3.7017
1754474700,-29.99451,3385.11353,2116.39258,3.76427
1754474760,-29.99451,3385.11353,2116.39258,3.76427
1754474820,-29.99451,3385.11353,2118.50513,3.76427
1754474880,-29.99451,3385.11353,2118.50513,3.76427
1754474940,-29.99451,3371.6665,2120.61768,3.76427
1754475000,-29.99451,3399.14526,2120.61768,3.82685
1754475060,-29.99451,3371.6665,2122.73022,3.82685
1754475120,-29.99451,3358.21924,2124.84277,3.88942
1754475180,-29.99451,3371.6665,2126.95532,3.88942
1754475240,-29.99451,3371.6665,2129.06787,3.88942
1754475300,-29.99451,3371.6665,2131.18042,4.01456
1754475360,-29.99451,3371.6665,2131.18042,4.07714
1754475420,-29.99451,3371.6665,2135.40552,4.13971
1754475480,-29.99451,3371.6665,2137.51807,4.13971
1754475540,-29.99451,3358.21924,2137.51807,4.07714
1754475600,-29.99451,3358.21924,2141.74316,4.07714
1754475660,-29.99451,3371.6665,2143.85571,4.13971
1754475720,-29.99451,3371.6665,2145.96826,4.13971
1754475780,-29.99451,3371.6665,2145.96826,4.07714
1754475840,-29.99451,3358.21924,2150.19336,4.13971
1754475900,-29.99451,3358.21924,2152.30591,4.13971
1754475960,-29.99451,3385.11353,2154.41846,4.20228
1754476020,-29.99451,3371.6665,2156.53101,4.13971
1754476080,-29.99451,3371.6665,2156.53101,4.13971
1754476140,-29.99451,3371.6665,2156.53101,4.13971
1754476200,-29.99451,3371.6665,2156.53101,4.13971
1754476260,-29.99451,3358.21924,2164.9812,4.20228
1754476320,-29.99451,3371.6665,2164.9812,4.07714
1754476380,-29.99451,3371.6665,2167.09375,4.13971
1754476440,-29.99451,3358.21924,2167.09375,4.13971
1754476500,-29.99451,3371.6665,2169.2063,4.13971
1754476560,-29.99451,3371.6665,2167.09375,4.13971
1754476620,-29.99451,3385.11353,2167.09375,4.13971
1754476680,-29.99451,3371.6665,2167.09375,4.07714
1754476740,-29.99451,3358.21924,2167.09375,4.07714
1754476800,-29.99451,3385.11353,2164.9812,4.13971
1754476860,-29.99451,3371.6665,2164.9812,4.13971
1754476920,-29.99451,3371.6665,2162.86865,4.07714
1754476980,-29.99451,3371.6665,2164.9812,4.01456
1754477040,-29.99451,3371.6665,2162.86865,3.95199
1754477100,-29.99451,3358.21924,2164.9812,3.88942
1754477160,-29.99451,3358.21924,2162.86865,3.82685
1754477220,-29.99451,3385.11353,2162.86865,3.82685
1754477280,-29.99451,3371.6665,2162.86865,3.76427
1754477340,-29.99451,3385.11353,2162.86865,3.76427
1754477400,-29.99451,3385.11353,2162.86865,3.76427
1754477460,-29.99451,3371.6665,2162.86865,3.76427
1754477520,-29.99451,3371.6665,2162.86865,3.82685
1754477580,-29.99451,3371.6665,2160.7561,3.82685
1754477640,-29.99451,3371.6665,2158.64355,3.88942
1754477700,-29.99451,3385.11353,2158.64355,3.88942
1754477760,-29.99451,3371.6665,2156.53101,3.88942
1754477820,-29.99451,3358.21924,2154.41846,3.82685
1754477880,-29.99451,3371.6665,2152.30591,3.76427
1754477940,-29.99451,3371.6665,2150.19336,3.63913
1754478000,-29.99451,3371.6665,2148.08081,3.63913
1754478060,-29.99451,3385.11353,2145.96826,3.63913
1754478120,-29.99451,3371.6665,2143.85571,3.7017
1754478180,-29.99451,3385.11353,2141.74316,3.7017
1754478240,-29.99451,3385.11353,2139.63062,3.7017
1754478300,-29.99451,3385.11353,2139.63062,3.63913
1754478360,-29.99451,3385.11353,2137.51807,3.7017
1754478420,-29.99451,3371.6665,2135.40552,3.63913
1754478480,-29.99451,3385.11353,2135.40552,3.7017
1754478540,-29.99451,3385.11353,2131.18042,3.7017
1754478600,-29.99451,3371.6665,2131.18042,3.7017
1754478660,-29.99451,3371.6665,2129.06787,3.63913
1754478720,-29.99451,3371.6665,2129.06787,3.7017
1754478780,-29.99451,3371.6665,2126.95532,3.63913
1754478840,-29.99451,3371.6665,2126.95532,3.63913
1754478900,-29.99451,3385.11353,2124.84277,3.7017
1754478960,-29.99451,3385.11353,2122.73022,3.7017
1754479020,-29.99451,3385.11353,2120.61768,3.76427
1754479080,-29.99451,3385.11353,2120.61768,3.7017
1754479140,-29.99451,3371.6665,2118.50513,3.7017
1754479200,-29.99451,3358.21924,2116.39258,3.7017
1754479260,-29.99451,3358.21924,2116.39258,3.7017
1754479320,-29.99451,3371.6665,2114.28003,3.76427
1754479380,-29.99451,3385.11353,2114.28003,3.7017
1754479440,-29.99451,3358.21924,2112.16748,3.7017
1754479500,-29.99451,3358.21924,2112.16748,3.7017
1754479560,-29.99451,3358.21924,2112.16748,3.7017
1754479620,-29.99451,3371.6665,2112.16748,3.76427
1754479680,-29.99451,3385.11353,2112.16748,3.7017
1754479740,-29.99451,3385.11353,2112.16748,3.76427
1754479800,-29.99451,3358.21924,2112.16748,3.76427
1754479860,-29.99451,3371.6665,2112.16748,3.76427
1754479920,-29.99451,3385.11353,2112.16748,3.76427
1754479980,-29.99451,3385.11353,2114.28003,3.7017
1754480040,-29.99451,3371.6665,2114.28003,3.7017
1754480100,-29.99451,3371.6665,2114.28003,3.7017
1754480160,-29.99451,3371.6665,2114.28003,3.7017
1754480220,-29.99451,3371.6665,2114.28003,3.76427
1754480280,-29.99451,3371.6665,2114.28003,3.76427
1754480340,-29.99451,3358.21924,2116.39258,3.82685
1754480400,-29.99451,3371.6665,2118.50513,3.82685
1754480460,-29.99451,3371.6665,2118.50513,3.88942
1754480520,-29.99451,3358.21924,2118.50513,3.88942
1754480580,-29.99451,3371.6665,2120.61768,3.95199
1754480640,-29.99451,3358.21924,2122.73022,3.95199
1754480700,-29.99451,3385.11353,2124.84277,4.01456
1754480760,-29.99451,3371.6665,2124.84277,4.07714
1754480820,-29.99451,3371.6665,2129.06787,4.13971
1754480880,-29.99451,3358.21924,2131.18042,4.13971
1754480940,-29.99451,3358.21924,2133.29297,4.13971
1754481000,-29.99451,3358.21924,2135.40552,4.07714
1754481060,-29.99451,3358.21924,2137.51807,4.07714
1754481120,-29.99451,3385.11353,2139.63062,4.07714
1754481180,-29.99451,3371.6665,2141.74316,4.13971
1754481240,-29.99451,3371.6665,2143.85571,4.07714
1754481300,-29.99451,3385.11353,2148.08081,4.13971
1754481360,-29.99451,3385.11353,2148.08081,4.13971
1754481420,-29.99451,3358.21924,2152.30591,4.13971
1754481480,-29.99451,3371.6665,2154.41846,4.13971
1754481540,-29.99451,3385.11353,2156.53101,4.07714
1754481600,-29.99451,3371.6665,2158.64355,4.07714
1754481660,-29.99451,3385.11353,2158.64355,4.01456
1754481720,-29.99451,3385.11353,2158.64355,4.01456
1754481780,-29.99451,3385.11353,2158.64355,4.01456
1754481840,-29.99451,3385.11353,2158.64355,4.01456
1754481900,-29.99451,3385.11353,2158.64355,4.01456
1754481960,-29.99451,3385.11353,2158.64355,4.01456
1754482020,-29.99451,3385.11353,2158.64355,4.01456
1754482080,-29.99451,3385.11353,2158.64355,4.01456
1754482140,-29.99451,3385.11353,2158.64355,4.01456
1754482200,-29.99451,3385.11353,2158.64355,4.01456
1754482260,-29.99451,3385.11353,2158.64355,4.01456
1754482320,-29.99451,3358.21924,2173.4314,4.13971
1754482380,-29.99451,3371.6665,2173.4314,4.13971
1754482440,-29.99451,3385.11353,2173.4314,4.13971
1754482500,-29.99451,3385.11353,2173.4314,4.13971
1754482560,-29.99451,3385.11353,2173.4314,4.07714
1754482620,-29.99451,3371.6665,2171.31885,4.01456
1754482680,-29.99451,3371.6665,2171.31885,3.95199
1754482740,-29.99451,3371.6665,2171.31885,4.01456
1754482800,-29.99451,3371.6665,2171.31885,3.95199
1754482860,-29.99451,3385.11353,2171.31885,3.95199
1754482920,-29.99451,3385.11353,2173.4314,3.95199
1754482980,-29.99451,3385.11353,2171.31885,3.95199
1754483040,-29.99451,3371.6665,2171.31885,3.95199
1754483100,-29.99451,3371.6665,2171.31885,3.95199
1754483160,-29.99451,3371.6665,2169.2063,4.01456
1754483220,-29.99451,3385.11353,2169.2063,4.01456
1754483280,-29.99451,3385.11353,2164.9812,4.01456
1754483340,-29.99451,3385.11353,2164.9812,3.95199
1754483400,-29.99451,3385.11353,2160.7561,3.88942
1754483460,-29.99451,3371.6665,2158.64355,3.76427
1754483520,-29.99451,3385.11353,2156.53101,3.63913
1754483580,-29.99451,3385.11353,2154.41846,3.63913
1754483640,-29.99451,3371.6665,2152.30591,3.63913
1754483700,-29.99451,3385.11353,2150.19336,3.63913
1754483760,-29.99451,3385.11353,2148.08081,3.7017
1754483820,-29.99451,3385.11353,2145.96826,3.63913
1754483880,-29.99451,3371.6665,2143.85571,3.63913
1754483940,-29.99451,3385.11353,2143.85571,3.7017
1754484000,-29.99451,3371.6665,2141.74316,3.63913
1754484060,-29.99451,3371.6665,2139.63062,3.7017
1754484120,-29.99451,3385.11353,2137.51807,3.7017
1754484180,-29.99451,3371.6665,2135.40552,3.7017
1754484240,-29.99451,3371.6665,2135.40552,3.63913
1754484300,-29.99451,3385.11353,2133.29297,3.76427
1754484360,-29.99451,3385.11353,2131.18042,3.7017
1754484420,-29.99451,3385.11353,2131.18042,3.63913
1754484480,-29.99451,3371.6665,2129.06787,3.7017
1754484540,-29.99451,3399.14526,2126.95532,3.7017
1754484600,-29.99451,3385.11353,2124.84277,3.63913
1754484660,-29.99451,3358.21924,2124.84277,3.63913
1754484720,-29.99451,3371.6665,2122.73022,3.7017
1754484780,-29.99451,3371.6665,2122.73022,3.7017
1754484840,-29.99451,3385.11353,2120.61768,3.63913
1754484900,-29.99451,3371.6665,2118.50513,3.7017
1754484960,-29.99451,3371.6665,2118.50513,3.7017
1754485020,-29.99451,3371.6665,2116.39258,3.7017
1754485080,-29.99451,3385.11353,2116.39258,3.7017
1754485140,-29.99451,3371.6665,2116.39258,3.7017
1754485200,-29.99451,3385.11353,2116.39258,3.7017
1754485260,-29.99451,3371.6665,2116.39258,3.7017
1754485320,-29.99451,3371.6665,2116.39258,3.7017
1754485380,-29.99451,3371.6665,2116.39258,3.76427
1754485440,-29.99451,3371.6665,2116.39258,3.7017
1754485500,-29.99451,3344.77222,2118.50513,3.76427
1754485560,-29.99451,3371.6665,2118.50513,3.76427
1754485620,-29.99451,3385.11353,2118.50513,3.76427
1754485680,-29.99451,3385.11353,2118.50513,3.82685
1754485740,-29.99451,3371.6665,2120.61768,3.82685
1754485800,-29.99451,3371.6665,2120.61768,3.82685
1754485860,-29.99451,3358.21924,2120.61768,3.82685
1754485920,-29.99451,3371.6665,2120.61768,3.88942
1754485980,-29.99451,3358.21924,2122.73022,3.88942
1754486040,-29.99451,3385.11353,2122.73022,3.88942
1754486100,-29.99451,3358.21924,2124.84277,3.95199
1754486160,-29.99451,3371.6665,2124.84277,3.95199
1754486220,-29.99451,3371.6665,2126.95532,4.01456
1754486280,-29.99451,3371.6665,2126.95532,4.01456
1754486340,-29.99451,3371.6665,2129.06787,4.07714
1754486400,-29.99451,3385.11353,2131.18042,4.13971
1754486460,-29.99451,3358.21924,2133.29297,4.13971
1754486520,-29.99451,3399.14526,2135.40552,4.07714
1754486580,-29.99451,3371.6665,2137.51807,4.13971
1754486640,-29.99451,3371.6665,2139.63062,4.13971
1754486700,-29.99451,3358.21924,2141.74316,4.07714
1754486760,-29.99451,3371.6665,2143.85571,4.13971
1754486820,-29.99451,3371.6665,2145.96826,4.07714
1754486880,-29.99451,3371.6665,2145.96826,4.07714
1754486940,-29.99451,3371.6665,2148.08081,4.13971
1754487000,-29.99451,3371.6665,2152.30591,4.07714
1754487060,-29.99451,3371.6665,2154.41846,4.07714
1754487120,-29.99451,3371.6665,2154.41846,4.13971
1754487180,-29.99451,3371.6665,2156.53101,4.13971
1754487240,-29.99451,3385.11353,2158.64355,4.07714
1754487300,-29.99451,3371.6665,2160.7561,4.07714
1754487360,-29.99451,3371.6665,2160.7561,4.07714
1754487420,-29.99451,3358.21924,2162.86865,4.13971
1754487480,-29.99451,3385.11353,2164.9812,4.13971
1754487540,-29.99451,3371.6665,2167.09375,4.13971
1754487600,-29.99451,3371.6665,2169.2063,4.13971
1754487660,-29.99451,3385.11353,2169.2063,4.13971
1754487720,-29.99451,3371.6665,2169.2063,4.13971
1754487780,-29.99451,3371.6665,2171.31885,4.07714
1754487840,-29.99451,3371.6665,2171.31885,4.13971
1754487900,-29.99451,3358.21924,2171.31885,4.13971
1754487960,-29.99451,3385.11353,2171.31885,4.07714
1754488020,-29.99451,3385.11353,2171.31885,4.07714
1754488080,-29.99451,3385.11353,2171.31885,4.07714
1754488140,-29.99451,3358.21924,2173.4314,4.13971
1754488200,-29.99451,3358.21924,2173.4314,4.13971
1754488260,-29.99451,3385.11353,2173.4314,4.07714
1754488320,-29.99451,3371.6665,2173.4314,4.07714
1754488380,-29.99451,3385.11353,2173.4314,4.07714
1754488440,-29.99451,3399.14526,2173.4314,4.01456
1754488500,-29.99451,3385.11353,2173.4314,4.01456
1754488560,-29.99451,3385.11353,2173.4314,4.01456
1754488620,-29.99451,3371.6665,2171.31885,4.07714
1754488680,-29.99451,3385.11353,2169.2063,4.07714
1754488740,-29.99451,3385.11353,2167.09375,4.07714
1754488800,-29.99451,3385.11353,2167.09375,4.13971
1754488860,-29.99451,3344.77222,2162.86865,4.01456
1754488920,-29.99451,3371.6665,2160.7561,3.95199
1754488980,-29.99451,3385.11353,2158.64355,3.82685
1754489040,-29.99451,3385.11353,2156.53101,3.7017
1754489100,-29.99451,3385.11353,2154.41846,3.63913
1754489160,-29.99451,3358.21924,2150.19336,3.63913
1754489220,-29.99451,3371.6665,2150.19336,3.63913
1754489280,-29.99451,3385.11353,2148.08081,3.63913
1754489340,-29.99451,3385.11353,2143.85571,3.7017
1754489400,-29.99451,3385.11353,2143.85571,3.7017
1754489460,-29.99451,3385.11353,2141.74316,3.7017
1754489520,-29.99451,3371.6665,2139.63062,3.7017
1754489580,-29.99451,3385.11353,2137.51807,3.63913
1754489640,-29.99451,3385.11353,2135.40552,3.63913
1754489700,-29.99451,3385.11353,2133.29297,3.7017
1754489760,-29.99451,3371.6665,2131.18042,3.7017
1754489820,-29.99451,3371.6665,2131.18042,3.7017
1754489880,-29.99451,3358.21924,2129.06787,3.7017
1754489940,-29.99451,3385.11353,2126.95532,3.63913
1754490000,-29.99451,3385.11353,2126.95532,3.7017
1754490060,-29.99451,3371.6665,2124.84277,3.63913
1754490120,-29.99451,3358.21924,2122.73022,3.7017
1754490180,-29.99451,3358.21924,2120.61768,3.76427
1754490240,-29.99451,3371.6665,2120.61768,3.7017
1754490300,-29.99451,3358.21924,2118.50513,3.7017
1754490360,-29.99451,3371.6665,2118.50513,3.7017
1754490420,-29.99451,3371.6665,2116.39258,3.7017
1754490480,-29.99451,3385.11353,2116.39258,3.7017
1754490540,-29.99451,3385.11353,2114.28003,3.63913
1754490600,-29.99451,3371.6665,2114.28003,3.7017
1754490660,-29.99451,3385.11353,2114.28003,3.63913
1754490720,-29.99451,3385.11353,2114.28003,3.76427
1754490780,-29.99451,3371.6665,2112.16748,3.76427
1754490840,-29.99451,3358.21924,2112.16748,3.7017
1754490900,-29.99451,3371.6665,2114.28003,3.76427
1754490960,-29.99451,3385.11353,2112.16748,3.76427
1754491020,-29.99451,3358.21924,2114.28003,3.76427
1754491080,-29.99451,3371.6665,2114.28003,3.7017
1754491140,-29.99451,3385.11353,2114.28003,3.7017
1754491200,-29.99451,3385.11353,2116.39258,3.7017
1754491260,-29.99451,3371.6665,2116.39258,3.76427
1754491320,-29.99451,3385.11353,2116.39258,3.76427
1754491380,-29.99451,3371.6665,2116.39258,3.76427
1754491440,-29.99451,3358.21924,2118.50513,3.76427
1754491500,-29.99451,3371.6665,2118.50513,3.76427
1754491560,-29.99451,3385.11353,2118.50513,3.82685
1754491620,-29.99451,3371.6665,2120.61768,3.82685
1754491680,-29.99451,3371.6665,2120.61768,3.88942
1754491740,-29.99451,3371.6665,2120.61768,3.88942
1754491800,-29.99451,3358.21924,2122.73022,3.95199
1754491860,-29.99451,3371.6665,2124.84277,4.01456
1754491920,-29.99451,3358.21924,2124.84277,4.01456
1754491980,-29.99451,3385.11353,2126.95532,4.07714
1754492040,-29.99451,3385.11353,2129.06787,4.13971
1754492100,-29.99451,3371.6665,2129.06787,4.20228
1754492160,-29.99451,3371.6665,2133.29297,4.07714
1754492220,-29.99451,3371.6665,2135.40552,4.07714
1754492280,-29.99451,3371.6665,2137.51807,4.07714
1754492340,-29.99451,3358.21924,2137.51807,4.07714
1754492400,-29.99451,3371.6665,2141.74316,4.07714
1754492460,-29.99451,3371.6665,2141.74316,4.07714
1754492520,-29.99451,3358.21924,2145.96826,4.13971
1754492580,-29.99451,3371.6665,2148.08081,4.13971
1754492640,-29.99451,3358.21924,2148.08081,4.13971
1754492700,-29.99451,3358.21924,2150.19336,4.07714
1754492760,-29.99451,3371.6665,2152.30591,4.07714
1754492820,-29.99451,3371.6665,2154.41846,4.13971
1754492880,-29.99451,3358.21924,2154.41846,4.07714
1754492940,-29.99451,3371.6665,2158.64355,4.13971
1754493000,-29.99451,3358.21924,2158.64355,4.13971
1754493060,-29.99451,3358.21924,2158.64355,4.13971
1754493120,-29.99451,3371.6665,2160.7561,4.13971
1754493180,-29.99451,3385.11353,2162.86865,4.13971
1754493240,-29.99451,3371.6665,2162.86865,4.13971
1754493300,-29.99451,3371.6665,2162.86865,4.20228
1754493360,-29.99451,3371.6665,2164.9812,4.07714
1754493420,-29.99451,3385.11353,2162.86865,4.07714
1754493480,-29.99451,3371.6665,2164.9812,4.07714
1754493540,-29.99451,3371.6665,2164.9812,4.13971
1754493600,-29.99451,3371.6665,2167.09375,4.13971
1754493660,-29.99451,3371.6665,2167.09375,4.13971
1754493720,-29.99451,3385.11353,2167.09375,4.07714
1754493780,-29.99451,3385.11353,2167.09375,4.01456
1754493840,-29.99451,3358.21924,2167.09375,4.01456
1754493900,-29.99451,3358.21924,2167.09375,4.01456
1754493960,-29.99451,3371.6665,2169.2063,4.01456
1754494020,-29.99451,3371.6665,2169.2063,4.01456
1754494080,-29.99451,3385.11353,2169.2063,4.07714
1754494140,-29.99451,3371.6665,2169.2063,4.13971
1754494200,-29.99451,3371.6665,2167.09375,4.07714
1754494260,-29.99451,3371.6665,2167.09375,4.13971
1754494320,-29.99451,3358.21924,2164.9812,4.13971
1754494380,-29.99451,3385.11353,2162.86865,4.07714
1754494440,-29.99451,3371.6665,2162.86865,4.01456
1754494500,-29.99451,3414.15479,2160.7561,3.95199
1754494560,-29.99451,3371.6665,2156.53101,3.88942
1754494620,-29.99451,3399.14526,2154.41846,3.76427
1754494680,-29.99451,3399.14526,2152.30591,3.63913
1754494740,-29.99451,3385.11353,2150.19336,3.63913
1754494800,-29.99451,3371.6665,2148.08081,3.63913
1754494860,-29.99451,3385.11353,2145.96826,3.63913
1754494920,-29.99451,3371.6665,2143.85571,3.63913
1754494980,-29.99451,3371.6665,2141.74316,3.63913
1754495040,-29.99451,3385.11353,2139.63062,3.7017
1754495100,-29.99451,3371.6665,2137.51807,3.7017
1754495160,-29.99451,3371.6665,2135.40552,3.7017
1754495220,-29.99451,3385.11353,2133.29297,3.7017
1754495280,-29.99451,3358.21924,2131.18042,3.7017
1754495340,-29.99451,3385.11353,2131.18042,3.7017
1754495400,-29.99451,3371.6665,2129.06787,3.7017
1754495460,-29.99451,3371.6665,2126.95532,3.63913
1754495520,-29.99451,3385.11353,2124.84277,3.7017
1754495580,-29.99451,3371.6665,2122.73022,3.76427
1754495640,-29.99451,3371.6665,2122.73022,3.76427
1754495700,-29.99451,3371.6665,2122.73022,3.76427
1754495760,-29.99451,3358.21924,2118.50513,3.7017
1754495820,-29.99451,3371.6665,2118.50513,3.7017
1754495880,-29.99451,3358.21924,2116.39258,3.76427
1754495940,-29.99451,3385.11353,2116.39258,3.7017
1754496000,-29.99451,3371.6665,2114.28003,3.7017
1754496060,-29.99451,3371.6665,2114.28003,3.63913
1754496120,-29.99451,3358.21924,2114.28003,3.76427
1754496180,-29.99451,3385.11353,2112.16748,3.7017
1754496240,-29.99451,3371.6665,2112.16748,3.7017
1754496300,-29.99451,3371.6665,2110.05493,3.7017
1754496360,-29.99451,3399.14526,2110.05493,3.76427
1754496420,-29.99451,3371.6665,2110.05493,3.7017
1754496480,-29.99451,3385.11353,2112.16748,3.7017
1754496540,-29.99451,3385.11353,2110.05493,3.7017
1754496600,-29.99451,3371.6665,2112.16748,3.7017
1754496660,-29.99451,3385.11353,2110.05493,3.7017
1754496720,-29.99451,3371.6665,2112.16748,3.7017
1754496780,-29.99451,3371.6665,2112.16748,3.7017
1754496840,-29.99451,3358.21924,2114.28003,3.76427
1754496900,-29.99451,3358.21924,2114.28003,3.76427
1754496960,-29.99451,3358.21924,2114.28003,3.76427
1754497020,-29.99451,3371.6665,2116.39258,3.82685
1754497080,-29.99451,3385.11353,2116.39258,3.82685
1754497140,-29.99451,3371.6665,2118.50513,3.88942
1754497200,-29.99451,3358.21924,2118.50513,3.95199
1754497260,-29.99451,3371.6665,2120.61768,4.01456
1754497320,-29.99451,3358.21924,2122.73022,4.07714
1754497380,-29.99451,3358.21924,2124.84277,4.13971
1754497440,-29.99451,3371.6665,2126.95532,4.20228
1754497500,-29.99451,3371.6665,2129.06787,4.07714
1754497560,-29.99451,3371.6665,2129.06787,4.13971
1754497620,-29.99451,3385.11353,2131.18042,4.13971
1754497680,-29.99451,3371.6665,2135.40552,4.01456
1754497740,-29.99451,3371.6665,2135.40552,4.07714
1754497800,-29.99451,3371.6665,2137.51807,4.07714
1754497860,-29.99451,3358.21924,2141.74316,4.13971
1754497920,-29.99451,3358.21924,2141.74316,4.13971
1754497980,-29.99451,3371.6665,2145.96826,4.13971
1754498040,-29.99451,3371.6665,2148.08081,4.07714
1754498100,-29.99451,3371.6665,2150.19336,4.13971
1754498160,-29.99451,3371.6665,2150.19336,4.13971
1754498220,-29.99451,3358.21924,2154.41846,4.01456
1754498280,-29.99451,3385.11353,2156.53101,4.07714
1754498340,-29.99451,3371.6665,2158.64355,4.07714
1754498400,-29.99451,3385.11353,2158.64355,4.13971
1754498460,-29.99451,3371.6665,2160.7561,4.13971
1754498520,-29.99451,3371.6665,2162.86865,4.13971
1754498580,-29.99451,3399.14526,2162.86865,4.13971
1754498640,-29.99451,3385.11353,2162.86865,4.13971
1754498700,-29.99451,3371.6665,2164.9812,4.07714
1754498760,-29.99451,3371.6665,2167.09375,4.13971
1754498820,-29.99451,3371.6665,2167.09375,4.07714
1754498880,-29.99451,3385.11353,2167.09375,4.07714
1754498940,-29.99451,3371.6665,2167.09375,4.13971
1754499000,-29.99451,3371.6665,2169.2063,4.13971
1754499060,-29.99451,3371.6665,2169.2063,4.13971
1754499120,-29.99451,3371.6665,2169.2063,4.07714
1754499180,-29.99451,3385.11353,2169.2063,4.07714
1754499240,-29.99451,3371.6665,2169.2063,4.07714
1754499300,-29.99451,3371.6665,2169.2063,4.13971
1754499360,-29.99451,3385.11353,2169.2063,4.07714
1754499420,-29.99451,3385.11353,2171.31885,4.07714
1754499480,-29.99451,3371.6665,2169.2063,4.07714
1754499540,-29.99451,3371.6665,2171.31885,4.07714
1754499600,-29.99451,3385.11353,2171.31885,4.01456
1754499660,-29.99451,3385.11353,2171.31885,4.07714
1754499720,-29.99451,3358.21924,2171.31885,4.07714
1754499780,-29.99451,3385.11353,2169.2063,4.13971
1754499840,-29.99451,3385.11353,2169.2063,4.13971
1754499900,-29.99451,3399.14526,2169.2063,4.13971
1754499960,-29.99451,3385.11353,2167.09375,4.13971
1754500020,-29.99451,3385.11353,2164.9812,4.07714
1754500080,-29.99451,3385.11353,2162.86865,4.01456
1754500140,-29.99451,3371.6665,2160.7561,3.95199
1754500200,-29.99451,3371.6665,2158.64355,3.88942
1754500260,-29.99451,3371.6665,2156.53101,3.76427
1754500320,-29.99451,3385.11353,2154.41846,3.57656
1754500380,-29.99451,3385.11353,2152.30591,3.63913
1754500440,-29.99451,3371.6665,2150.19336,3.7017
1754500500,-29.99451,3371.6665,2148.08081,3.7017
1754500560,-29.99451,3385.11353,2143.85571,3.63913
1754500620,-29.99451,3371.6665,2143.85571,3.7017
1754500680,-29.99451,3385.11353,2141.74316,3.7017
1754500740,-29.99451,3399.14526,2139.63062,3.7017
1754500800,-29.99451,3385.11353,2137.51807,3.7017
1754500860,-29.99451,3358.21924,2135.40552,3.7017
1754500920,-29.99451,3385.11353,2133.29297,3.7017
1754500980,-29.99451,3371.6665,2131.18042,3.7017
1754501040,-29.99451,3371.6665,2129.06787,3.7017
1754501100,-29.99451,3371.6665,2126.95532,3.63913
1754501160,-29.99451,3385.11353,2126.95532,3.7017
1754501220,-29.99451,3385.11353,2124.84277,3.7017
1754501280,-29.99451,3385.11353,2122.73022,3.7017
1754501340,-29.99451,3385.11353,2120.61768,3.7017
1754501400,-29.99451,3371.6665,2120.61768,3.76427
1754501460,-29.99451,3371.6665,2118.50513,3.7017
1754501520,-29.99451,3385.11353,2118.50513,3.7017
1754501580,-29.99451,3371.6665,2116.39258,3.63913
1754501640,-29.99451,3358.21924,2116.39258,3.7017
1754501700,-29.99451,3371.6665,2116.39258,3.7017
1754501760,-29.99451,3371.6665,2114.28003,3.7017
1754501820,-29.99451,3385.11353,2114.28003,3.7017
1754501880,-29.99451,3371.6665,2114.28003,3.7017
1754501940,-29.99451,3385.11353,2114.28003,3.7017
1754502000,-29.99451,3385.11353,2114.28003,3.63913
1754502060,-29.99451,3371.6665,2114.28003,3.76427
1754502120,-29.99451,3358.21924,2114.28003,3.76427
1754502180,-29.99451,3358.21924,2114.28003,3.82685
1754502240,-29.99451,3371.6665,2116.39258,3.82685
1754502300,-29.99451,3358.21924,2116.39258,3.82685
1754502360,-29.99451,3371.6665,2116.39258,3.82685
1754502420,-29.99451,3371.6665,2118.50513,3.76427
1754502480,-29.99451,3371.6665,2118.50513,3.76427
1754502540,-29.99451,3371.6665,2118.50513,3.82685
1754502600,-29.99451,3358.21924,2118.50513,3.82685
1754502660,-29.99451,3371.6665,2120.61768,3.76427
1754502720,-29.99451,3358.21924,2120.61768,3.82685
1754502780,-29.99451,3358.21924,2122.73022,3.88942
1754502840,-29.99451,3371.6665,2124.84277,3.88942
1754502900,-29.99451,3358.21924,2124.84277,3.95199
1754502960,-29.99451,3371.6665,2129.06787,4.01456
1754503020,-29.99451,3371.6665,2129.06787,4.07714
1754503080,-29.99451,3358.21924,2129.06787,4.07714
1754503140,-29.99451,3371.6665,2133.29297,4.13971
1754503200,-29.99451,3385.11353,2135.40552,4.07714
1754503260,-29.99451,3358.21924,2137.51807,4.13971
1754503320,-29.99451,3371.6665,2139.63062,4.07714
1754503380,-29.99451,3371.6665,2139.63062,4.07714
1754503440,-29.99451,3358.21924,2143.85571,4.13971
1754503500,-29.99451,3371.6665,2143.85571,4.07714
1754503560,-29.99451,3371.6665,2148.08081,4.13971
1754503620,-29.99451,3371.6665,2150.19336,4.13971
1754503680,-29.99451,3371.6665,2152.30591,4.07714
1754503740,-29.99451,3371.6665,2152.30591,4.13971
1754503800,-29.99451,3371.6665,2156.53101,4.07714
1754503860,-29.99451,3385.11353,2156.53101,4.13971
1754503920,-29.99451,3385.11353,2158.64355,4.13971
1754503980,-29.99451,3385.11353,2160.7561,4.13971
1754504040,-29.99451,3371.6665,2162.86865,4.01456
1754504100,-29.99451,3371.6665,2162.86865,4.13971
1754504160,-29.99451,3344.77222,2162.86865,4.13971
1754504220,-29.99451,3385.11353,2164.9812,4.13971
1754504280,-29.99451,3371.6665,2164.9812,4.13971
1754504340,-29.99451,3371.6665,2164.9812,4.13971
1754504400,-29.99451,3371.6665,2167.09375,4.07714
1754504460,-29.99451,3371.6665,2167.09375,4.13971
1754504520,-29.99451,3371.6665,2167.09375,4.13971
1754504580,-29.99451,3371.6665,2167.09375,4.07714
1754504640,-29.99451,3385.11353,2167.09375,4.07714
1754504700,-29.99451,3371.6665,2167.09375,4.07714
1754504760,-29.99451,3371.6665,2169.2063,4.07714
1754504820,-29.99451,3385.11353,2169.2063,4.13971
1754504880,-29.99451,3371.6665,2169.2063,4.13971
1754504940,-29.99451,3385.11353,2169.2063,4.07714
1754505000,-29.99451,3385.11353,2171.31885,4.07714
1754505060,-29.99451,3358.21924,2171.31885,4.07714
1754505120,-29.99451,3385.11353,2171.31885,4.07714
1754505180,-29.99451,3385.11353,2173.4314,4.13971
1754505240,-29.99451,3371.6665,2173.4314,4.13971
1754505300,-29.99451,3371.6665,2173.4314,4.07714
1754505360,-29.99451,3371.6665,2173.4314,4.13971
1754505420,-29.99451,3385.11353,2173.4314,4.13971
1754505480,-29.99451,3358.21924,2169.2063,4.13971
1754505540,-29.99451,3385.11353,2167.09375,4.07714
1754505600,-29.99451,3385.11353,2164.9812,4.07714
1754505660,-29.99451,3385.11353,2162.86865,4.01456
1754505720,-29.99451,3371.6665,2158.64355,3.88942
1754505780,-29.99451,3385.11353,2158.64355,3.76427
1754505840,-29.99451,3385.11353,2154.41846,3.63913
1754505900,-29.99451,3385.11353,2152.30591,3.63913
1754505960,-29.99451,3385.11353,2150.19336,3.63913
1754506020,-29.99451,3385.11353,2148.08081,3.63913
1754506080,-29.99451,3385.11353,2145.96826,3.63913
1754506140,-29.99451,3371.6665,2145.96826,3.63913
1754506200,-29.99451,3399.14526,2143.85571,3.63913
1754506260,-29.99451,3399.14526,2141.74316,3.7017
1754506320,-29.99451,3358.21924,2139.63062,3.63913
1754506380,-29.99451,3371.6665,2137.51807,3.7017
1754506440,-29.99451,3371.6665,2135.40552,3.7017
1754506500,-29.99451,3371.6665,2133.29297,3.7017
1754506560,-29.99451,3385.11353,2131.18042,3.63913
1754506620,-29.99451,3371.6665,2131.18042,3.7017
1754506680,-29.99451,3385.11353,2126.95532,3.7017
1754506740,-29.99451,3371.6665,2124.84277,3.63913
1754506800,-29.99451,3385.11353,2124.84277,3.7017
1754506860,-29.99451,3371.6665,2122.73022,3.63913
1754506920,-29.99451,3385.11353,2120.61768,3.63913
1754506980,-29.99451,3358.21924,2118.50513,3.7017
1754507040,-29.99451,3371.6665,2118.50513,3.7017
1754507100,-29.99451,3385.11353,2116.39258,3.63913
1754507160,-29.99451,3385.11353,2116.39258,3.7017
1754507220,-29.99451,3371.6665,2114.28003,3.7017
1754507280,-29.99451,3385.11353,2114.28003,3.7017
1754507340,-29.99451,3371.6665,2114.28003,3.7017
1754507400,-29.99451,3371.6665,2114.28003,3.7017
1754507460,-29.99451,3371.6665,2114.28003,3.76427
1754507520,-29.99451,3358.21924,2112.16748,3.76427
1754507580,-29.99451,3371.6665,2114.28003,3.7017
1754507640,-29.99451,3371.6665,2112.16748,3.7017
1754507700,-29.99451,3371.6665,2114.28003,3.63913
1754507760,-29.99451,3371.6665,2114.28003,3.7017
1754507820,-29.99451,3371.6665,2116.39258,3.7017
1754507880,-29.99451,3371.6665,2116.39258,3.7017
1754507940,-29.99451,3358.21924,2116.39258,3.76427
1754508000,-29.99451,3385.11353,2116.39258,3.76427
1754508060,-29.99451,3385.11353,2118.50513,3.76427
1754508120,-29.99451,3399.14526,2118.50513,3.76427
1754508180,-29.99451,3358.21924,2118.50513,3.7017
1754508240,-29.99451,3385.11353,2118.50513,3.7017
1754508300,-29.99451,3371.6665,2118.50513,3.7017
1754508360,-29.99451,3344.77222,2120.61768,3.7017
1754508420,-29.99451,3371.6665,2122.73022,3.7017
1754508480,-29.99451,3371.6665,2124.84277,3.76427
1754508540,-29.99451,3385.11353,2124.84277,3.82685
1754508600,-29.99451,3371.6665,2124.84277,3.82685
1754508660,-29.99451,3358.21924,2126.95532,3.88942
1754508720,-29.99451,3358.21924,2129.06787,3.95199
1754508780,-29.99451,3371.6665,2131.18042,3.95199
1754508840,-29.99451,3358.21924,2133.29297,4.01456
1754508900,-29.99451,3371.6665,2135.40552,4.07714
1754508960,-29.99451,3371.6665,2135.40552,4.13971
1754509020,-29.99451,3358.21924,2137.51807,4.13971
1754509080,-29.99451,3385.11353,2139.63062,4.13971
1754509140,-29.99451,3371.6665,2143.85571,4.13971
1754509200,-29.99451,3358.21924,2145.96826,4.07714
1754509260,-29.99451,3358.21924,2148.08081,4.13971
1754509320,-29.99451,3371.6665,2148.08081,4.07714
1754509380,-29.99451,3371.6665,2150.19336,4.07714
1754509440,-29.99451,3344.77222,2152.30591,4.13971
1754509500,-29.99451,3371.6665,2154.41846,4.07714
1754509560,-29.99451,3385.11353,2156.53101,4.07714
1754509620,-29.99451,3371.6665,2158.64355,4.13971
1754509680,-29.99451,3385.11353,2160.7561,4.07714
1754509740,-29.99451,3371.6665,2160.7561,4.13971
1754509800,-29.99451,3385.11353,2160.7561,4.13971
1754509860,-29.99451,3371.6665,2162.86865,4.07714
1754509920,-29.99451,3385.11353,2162.86865,4.13971
1754509980,-29.99451,3385.11353,2162.86865,4.13971
1754510040,-29.99451,3385.11353,2164.9812,4.07714
1754510100,-29.99451,3371.6665,2164.9812,4.13971
1754510160,-29.99451,3385.11353,2164.9812,4.13971
1754510220,-29.99451,3385.11353,2162.86865,4.13971
1754510280,-29.99451,3371.6665,2164.9812,4.07714
1754510340,-29.99451,3371.6665,2164.9812,4.07714
1754510400,-29.99451,3385.11353,2164.9812,4.13971
1754510460,-29.99451,3358.21924,2164.9812,4.13971
1754510520,-29.99451,3371.6665,2164.9812,4.07714
1754510580,-29.99451,3385.11353,2167.09375,4.07714
1754510640,-29.99451,3385.11353,2167.09375,4.01456
1754510700,-29.99451,3385.11353,2169.2063,4.01456
1754510760,-29.99451,3371.6665,2169.2063,4.01456
1754510820,-29.99451,3385.11353,2169.2063,4.07714
1754510880,-29.99451,3371.6665,2169.2063,4.07714
1754510940,-29.99451,3385.11353,2169.2063,4.13971
1754511000,-29.99451,3371.6665,2169.2063,4.13971
1754511060,-29.99451,3371.6665,2167.09375,4.07714
1754511120,-29.99451,3371.6665,2162.86865,4.13971
1754511180,-29.99451,3371.6665,2162.86865,4.01456
1754511240,-29.99451,3371.6665,2160.7561,3.95199
1754511300,-29.99451,3385.11353,2158.64355,3.95199
1754511360,-29.99451,3385.11353,2154.41846,3.82685
1754511420,-29.99451,3371.6665,2152.30591,3.7017
1754511480,-29.99451,3371.6665,2150.19336,3.57656
1754511540,-29.99451,3385.11353,2148.08081,3.63913
1754511600,-29.99451,3385.11353,2145.96826,3.63913
1754511660,-29.99451,3371.6665,2143.85571,3.7017
1754511720,-29.99451,3385.11353,2141.74316,3.7017
1754511780,-29.99451,3399.14526,2141.74316,3.63913
1754511840,-29.99451,3371.6665,2139.63062,3.63913
1754511900,-29.99451,3385.11353,2135.40552,3.7017
1754511960,-29.99451,3385.11353,2135.40552,3.7017
1754512020,-29.99451,3371.6665,2135.40552,3.7017
1754512080,-29.99451,3385.11353,2131.18042,3.63913
1754512140,-29.99451,3385.11353,2131.18042,3.7017
1754512200,-29.99451,3371.6665,2129.06787,3.7017
1754512260,-29.99451,3385.11353,2124.84277,3.7017
1754512320,-29.99451,3371.6665,2124.84277,3.7017
1754512380,-29.99451,3371.6665,2122.73022,3.7017
1754512440,-29.99451,3385.11353,2120.61768,3.7017
1754512500,-29.99451,3371.6665,2118.50513,3.7017
1754512560,-29.99451,3371.6665,2118.50513,3.7017
1754512620,-29.99451,3371.6665,2116.39258,3.63913
1754512680,-29.99451,3371.6665,2116.39258,3.7017
1754512740,-29.99451,3385.11353,2114.28003,3.7017
1754512800,-29.99451,3385.11353,2112.16748,3.7017
1754512860,-29.99451,3371.6665,2112.16748,3.7017
1754512920,-29.99451,3371.6665,2110.05493,3.7017
1754512980,-29.99451,3371.6665,2112.16748,3.7017
1754513040,-29.99451,3371.6665,2110.05493,3.63913
1754513100,-29.99451,3371.6665,2110.05493,3.7017
1754513160,-29.99451,3385.11353,2110.05493,3.7017
1754513220,-29.99451,3371.6665,2110.05493,3.7017
1754513280,-29.99451,3371.6665,2110.05493,3.7017
1754513340,-29.99451,3371.6665,2110.05493,3.63913
1754513400,-29.99451,3385.11353,2110.05493,3.76427
1754513460,-29.99451,3358.21924,2110.05493,3.76427
1754513520,-29.99451,3385.11353,2110.05493,3.76427
1754513580,-29.99451,3385.11353,2110.05493,3.76427
1754513640,-29.99451,3371.6665,2112.16748,3.76427
1754513700,-29.99451,3358.21924,2114.28003,3.76427
1754513760,-29.99451,3371.6665,2114.28003,3.76427
1754513820,-29.99451,3371.6665,2114.28003,3.76427
1754513880,-29.99451,3371.6665,2114.28003,3.76427
1754513940,-29.99451,3385.11353,2116.39258,3.76427
1754514000,-29.99451,3385.11353,2118.50513,3.82685
1754514060,-29.99451,3358.21924,2118.50513,3.82685
1754514120,-29.99451,3385.11353,2118.50513,3.88942
1754514180,-29.99451,3371.6665,2120.61768,3.95199
1754514240,-29.99451,3358.21924,2122.73022,4.01456
1754514300,-29.99451,3371.6665,2124.84277,4.07714
1754514360,-29.99451,3358.21924,2124.84277,4.13971
1754514420,-29.99451,3371.6665,2126.95532,4.13971
1754514480,-29.99451,3371.6665,2131.18042,4.07714
1754514540,-29.99451,3358.21924,2131.18042,4.07714
1754514600,-29.99451,3358.21924,2135.40552,4.07714
1754514660,-29.99451,3371.6665,2137.51807,4.07714
1754514720,-29.99451,3358.21924,2137.51807,4.13971
1754514780,-29.99451,3371.6665,2141.74316,4.07714
1754514840,-29.99451,3358.21924,2143.85571,4.01456
1754514900,-29.99451,3371.6665,2145.96826,4.07714
1754514960,-29.99451,3371.6665,2148.08081,4.13971
1754515020,-29.99451,3371.6665,2150.19336,4.07714
1754515080,-29.99451,3385.11353,2152.30591,4.13971
1754515140,-29.99451,3385.11353,2154.41846,4.13971
1754515200,-29.99451,3385.11353,2156.53101,4.01456
1754515260,-29.99451,3385.11353,2156.53101,4.13971
1754515320,-29.99451,3385.11353,2158.64355,4.13971
1754515380,-29.99451,3385.11353,2158.64355,4.07714
1754515440,-29.99451,3358.21924,2160.7561,4.07714
1754515500,-29.99451,3385.11353,2160.7561,4.13971
1754515560,-29.99451,3371.6665,2160.7561,4.13971
1754515620,-29.99451,3385.11353,2160.7561,4.13971
1754515680,-29.99451,3385.11353,2162.86865,4.13971
1754515740,-29.99451,3385.11353,2162.86865,4.13971
1754515800,-29.99451,3371.6665,2162.86865,4.13971
1754515860,-29.99451,3385.11353,2162.86865,4.07714
1754515920,-29.99451,3371.6665,2164.9812,4.07714
1754515980,-29.99451,3371.6665,2164.9812,4.07714
1754516040,-29.99451,3358.21924,2164.9812,4.13971
1754516100,-29.99451,3358.21924,2167.09375,4.13971
1754516160,-29.99451,3371.6665,2164.9812,4.07714
1754516220,-29.99451,3371.6665,2167.09375,4.07714
1754516280,-29.99451,3385.11353,2167.09375,4.07714
1754516340,-29.99451,3385.11353,2169.2063,4.07714
1754516400,-29.99451,3371.6665,2169.2063,4.07714
1754516460,-29.99451,3385.11353,2167.09375,4.07714
1754516520,-29.99451,3385.11353,2167.09375,4.13971
1754516580,-29.99451,3385.11353,2167.09375,4.13971
1754516640,-29.99451,3371.6665,2164.9812,4.07714
1754516700,-29.99451,3385.11353,2162.86865,4.01456
1754516760,-29.99451,3385.11353,2160.7561,4.01456
1754516820,-29.99451,3371.6665,2156.53101,3.95199
1754516880,-29.99451,3371.6665,2154.41846,3.88942
1754516940,-29.99451,3371.6665,2152.30591,3.76427
1754517000,-29.99451,3385.11353,2148.08081,3.63913
1754517060,-29.99451,3385.11353,2145.96826,3.63913
1754517120,-29.99451,3371.6665,2143.85571,3.63913
1754517180,-29.99451,3371.6665,2141.74316,3.7017
1754517240,-29.99451,3371.6665,2139.63062,3.7017
1754517300,-29.99451,3385.11353,2137.51807,3.7017
1754517360,-29.99451,3385.11353,2135.40552,3.63913
1754517420,-29.99451,3371.6665,2135.40552,3.63913
1754517480,-29.99451,3399.14526,2133.29297,3.7017
1754517540,-29.99451,3371.6665,2131.18042,3.7017
1754517600,-29.99451,3385.11353,2129.06787,3.63913
1754517660,-29.99451,3385.11353,2126.95532,3.7017
1754517720,-29.99451,3385.11353,2124.84277,3.7017
1754517780,-29.99451,3371.6665,2124.84277,3.7017
1754517840,-29.99451,3385.11353,2122.73022,3.7017
1754517900,-29.99451,3385.11353,2120.61768,3.7017
1754517960,-29.99451,3371.6665,2120.61768,3.7017
1754518020,-29.99451,3385.11353,2120.61768,3.7017
1754518080,-29.99451,3385.11353,2116.39258,3.7017
1754518140,-29.99451,3371.6665,2116.39258,3.7017
1754518200,-29.99451,3385.11353,2116.39258,3.7017
1754518260,-29.99451,3371.6665,2114.28003,3.7017
1754518320,-29.99451,3371.6665,2114.28003,3.7017
1754518380,-29.99451,3385.11353,2112.16748,3.7017
1754518440,-29.99451,3371.6665,2112.16748,3.76427
1754518500,-29.99451,3371.6665,2110.05493,3.7017
1754518560,-29.99451,3358.21924,2110.05493,3.7017
1754518620,-29.99451,3371.6665,2110.05493,3.76427
1754518680,-29.99451,3358.21924,2110.05493,3.76427
1754518740,-29.99451,3371.6665,2110.05493,3.7017
1754518800,-29.99451,3371.6665,2110.05493,3.7017
1754518860,-29.99451,3385.11353,2110.05493,3.7017
1754518920,-29.99451,3371.6665,2110.05493,3.7017
1754518980,-29.99451,3371.6665,2112.16748,3.7017
1754519040,-29.99451,3371.6665,2112.16748,3.76427
1754519100,-29.99451,3371.6665,2112.16748,3.76427
1754519160,-29.99451,3371.6665,2110.05493,3.76427
1754519220,-29.99451,3385.11353,2112.16748,3.76427
1754519280,-29.99451,3385.11353,2112.16748,3.76427
1754519340,-29.99451,3385.11353,2114.28003,3.76427
1754519400,-29.99451,3371.6665,2114.28003,3.82685
1754519460,-29.99451,3385.11353,2114.28003,3.82685
1754519520,-29.99451,3371.6665,2114.28003,3.82685
1754519580,-29.99451,3371.6665,2116.39258,3.82685
1754519640,-29.99451,3358.21924,2116.39258,3.88942
1754519700,-29.99451,3358.21924,2118.50513,3.88942
1754519760,-29.99451,3385.11353,2118.50513,3.88942
1754519820,-29.99451,3371.6665,2120.61768,3.88942
1754519880,-29.99451,3385.11353,2122.73022,3.95199
1754519940,-29.99451,3371.6665,2124.84277,4.01456
1754520000,-29.99451,3371.6665,2126.95532,4.01456
1754520060,-29.99451,3358.21924,2129.06787,4.07714
1754520120,-29.99451,3371.6665,2131.18042,4.07714
1754520180,-29.99451,3358.21924,2133.29297,4.07714
1754520240,-29.99451,3358.21924,2135.40552,4.13971
1754520300,-29.99451,3371.6665,2139.63062,4.07714
1754520360,-29.99451,3371.6665,2139.63062,4.01456
1754520420,-29.99451,3371.6665,2143.85571,4.07714
1754520480,-29.99451,3344.77222,2143.85571,4.13971
1754520540,-29.99451,3358.21924,2145.96826,4.07714
1754520600,-29.99451,3371.6665,2148.08081,4.07714
1754520660,-29.99451,3371.6665,2150.19336,4.07714
1754520720,-29.99451,3371.6665,2152.30591,4.13971
1754520780,-29.99451,3358.21924,2154.41846,4.07714
1754520840,-29.99451,3371.6665,2156.53101,4.07714
1754520900,-29.99451,3358.21924,2156.53101,4.07714
1754520960,-29.99451,3371.6665,2158.64355,4.13971
1754521020,-29.99451,3371.6665,2160.7561,4.07714
1754521080,-29.99451,3385.11353,2160.7561,4.07714
1754521140,-29.99451,3371.6665,2162.86865,4.13971
1754521200,-29.99451,3385.11353,2162.86865,4.13971
1754521260,-29.99451,3385.11353,2162.86865,4.01456
1754521320,-29.99451,3371.6665,2162.86865,4.13971
1754521380,-29.99451,3371.6665,2164.9812,4.13971
1754521440,-29.99451,3371.6665,2162.86865,4.13971
1754521500,-29.99451,3385.11353,2162.86865,4.07714
1754521560,-29.99451,3385.11353,2164.9812,4.07714
1754521620,-29.99451,3371.6665,2162.86865,4.07714
1754521680,-29.99451,3358.21924,2162.86865,4.07714
1754521740,-29.99451,3371.6665,2164.9812,4.07714
1754521800,-29.99451,3385.11353,2164.9812,4.07714
1754521860,-29.99451,3371.6665,2164.9812,4.07714
1754521920,-29.99451,3399.14526,2167.09375,4.07714
1754521980,-29.99451,3371.6665,2167.09375,4.13971
1754522040,-29.99451,3371.6665,2167.09375,4.13971
1754522100,-29.99451,3371.6665,2167.09375,4.07714
1754522160,-29.99451,3385.11353,2164.9812,4.13971
1754522220,-29.99451,3371.6665,2162.86865,4.13971
1754522280,-29.99451,3399.14526,2162.86865,4.07714
1754522340,-29.99451,3371.6665,2158.64355,4.01456
1754522400,-29.99451,3371.6665,2156.53101,4.01456
1754522460,-29.99451,3371.6665,2154.41846,3.95199
1754522520,-29.99451,3385.11353,2152.30591,3.82685
1754522580,-29.99451,3385.11353,2150.19336,3.7017
1754522640,-29.99451,3371.6665,2148.08081,3.57656
1754522700,-29.99451,3385.11353,2145.96826,3.63913
1754522760,-29.99451,3385.11353,2143.85571,3.7017
1754522820,-29.99451,3371.6665,2141.74316,3.7017
1754522880,-29.99451,3385.11353,2139.63062,3.63913
1754522940,-29.99451,3385.11353,2137.51807,3.7017
1754523000,-29.99451,3371.6665,2135.40552,3.7017
1754523060,-29.99451,3358.21924,2135.40552,3.7017
1754523120,-29.99451,3385.11353,2133.29297,3.7017
1754523180,-29.99451,3371.6665,2131.18042,3.7017
1754523240,-29.99451,3385.11353,2129.06787,3.7017
1754523300,-29.99451,3371.6665,2126.95532,3.63913
1754523360,-29.99451,3371.6665,2126.95532,3.7017
1754523420,-29.99451,3371.6665,2124.84277,3.7017
1754523480,-29.99451,3358.21924,2122.73022,3.7017
1754523540,-29.99451,3371.6665,2122.73022,3.7017
1754523600,-29.99451,3385.11353,2118.50513,3.7017
1754523660,-29.99451,3358.21924,2118.50513,3.7017
1754523720,-29.99451,3371.6665,2116.39258,3.7017
1754523780,-29.99451,3371.6665,2116.39258,3.7017
1754523840,-29.99451,3371.6665,2116.39258,3.63913
1754523900,-29.99451,3358.21924,2112.16748,3.63913
1754523960,-29.99451,3371.6665,2112.16748,3.63913
1754524020,-29.99451,3371.6665,2114.28003,3.76427
1754524080,-29.99451,3344.77222,2112.16748,3.7017
1754524140,-29.99451,3371.6665,2112.16748,3.7017
1754524200,-29.99451,3358.21924,2112.16748,3.76427
1754524260,-29.99451,3371.6665,2110.05493,3.76427
1754524320,-29.99451,3371.6665,2112.16748,3.76427
1754524380,-29.99451,3385.11353,2112.16748,3.7017
1754524440,-29.99451,3371.6665,2112.16748,3.7017
1754524500,-29.99451,3371.6665,2112.16748,3.7017
1754524560,-29.99451,3371.6665,2112.16748,3.76427
1754524620,-29.99451,3371.6665,2112.16748,3.82685
1754524680,-29.99451,3371.6665,2114.28003,3.76427
1754524740,-29.99451,3371.6665,2112.16748,3.82685
1754524800,-29.99451,3385.11353,2114.28003,3.88942
1754524860,-29.99451,3371.6665,2114.28003,3.88942
1754524920,-29.99451,3371.6665,2114.28003,3.88942
1754524980,-29.99451,3371.6665,2116.39258,3.82685
1754525040,-29.99451,3385.11353,2116.39258,3.82685
1754525100,-29.99451,3371.6665,2118.50513,3.82685
1754525160,-29.99451,3358.21924,2118.50513,3.82685
1754525220,-29.99451,3371.6665,2120.61768,3.88942
1754525280,-29.99451,3385.11353,2120.61768,3.88942
1754525340,-29.99451,3358.21924,2122.73022,3.95199
1754525400,-29.99451,3371.6665,2122.73022,3.95199
1754525460,-29.99451,3371.6665,2124.84277,4.01456
1754525520,-29.99451,3371.6665,2126.95532,4.07714
1754525580,-29.99451,3371.6665,2129.06787,4.07714
1754525640,-29.99451,3371.6665,2131.18042,4.13971
1754525700,-29.99451,3385.11353,2133.29297,4.07714
1754525760,-29.99451,3371.6665,2135.40552,4.07714
1754525820,-29.99451,3371.6665,2137.51807,4.01456
1754525880,-29.99451,3371.6665,2139.63062,4.01456
1754525940,-29.99451,3358.21924,2141.74316,4.07714
1754526000,-29.99451,3371.6665,2143.85571,4.13971
1754526060,-29.99451,3385.11353,2145.96826,4.13971
1754526120,-29.99451,3385.11353,2148.08081,4.13971
1754526180,-29.99451,3385.11353,2150.19336,4.07714
1754526240,-29.99451,3358.21924,2152.30591,4.07714
1754526300,-29.99451,3371.6665,2154.41846,4.13971
1754526360,-29.99451,3358.21924,2154.41846,4.13971
1754526420,-29.99451,3385.11353,2158.64355,4.01456
1754526480,-29.99451,3371.6665,2158.64355,4.07714
1754526540,-29.99451,3371.6665,2158.64355,4.13971
1754526600,-29.99451,3371.6665,2160.7561,4.13971
1754526660,-29.99451,3385.11353,2162.86865,4.13971
1754526720,-29.99451,3371.6665,2160.7561,4.07714
1754526780,-29.99451,3371.6665,2162.86865,4.13971
1754526840,-29.99451,3358.21924,2162.86865,4.07714
1754526900,-29.99451,3371.6665,2162.86865,4.13971
1754526960,-29.99451,3371.6665,2162.86865,4.13971
1754527020,-29.99451,3371.6665,2162.86865,4.13971
1754527080,-29.99451,3385.11353,2160.7561,4.07714
1754527140,-29.99451,3385.11353,2162.86865,4.07714
1754527200,-29.99451,3371.6665,2162.86865,4.01456
1754527260,-29.99451,3385.11353,2162.86865,4.01456
1754527320,-29.99451,3344.77222,2162.86865,4.01456
1754527380,-29.99451,3385.11353,2162.86865,4.01456
1754527440,-29.99451,3371.6665,2162.86865,3.95199
1754527500,-29.99451,3371.6665,2164.9812,3.95199
1754527560,-29.99451,3371.6665,2164.9812,3.95199
1754527620,-29.99451,3371.6665,2164.9812,3.95199
1754527680,-29.99451,3385.11353,2162.86865,4.01456
1754527740,-29.99451,3371.6665,2164.9812,4.07714
1754527800,-29.99451,3344.77222,2162.86865,4.13971
1754527860,-29.99451,3371.6665,2160.7561,4.07714
1754527920,-29.99451,3385.11353,2158.64355,4.07714
1754527980,-29.99451,3371.6665,2156.53101,4.07714
1754528040,-29.99451,3385.11353,2154.41846,4.01456
1754528100,-29.99451,3371.6665,2152.30591,3.88942
1754528160,-29.99451,3385.11353,2148.08081,3.82685
1754528220,-29.99451,3385.11353,2145.96826,3.7017
1754528280,-29.99451,3371.6665,2143.85571,3.63913
1754528340,-29.99451,3385.11353,2141.74316,3.63913
1754528400,-29.99451,3358.21924,2139.63062,3.7017
1754528460,-29.99451,3385.11353,2137.51807,3.63913
1754528520,-29.99451,3358.21924,2135.40552,3.63913
1754528580,-29.99451,3371.6665,2133.29297,3.7017
1754528640,-29.99451,3358.21924,2131.18042,3.7017
1754528700,-29.99451,3385.11353,2129.06787,3.76427
1754528760,-29.99451,3358.21924,2129.06787,3.7017
1754528820,-29.99451,3385.11353,2126.95532,3.7017
1754528880,-29.99451,3385.11353,2124.84277,3.7017
1754528940,-29.99451,3385.11353,2124.84277,3.7017
1754529000,-29.99451,3371.6665,2122.73022,3.7017
1754529060,-29.99451,3371.6665,2120.61768,3.7017
1754529120,-29.99451,3371.6665,2120.61768,3.63913
1754529180,-29.99451,3371.6665,2118.50513,3.7017
1754529240,-29.99451,3371.6665,2118.50513,3.7017
1754529300,-29.99451,3371.6665,2118.50513,3.7017
1754529360,-29.99451,3371.6665,2118.50513,3.7017
1754529420,-29.99451,3371.6665,2118.50513,3.7017
1754529480,-29.99451,3371.6665,2118.50513,3.7017
1754529540,-29.99451,3371.6665,2118.50513,3.7017
1754529600,-29.99451,3371.6665,2118.50513,3.7017
1754529660,-29.99451,3371.6665,2118.50513,3.7017
1754529720,-29.99451,3371.6665,2118.50513,3.7017
1754529780,-29.99451,3371.6665,2118.50513,3.7017
1754529840,-29.99451,3371.6665,2118.50513,3.7017
1754529900,-29.99451,3371.6665,2118.50513,3.7017
1754529960,-29.99451,3371.6665,2118.50513,3.7017
1754530020,-29.99451,3371.6665,2118.50513,3.7017
1754530080,-29.99451,3371.6665,2118.50513,3.7017
1754530140,-29.99451,3371.6665,2118.50513,3.7017
1754530200,-29.99451,3385.11353,2112.16748,3.76427
1754530260,-29.99451,3371.6665,2110.05493,3.76427
1754530320,-29.99451,3371.6665,2112.16748,3.76427
1754530380,-29.99451,3385.11353,2112.16748,3.76427
1754530440,-29.99451,3358.21924,2112.16748,3.76427
1754530500,-29.99451,3371.6665,2112.16748,3.82685
1754530560,-29.99451,3385.11353,2112.16748,3.82685
1754530620,-29.99451,3371.6665,2114.28003,3.82685
1754530680,-29.99451,3385.11353,2112.16748,3.82685
1754530740,-29.99451,3358.21924,2114.28003,3.82685
1754530800,-29.99451,3358.21924,2116.39258,3.82685
1754530860,-29.99451,3358.21924,2116.39258,3.76427
1754530920,-29.99451,3385.11353,2116.39258,3.76427
1754530980,-29.99451,3371.6665,2118.50513,3.76427
1754531040,-29.99451,3371.6665,2120.61768,3.82685
1754531100,-29.99451,3371.6665,2122.73022,3.82685
1754531160,-29.99451,3371.6665,2124.84277,3.88942
1754531220,-29.99451,3385.11353,2126.95532,3.88942
1754531280,-29.99451,3371.6665,2129.06787,3.95199
1754531340,-29.99451,3371.6665,2131.18042,4.01456
1754531400,-29.99451,3358.21924,2133.29297,4.07714
1754531460,-29.99451,3358.21924,2135.40552,4.13971
1754531520,-29.99451,3371.6665,2139.63062,4.13971
1754531580,-29.99451,3358.21924,2141.74316,4.01456
1754531640,-29.99451,3385.11353,2141.74316,4.07714
1754531700,-29.99451,3371.6665,2145.96826,4.07714
1754531760,-29.99451,3371.6665,2148.08081,4.07714
1754531820,-29.99451,3385.11353,2150.19336,4.13971
1754531880,-29.99451,3358.21924,2152.30591,4.13971
1754531940,-29.99451,3385.11353,2152.30591,4.07714
1754532000,-29.99451,3385.11353,2154.41846,4.13971
1754532060,-29.99451,3358.21924,2156.53101,4.13971
1754532120,-29.99451,3358.21924,2158.64355,4.13971
1754532180,-29.99451,3371.6665,2158.64355,4.13971
1754532240,-29.99451,3358.21924,2158.64355,4.01456
1754532300,-29.99451,3371.6665,2160.7561,4.13971
1754532360,-29.99451,3358.21924,2160.7561,4.13971
1754532420,-29.99451,3371.6665,2162.86865,4.07714
1754532480,-29.99451,3371.6665,2162.86865,4.13971
1754532540,-29.99451,3371.6665,2162.86865,4.07714
1754532600,-29.99451,3385.11353,2162.86865,4.13971
1754532660,-29.99451,3371.6665,2162.86865,4.13971
1754532720,-29.99451,3358.21924,2164.9812,4.07714
1754532780,-29.99451,3385.11353,2164.9812,4.07714
1754532840,-29.99451,3371.6665,2164.9812,4.07714
1754532900,-29.99451,3385.11353,2164.9812,4.07714
1754532960,-29.99451,3385.11353,2167.09375,4.07714
1754533020,-29.99451,3385.11353,2169.2063,4.13971
1754533080,-29.99451,3385.11353,2169.2063,4.13971
1754533140,-29.99451,3371.6665,2169.2063,4.07714
1754533200,-29.99451,3371.6665,2169.2063,4.13971
1754533260,-29.99451,3371.6665,2169.2063,4.13971
1754533320,-29.99451,3371.6665,2167.09375,4.13971
1754533380,-29.99451,3385.11353,2167.09375,4.13971
1754533440,-29.99451,3385.11353,2164.9812,4.07714
1754533500,-29.99451,3385.11353,2162.86865,4.07714
1754533560,-29.99451,3371.6665,2160.7561,4.07714
1754533620,-29.99451,3385.11353,2158.64355,3.95199
1754533680,-29.99451,3385.11353,2156.53101,3.88942
1754533740,-29.99451,3385.11353,2152.30591,3.76427
1754533800,-29.99451,3385.11353,2150.19336,3.63913
1754533860,-29.99451,3371.6665,2148.08081,3.63913
1754533920,-29.99451,3385.11353,2145.96826,3.7017
1754533980,-29.99451,3385.11353,2143.85571,3.7017
1754534040,-29.99451,3371.6665,2141.74316,3.63913
1754534100,-29.99451,3385.11353,2139.63062,3.7017
1754534160,-29.99451,3385.11353,2137.51807,3.63913
1754534220,-29.99451,3385.11353,2135.40552,3.63913
1754534280,-29.99451,3371.6665,2133.29297,3.63913
1754534340,-29.99451,3371.6665,2131.18042,3.63913
1754534400,-29.99451,3358.21924,2129.06787,3.63913
1754534460,-29.99451,3385.11353,2129.06787,3.7017
1754534520,-29.99451,3371.6665,2126.95532,3.63913
1754534580,-29.99451,3371.6665,2124.84277,3.63913
1754534640,-29.99451,3385.11353,2122.73022,3.63913
1754534700,-29.99451,3371.6665,2120.61768,3.7017
1754534760,-29.99451,3371.6665,2118.50513,3.7017
1754534820,-29.99451,3371.6665,2118.50513,3.63913
1754534880,-29.99451,3371.6665,2116.39258,3.7017
1754534940,-29.99451,3385.11353,2116.39258,3.7017
1754535000,-29.99451,3385.11353,2114.28003,3.7017
1754535060,-29.99451,3371.6665,2114.28003,3.7017
1754535120,-29.99451,3385.11353,2114.28003,3.7017
1754535180,-29.99451,3371.6665,2112.16748,3.76427
1754535240,-29.99451,3371.6665,2112.16748,3.76427
1754535300,-29.99451,3371.6665,2112.16748,3.76427
1754535360,-29.99451,3371.6665,2112.16748,3.76427
1754535420,-29.99451,3371.6665,2112.16748,3.76427
1754535480,-29.99451,3371.6665,2112.16748,3.76427
1754535540,-29.99451,3371.6665,2112.16748,3.76427
1754535600,-29.99451,3371.6665,2112.16748,3.76427
1754535660,-29.99451,3371.6665,2112.16748,3.76427
1754535720,-29.99451,3371.6665,2112.16748,3.76427
1754535780,-29.99451,3371.6665,2112.16748,3.76427
1754535840,-29.99451,3371.6665,2112.16748,3.76427
1754535900,-29.99451,3371.6665,2112.16748,3.76427
1754535960,-29.99451,3371.6665,2112.16748,3.76427
1754536020,-29.99451,3371.6665,2112.16748,3.76427
1754536080,-29.99451,3371.6665,2112.16748,3.76427
1754536140,-29.99451,3371.6665,2112.16748,3.76427
1754536200,-29.99451,3371.6665,2112.16748,3.76427
1754536260,-29.99451,3371.6665,2112.16748,3.76427
1754536320,-29.99451,3371.6665,2112.16748,3.76427
1754536380,-29.99451,3385.11353,2120.61768,3.82685
1754536440,-29.99451,3385.11353,2120.61768,3.88942
1754536500,-29.99451,3358.21924,2124.84277,3.88942
1754536560,-29.99451,3358.21924,2126.95532,3.95199
1754536620,-29.99451,3371.6665,2126.95532,4.01456
1754536680,-29.99451,3385.11353,2129.06787,4.07714
1754536740,-29.99451,3371.6665,2131.18042,4.13971
1754536800,-29.99451,3371.6665,2133.29297,4.13971
1754536860,-29.99451,3371.6665,2135.40552,4.07714
1754536920,-29.99451,3371.6665,2137.51807,4.13971
1754536980,-29.99451,3385.11353,2139.63062,4.07714
1754537040,-29.99451,3385.11353,2141.74316,4.07714
1754537100,-29.99451,3385.11353,2143.85571,4.13971
1754537160,-29.99451,3371.6665,2145.96826,4.07714
1754537220,-29.99451,3358.21924,2145.96826,4.07714
1754537280,-29.99451,3358.21924,2148.08081,4.13971
1754537340,-29.99451,3371.6665,2152.30591,4.13971
1754537400,-29.99451,3358.21924,2152.30591,4.13971
1754537460,-29.99451,3371.6665,2154.41846,4.07714
1754537520,-29.99451,3371.6665,2156.53101,4.07714
1754537580,-29.99451,3371.6665,2156.53101,4.07714
1754537640,-29.99451,3371.6665,2156.53101,4.07714
1754537700,-29.99451,3371.6665,2160.7561,4.07714
1754537760,-29.99451,3371.6665,2160.7561,4.13971
1754537820,-29.99451,3385.11353,2160.7561,4.07714
1754537880,-29.99451,3371.6665,2160.7561,4.13971
1754537940,-29.99451,3371.6665,2160.7561,4.07714
1754538000,-29.99451,3371.6665,2162.86865,4.13971
1754538060,-29.99451,3385.11353,2162.86865,4.07714
1754538120,-29.99451,3371.6665,2162.86865,4.13971
1754538180,-29.99451,3371.6665,2162.86865,4.13971
1754538240,-29.99451,3358.21924,2164.9812,4.13971
1754538300,-29.99451,3358.21924,2162.86865,4.13971
1754538360,-29.99451,3385.11353,2164.9812,4.07714
1754538420,-29.99451,3385.11353,2167.09375,4.01456
1754538480,-29.99451,3371.6665,2164.9812,4.01456
1754538540,-29.99451,3385.11353,2167.09375,4.01456
1754538600,-29.99451,3371.6665,2169.2063,4.01456
1754538660,-29.99451,3385.11353,2171.31885,4.07714
1754538720,-29.99451,3371.6665,2171.31885,4.07714
1754538780,-29.99451,3385.11353,2171.31885,4.13971
1754538840,-29.99451,3371.6665,2169.2063,4.13971
1754538900,-29.99451,3385.11353,2167.09375,4.13971
1754538960,-29.99451,3385.11353,2167.09375,4.13971
1754539020,-29.99451,3385.11353,2164.9812,4.07714
1754539080,-29.99451,3385.11353,2162.86865,4.07714
1754539140,-29.99451,3385.11353,2158.64355,4.01456
1754539200,-29.99451,3385.11353,2156.53101,3.95199
1754539260,-29.99451,3399.14526,2154.41846,3.76427
1754539320,-29.99451,3385.11353,2152.30591,3.63913
1754539380,-29.99451,3385.11353,2148.08081,3.63913
1754539440,-29.99451,3371.6665,2145.96826,3.63913
1754539500,-29.99451,3385.11353,2143.85571,3.63913
1754539560,-29.99451,3358.21924,2141.74316,3.7017
1754539620,-29.99451,3371.6665,2139.63062,3.7017
1754539680,-29.99451,3371.6665,2139.63062,3.7017
1754539740,-29.99451,3371.6665,2137.51807,3.7017
1754539800,-29.99451,3371.6665,2133.29297,3.7017
1754539860,-29.99451,3371.6665,2131.18042,3.63913
1754539920,-29.99451,3371.6665,2131.18042,3.7017
1754539980,-29.99451,3385.11353,2129.06787,3.76427
1754540040,-29.99451,3385.11353,2126.95532,3.7017
1754540100,-29.99451,3385.11353,2124.84277,3.7017
1754540160,-29.99451,3385.11353,2124.84277,3.7017
1754540220,-29.99451,3385.11353,2122.73022,3.7017
1754540280,-29.99451,3371.6665,2120.61768,3.7017
1754540340,-29.99451,3358.21924,2118.50513,3.7017
1754540400,-29.99451,3385.11353,2118.50513,3.76427
1754540460,-29.99451,3371.6665,2116.39258,3.7017
1754540520,-29.99451,3371.6665,2114.28003,3.7017
1754540580,-29.99451,3371.6665,2114.28003,3.7017
1754540640,-29.99451,3371.6665,2112.16748,3.7017
1754540700,-29.99451,3371.6665,2112.16748,3.7017
1754540760,-29.99451,3385.11353,2112.16748,3.76427
1754540820,-29.99451,3358.21924,2112.16748,3.7017
1754540880,-29.99451,3371.6665,2110.05493,3.7017
1754540940,-29.99451,3371.6665,2110.05493,3.7017
1754541000,-29.99451,3371.6665,2110.05493,3.7017
1754541060,-29.99451,3371.6665,2110.05493,3.76427
1754541120,-29.99451,3371.6665,2110.05493,3.7017
1754541180,-29.99451,3358.21924,2110.05493,3.7017
1754541240,-29.99451,3371.6665,2112.16748,3.7017
1754541300,-29.99451,3371.6665,2110.05493,3.76427
1754541360,-29.99451,3371.6665,2112.16748,3.76427
1754541420,-29.99451,3371.6665,2112.16748,3.76427
1754541480,-29.99451,3371.6665,2112.16748,3.76427
1754541540,-29.99451,3371.6665,2112.16748,3.76427
1754541600,-29.99451,3371.6665,2112.16748,3.76427
1754541660,-29.99451,3371.6665,2112.16748,3.76427
1754541720,-29.99451,3371.6665,2112.16748,3.76427
1754541780,-29.99451,3371.6665,2112.16748,3.76427
1754541840,-29.99451,3371.6665,2112.16748,3.76427
1754541900,-29.99451,3371.6665,2112.16748,3.76427
1754541960,-29.99451,3371.6665,2112.16748,3.76427
1754542020,-29.99451,3371.6665,2112.16748,3.76427
1754542080,-29.99451,3371.6665,2112.16748,3.76427
1754542140,-29.99451,3371.6665,2112.16748,3.76427
1754542200,-29.99451,3371.6665,2129.06787,4.01456
1754542260,-29.99451,3371.6665,2131.18042,4.07714
1754542320,-29.99451,3385.11353,2133.29297,4.13971
1754542380,-29.99451,3358.21924,2135.40552,4.13971
1754542440,-29.99451,3385.11353,2137.51807,4.20228
1754542500,-29.99451,3371.6665,2139.63062,4.07714
1754542560,-29.99451,3358.21924,2141.74316,4.13971
1754542620,-29.99451,3371.6665,2145.96826,4.01456
1754542680,-29.99451,3371.6665,2148.08081,4.13971
1754542740,-29.99451,3358.21924,2148.08081,4.13971
1754542800,-29.99451,3371.6665,2150.19336,4.13971
1754542860,-29.99451,3344.77222,2154.41846,4.07714
1754542920,-29.99451,3385.11353,2156.53101,4.13971
1754542980,-29.99451,3358.21924,2156.53101,4.13971
1754543040,-29.99451,3385.11353,2158.64355,4.13971
1754543100,-29.99451,3358.21924,2160.7561,4.07714
1754543160,-29.99451,3385.11353,2160.7561,4.13971
1754543220,-29.99451,3385.11353,2162.86865,4.13971
1754543280,-29.99451,3371.6665,2162.86865,4.07714
1754543340,-29.99451,3385.11353,2162.86865,4.13971
1754543400,-29.99451,3385.11353,2164.9812,4.07714
1754543460,-29.99451,3371.6665,2164.9812,4.13971
1754543520,-29.99451,3385.11353,2164.9812,4.13971
1754543580,-29.99451,3385.11353,2164.9812,4.07714
1754543640,-29.99451,3371.6665,2164.9812,4.07714
1754543700,-29.99451,3371.6665,2164.9812,4.07714
1754543760,-29.99451,3385.11353,2164.9812,4.07714
1754543820,-29.99451,3371.6665,2164.9812,4.07714
1754543880,-29.99451,3371.6665,2167.09375,4.01456
1754543940,-29.99451,3371.6665,2164.9812,4.01456
1754544000,-29.99451,3371.6665,2167.09375,4.01456
1754544060,-29.99451,3358.21924,2167.09375,4.01456
1754544120,-29.99451,3385.11353,2169.2063,4.01456
1754544180,-29.99451,3385.11353,2171.31885,4.07714
1754544240,-29.99451,3358.21924,2171.31885,4.07714
1754544300,-29.99451,3358.21924,2171.31885,4.13971
1754544360,-29.99451,3385.11353,2171.31885,4.13971
1754544420,-29.99451,3371.6665,2171.31885,4.07714
1754544480,-29.99451,3358.21924,2169.2063,4.13971
1754544540,-29.99451,3385.11353,2167.09375,4.07714
1754544600,-29.99451,3371.6665,2162.86865,4.07714
1754544660,-29.99451,3371.6665,2160.7561,4.01456
1754544720,-29.99451,3385.11353,2156.53101,3.88942
1754544780,-29.99451,3385.11353,2154.41846,3.82685
1754544840,-29.99451,3399.14526,2152.30591,3.63913
1754544900,-29.99451,3385.11353,2150.19336,3.57656
1754544960,-29.99451,3371.6665,2145.96826,3.63913
1754545020,-29.99451,3385.11353,2143.85571,3.7017
1754545080,-29.99451,3371.6665,2141.74316,3.63913
1754545140,-29.99451,3371.6665,2139.63062,3.7017
1754545200,-29.99451,3371.6665,2137.51807,3.63913
1754545260,-29.99451,3385.11353,2135.40552,3.63913
1754545320,-29.99451,3385.11353,2133.29297,3.7017
1754545380,-29.99451,3371.6665,2133.29297,3.63913
1754545440,-29.99451,3358.21924,2131.18042,3.7017
1754545500,-29.99451,3385.11353,2129.06787,3.63913
1754545560,-29.99451,3385.11353,2126.95532,3.7017
1754545620,-29.99451,3371.6665,2124.84277,3.7017
1754545680,-29.99451,3385.11353,2122.73022,3.7017
1754545740,-29.99451,3371.6665,2122.73022,3.7017
1754545800,-29.99451,3371.6665,2120.61768,3.7017
1754545860,-29.99451,3371.6665,2118.50513,3.7017
1754545920,-29.99451,3371.6665,2118.50513,3.63913
1754545980,-29.99451,3385.11353,2116.39258,3.7017
1754546040,-29.99451,3371.6665,2116.39258,3.7017
1754546100,-29.99451,3385.11353,2114.28003,3.63913
1754546160,-29.99451,3385.11353,2114.28003,3.7017
1754546220,-29.99451,3371.6665,2112.16748,3.7017
1754546280,-29.99451,3385.11353,2112.16748,3.7017
1754546340,-29.99451,3371.6665,2112.16748,3.7017
1754546400,-29.99451,3371.6665,2112.16748,3.63913
1754546460,-29.99451,3385.11353,2110.05493,3.76427
1754546520,-29.99451,3371.6665,2110.05493,3.76427
1754546580,-29.99451,3371.6665,2110.05493,3.76427
1754546640,-29.99451,3385.11353,2112.16748,3.7017
1754546700,-29.99451,3371.6665,2112.16748,3.7017
1754546760,-29.99451,3371.6665,2112.16748,3.7017
1754546820,-29.99451,3371.6665,2110.05493,3.7017
1754546880,-29.99451,3385.11353,2112.16748,3.76427
1754546940,-29.99451,3385.11353,2112.16748,3.76427
1754547000,-29.99451,3358.21924,2114.28003,3.76427
1754547060,-29.99451,3371.6665,2114.28003,3.76427
1754547120,-29.99451,3358.21924,2114.28003,3.76427
1754547180,-29.99451,3385.11353,2114.28003,3.76427
1754547240,-29.99451,3371.6665,2116.39258,3.76427
1754547300,-29.99451,3358.21924,2116.39258,3.88942
1754547360,-29.99451,3371.6665,2118.50513,3.88942
1754547420,-29.99451,3371.6665,2118.50513,3.88942
1754547480,-29.99451,3358.21924,2120.61768,3.88942
1754547540,-29.99451,3358.21924,2120.61768,3.88942
1754547600,-29.99451,3358.21924,2120.61768,3.88942
1754547660,-29.99451,3358.21924,2120.61768,3.88942
1754547720,-29.99451,3358.21924,2120.61768,3.88942
1754547780,-29.99451,3358.21924,2120.61768,3.88942
1754547840,-29.99451,3358.21924,2120.61768,3.88942
1754547900,-29.99451,3358.21924,2120.61768,3.88942
1754547960,-29.99451,3358.21924,2120.61768,3.88942
1754548020,-29.99451,3371.6665,2139.63062,4.07714
1754548080,-29.99451,3371.6665,2141.74316,4.13971
1754548140,-29.99451,3371.6665,2143.85571,4.13971
1754548200,-29.99451,3371.6665,2145.96826,4.07714
1754548260,-29.99451,3385.11353,2148.08081,4.07714
1754548320,-29.99451,3371.6665,2150.19336,4.13971
1754548380,-29.99451,3371.6665,2152.30591,4.07714
1754548440,-29.99451,3358.21924,2154.41846,4.07714
1754548500,-29.99451,3358.21924,2156.53101,4.13971
1754548560,-29.99451,3371.6665,2158.64355,4.07714
1754548620,-29.99451,3385.11353,2160.7561,4.13971
1754548680,-29.99451,3371.6665,2160.7561,4.13971
1754548740,-29.99451,3358.21924,2162.86865,4.13971
1754548800,-29.99451,3385.11353,2162.86865,4.13971
1754548860,-29.99451,3371.6665,2164.9812,4.07714
1754548920,-29.99451,3371.6665,2164.9812,4.13971
1754548980,-29.99451,3371.6665,2164.9812,4.13971
1754549040,-29.99451,3371.6665,2164.9812,4.13971
1754549100,-29.99451,3358.21924,2167.09375,4.13971
1754549160,-29.99451,3371.6665,2164.9812,4.13971
1754549220,-29.99451,3371.6665,2164.9812,4.13971
1754549280,-29.99451,3371.6665,2164.9812,4.07714
1754549340,-29.99451,3385.11353,2164.9812,4.07714
1754549400,-29.99451,3385.11353,2164.9812,4.07714
1754549460,-29.99451,3371.6665,2164.9812,4.01456
1754549520,-29.99451,3371.6665,2164.9812,4.01456
1754549580,-29.99451,3371.6665,2167.09375,4.01456
1754549640,-29.99451,3385.11353,2169.2063,4.01456
1754549700,-29.99451,3385.11353,2169.2063,4.01456
1754549760,-29.99451,3371.6665,2169.2063,4.01456
1754549820,-29.99451,3358.21924,2169.2063,4.07714
1754549880,-29.99451,3385.11353,2169.2063,4.13971
1754549940,-29.99451,3371.6665,2169.2063,4.13971
1754550000,-29.99451,3371.6665,2169.2063,4.20228
1754550060,-29.99451,3385.11353,2167.09375,4.13971
1754550120,-29.99451,3371.6665,2164.9812,4.13971
1754550180,-29.99451,3385.11353,2160.7561,4.07714
1754550240,-29.99451,3371.6665,2158.64355,4.01456
1754550300,-29.99451,3399.14526,2156.53101,4.01456
1754550360,-29.99451,3371.6665,2154.41846,3.95199
1754550420,-29.99451,3385.11353,2150.19336,3.82685
1754550480,-29.99451,3385.11353,2150.19336,3.63913
1754550540,-29.99451,3385.11353,2145.96826,3.63913
1754550600,-29.99451,3385.11353,2145.96826,3.63913
1754550660,-29.99451,3385.11353,2143.85571,3.63913
1754550720,-29.99451,3371.6665,2141.74316,3.63913
1754550780,-29.99451,3371.6665,2139.63062,3.7017
1754550840,-29.99451,3385.11353,2137.51807,3.7017
1754550900,-29.99451,3371.6665,2135.40552,3.63913
1754550960,-29.99451,3385.11353,2133.29297,3.63913
1754551020,-29.99451,3371.6665,2133.29297,3.76427
1754551080,-29.99451,3371.6665,2131.18042,3.63913
1754551140,-29.99451,3371.6665,2126.95532,3.7017
1754551200,-29.99451,3385.11353,2126.95532,3.7017
1754551260,-29.99451,3371.6665,2126.95532,3.63913
1754551320,-29.99451,3385.11353,2124.84277,3.7017
1754551380,-29.99451,3385.11353,2122.73022,3.7017
1754551440,-29.99451,3371.6665,2120.61768,3.7017
1754551500,-29.99451,3371.6665,2118.50513,3.63913
1754551560,-29.99451,3371.6665,2118.50513,3.63913
1754551620,-29.99451,3385.11353,2116.39258,3.7017
1754551680,-29.99451,3371.6665,2116.39258,3.76427
1754551740,-29.99451,3385.11353,2114.28003,3.7017
1754551800,-29.99451,3358.21924,2114.28003,3.76427
1754551860,-29.99451,3358.21924,2112.16748,3.63913
1754551920,-29.99451,3358.21924,2110.05493,3.7017
1754551980,-29.99451,3371.6665,2112.16748,3.7017
1754552040,-29.99451,3371.6665,2110.05493,3.7017
1754552100,-29.99451,3371.6665,2110.05493,3.7017
1754552160,-29.99451,3371.6665,2110.05493,3.76427
1754552220,-29.99451,3371.6665,2110.05493,3.76427
1754552280,-29.99451,3371.6665,2112.16748,3.76427
1754552340,-29.99451,3371.6665,2110.05493,3.7017
1754552400,-29.99451,3358.21924,2110.05493,3.7017
1754552460,-29.99451,3385.11353,2112.16748,3.7017
1754552520,-29.99451,3371.6665,2112.16748,3.7017
1754552580,-29.99451,3385.11353,2114.28003,3.7017
1754552640,-29.99451,3358.21924,2114.28003,3.7017
1754552700,-29.99451,3371.6665,2114.28003,3.82685
1754552760,-29.99451,3371.6665,2114.28003,3.82685
1754552820,-29.99451,3371.6665,2116.39258,3.88942
1754552880,-29.99451,3385.11353,2118.50513,3.95199
1754552940,-29.99451,3371.6665,2118.50513,3.95199
1754553000,-29.99451,3358.21924,2118.50513,4.01456
1754553060,-29.99451,3358.21924,2122.73022,4.07714
1754553120,-29.99451,3358.21924,2122.73022,4.07714
1754553180,-29.99451,3371.6665,2124.84277,4.13971
1754553240,-29.99451,3358.21924,2126.95532,4.07714
1754553300,-29.99451,3371.6665,2129.06787,4.07714
1754553360,-29.99451,3358.21924,2129.06787,4.13971
1754553420,-29.99451,3371.6665,2131.18042,4.07714
1754553480,-29.99451,3371.6665,2133.29297,4.13971
1754553540,-29.99451,3371.6665,2133.29297,4.13971
1754553600,-29.99451,3371.6665,2133.29297,4.13971
1754553660,-29.99451,3371.6665,2133.29297,4.13971
1754553720,-29.99451,3371.6665,2133.29297,4.13971
1754553780,-29.99451,3371.6665,2133.29297,4.13971
1754553840,-29.99451,3358.21924,2148.08081,4.13971
1754553900,-29.99451,3358.21924,2150.19336,4.07714
1754553960,-29.99451,3385.11353,2154.41846,4.13971
1754554020,-29.99451,3385.11353,2156.53101,4.13971
1754554080,-29.99451,3385.11353,2158.64355,4.20228
1754554140,-29.99451,3371.6665,2160.7561,4.13971
1754554200,-29.99451,3385.11353,2160.7561,4.13971
1754554260,-29.99451,3371.6665,2162.86865,4.20228
1754554320,-29.99451,3371.6665,2164.9812,4.13971
1754554380,-29.99451,3385.11353,2164.9812,4.13971
1754554440,-29.99451,3371.6665,2167.09375,4.13971
1754554500,-29.99451,3371.6665,2169.2063,4.07714
1754554560,-29.99451,3371.6665,2167.09375,4.13971
1754554620,-29.99451,3385.11353,2167.09375,4.07714
1754554680,-29.99451,3385.11353,2167.09375,4.07714
1754554740,-29.99451,3371.6665,2167.09375,4.13971
1754554800,-29.99451,3385.11353,2167.09375,4.13971
1754554860,-29.99451,3371.6665,2169.2063,4.07714
1754554920,-29.99451,3385.11353,2167.09375,4.07714
1754554980,-29.99451,3385.11353,2167.09375,4.07714
1754555040,-29.99451,3385.11353,2167.09375,4.07714
1754555100,-29.99451,3385.11353,2167.09375,4.07714
1754555160,-29.99451,3399.14526,2167.09375,4.07714
1754555220,-29.99451,3371.6665,2167.09375,4.07714
1754555280,-29.99451,3371.6665,2169.2063,4.07714
1754555340,-29.99451,3385.11353,2171.31885,4.07714
1754555400,-29.99451,3385.11353,2171.31885,4.13971
1754555460,-29.99451,3371.6665,2171.31885,4.07714
1754555520,-29.99451,3371.6665,2171.31885,4.13971
1754555580,-29.99451,3371.6665,2169.2063,4.13971
1754555640,-29.99451,3385.11353,2169.2063,4.07714
1754555700,-29.99451,3385.11353,2167.09375,4.07714
1754555760,-29.99451,3385.11353,2164.9812,4.07714
1754555820,-29.99451,3385.11353,2162.86865,4.01456
1754555880,-29.99451,3385.11353,2160.7561,3.95199
1754555940,-29.99451,3385.11353,2158.64355,3.82685
1754556000,-29.99451,3385.11353,2156.53101,3.7017
1754556060,-29.99451,3399.14526,2152.30591,3.57656
1754556120,-29.99451,3371.6665,2152.30591,3.63913
1754556180,-29.99451,3385.11353,2150.19336,3.7017
1754556240,-29.99451,3371.6665,2148.08081,3.7017
1754556300,-29.99451,3385.11353,2145.96826,3.63913
1754556360,-29.99451,3385.11353,2145.96826,3.7017
1754556420,-29.99451,3371.6665,2141.74316,3.63913
1754556480,-29.99451,3385.11353,2141.74316,3.7017
1754556540,-29.99451,3371.6665,2139.63062,3.63913
1754556600,-29.99451,3414.15479,2137.51807,3.63913
1754556660,-29.99451,3358.21924,2135.40552,3.7017
1754556720,-29.99451,3385.11353,2133.29297,3.7017
1754556780,-29.99451,3358.21924,2133.29297,3.7017
1754556840,-29.99451,3385.11353,2129.06787,3.7017
1754556900,-29.99451,3371.6665,2126.95532,3.7017
1754556960,-29.99451,3385.11353,2126.95532,3.7017
1754557020,-29.99451,3371.6665,2124.84277,3.7017
1754557080,-29.99451,3371.6665,2124.84277,3.7017
1754557140,-29.99451,3371.6665,2122.73022,3.7017
1754557200,-29.99451,3385.11353,2122.73022,3.7017
1754557260,-29.99451,3358.21924,2120.61768,3.7017
1754557320,-29.99451,3371.6665,2120.61768,3.7017
1754557380,-29.99451,3358.21924,2118.50513,3.7017
1754557440,-29.99451,3385.11353,2118.50513,3.7017
1754557500,-29.99451,3358.21924,2116.39258,3.76427
1754557560,-29.99451,3385.11353,2116.39258,3.7017
1754557620,-29.99451,3385.11353,2116.39258,3.7017
1754557680,-29.99451,3358.21924,2116.39258,3.7017
1754557740,-29.99451,3385.11353,2116.39258,3.63913
1754557800,-29.99451,3385.11353,2116.39258,3.76427
1754557860,-29.99451,3371.6665,2116.39258,3.7017
1754557920,-29.99451,3371.6665,2116.39258,3.7017
1754557980,-29.99451,3371.6665,2116.39258,3.7017
1754558040,-29.99451,3358.21924,2116.39258,3.63913
1754558100,-29.99451,3371.6665,2118.50513,3.7017
1754558160,-29.99451,3371.6665,2118.50513,3.76427
1754558220,-29.99451,3385.11353,2118.50513,3.82685
1754558280,-29.99451,3358.21924,2120.61768,3.82685
1754558340,-29.99451,3385.11353,2120.61768,3.88942
1754558400,-29.99451,3358.21924,2122.73022,3.88942
1754558460,-29.99451,3371.6665,2122.73022,3.88942
1754558520,-29.99451,3371.6665,2124.84277,3.95199
1754558580,-29.99451,3358.21924,2124.84277,3.95199
1754558640,-29.99451,3371.6665,2124.84277,4.01456
1754558700,-29.99451,3358.21924,2126.95532,4.01456
1754558760,-29.99451,3371.6665,2129.06787,4.07714
1754558820,-29.99451,3385.11353,2129.06787,4.07714
1754558880,-29.99451,3371.6665,2131.18042,4.13971
1754558940,-29.99451,3385.11353,2135.40552,4.13971
1754559000,-29.99451,3358.21924,2135.40552,4.13971
1754559060,-29.99451,3385.11353,2137.51807,4.01456
1754559120,-29.99451,3371.6665,2139.63062,4.01456
1754559180,-29.99451,3371.6665,2141.74316,4.07714
1754559240,-29.99451,3358.21924,2145.96826,4.13971
1754559300,-29.99451,3385.11353,2145.96826,4.13971
1754559360,-29.99451,3385.11353,2145.96826,4.13971
1754559420,-29.99451,3385.11353,2145.96826,4.13971
1754559480,-29.99451,3385.11353,2145.96826,4.13971
1754559540,-29.99451,3385.11353,2145.96826,4.13971
1754559600,-29.99451,3385.11353,2145.96826,4.13971
1754559660,-29.99451,3385.11353,2145.96826,4.13971
1754559720,-29.99451,3371.6665,2162.86865,4.13971
1754559780,-29.99451,3385.11353,2162.86865,4.13971
1754559840,-29.99451,3371.6665,2167.09375,4.13971
1754559900,-29.99451,3371.6665,2167.09375,4.13971
1754559960,-29.99451,3385.11353,2169.2063,4.13971
1754560020,-29.99451,3385.11353,2169.2063,4.13971
1754560080,-29.99451,3399.14526,2169.2063,4.13971
1754560140,-29.99451,3371.6665,2169.2063,4.13971
1754560200,-29.99451,3371.6665,2169.2063,4.13971
1754560260,-29.99451,3385.11353,2169.2063,4.07714
1754560320,-29.99451,3371.6665,2169.2063,4.07714
1754560380,-29.99451,3385.11353,2167.09375,4.07714
1754560440,-29.99451,3371.6665,2164.9812,4.01456
1754560500,-29.99451,3385.11353,2167.09375,4.01456
1754560560,-29.99451,3385.11353,2164.9812,3.95199
1754560620,-29.99451,3385.11353,2164.9812,3.95199
1754560680,-29.99451,3385.11353,2164.9812,3.95199
1754560740,-29.99451,3385.11353,2164.9812,3.88942
1754560800,-29.99451,3358.21924,2164.9812,3.95199
1754560860,-29.99451,3371.6665,2164.9812,3.82685
1754560920,-29.99451,3371.6665,2167.09375,3.82685
1754560980,-29.99451,3385.11353,2167.09375,3.76427
1754561040,-29.99451,3385.11353,2167.09375,3.76427
1754561100,-29.99451,3399.14526,2167.09375,3.76427
1754561160,-29.99451,3385.11353,2164.9812,3.88942
1754561220,-29.99451,3371.6665,2162.86865,3.88942
1754561280,-29.99451,3371.6665,2160.7561,3.88942
1754561340,-29.99451,3371.6665,2158.64355,3.88942
1754561400,-29.99451,3385.11353,2156.53101,3.88942
1754561460,-29.99451,3385.11353,2154.41846,3.82685
1754561520,-29.99451,3385.11353,2150.19336,3.7017
1754561580,-29.99451,3385.11353,2150.19336,3.57656
1754561640,-29.99451,3371.6665,2145.96826,3.63913
1754561700,-29.99451,3371.6665,2143.85571,3.7017
1754561760,-29.99451,3371.6665,2143.85571,3.63913
1754561820,-29.99451,3385.11353,2141.74316,3.63913
1754561880,-29.99451,3371.6665,2137.51807,3.7017
1754561940,-29.99451,3385.11353,2137.51807,3.7017
1754562000,-29.99451,3371.6665,2135.40552,3.76427
1754562060,-29.99451,3385.11353,2135.40552,3.7017
1754562120,-29.99451,3371.6665,2133.29297,3.7017
1754562180,-29.99451,3385.11353,2131.18042,3.7017
1754562240,-29.99451,3371.6665,2129.06787,3.63913
1754562300,-29.99451,3344.77222,2129.06787,3.63913
1754562360,-29.99451,3385.11353,2126.95532,3.7017
1754562420,-29.99451,3371.6665,2124.84277,3.7017
1754562480,-29.99451,3358.21924,2122.73022,3.63913
1754562540,-29.99451,3371.6665,2122.73022,3.63913
1754562600,-29.99451,3385.11353,2120.61768,3.7017
1754562660,-29.99451,3371.6665,2120.61768,3.7017
1754562720,-29.99451,3371.6665,2118.50513,3.63913
1754562780,-29.99451,3371.6665,2118.50513,3.7017
1754562840,-29.99451,3385.11353,2114.28003,3.76427
1754562900,-29.99451,3385.11353,2114.28003,3.63913
1754562960,-29.99451,3385.11353,2112.16748,3.7017
1754563020,-29.99451,3371.6665,2112.16748,3.7017
1754563080,-29.99451,3371.6665,2112.16748,3.7017
1754563140,-29.99451,3385.11353,2112.16748,3.76427
1754563200,-29.99451,3371.6665,2110.05493,3.7017
1754563260,-29.99451,3371.6665,2112.16748,3.7017
1754563320,-29.99451,3371.6665,2112.16748,3.7017
1754563380,-29.99451,3371.6665,2112.16748,3.76427
1754563440,-29.99451,3371.6665,2112.16748,3.76427
1754563500,-29.99451,3371.6665,2112.16748,3.76427
1754563560,-29.99451,3385.11353,2112.16748,3.76427
1754563620,-29.99451,3371.6665,2114.28003,3.76427
1754563680,-29.99451,3371.6665,2114.28003,3.76427
1754563740,-29.99451,3371.6665,2114.28003,3.7017
1754563800,-29.99451,3358.21924,2114.28003,3.76427
1754563860,-29.99451,3371.6665,2114.28003,3.76427
1754563920,-29.99451,3385.11353,2116.39258,3.82685
1754563980,-29.99451,3358.21924,2118.50513,3.88942
1754564040,-29.99451,3399.14526,2116.39258,3.88942
1754564100,-29.99451,3371.6665,2120.61768,3.95199
1754564160,-29.99451,3358.21924,2120.61768,3.95199
1754564220,-29.99451,3358.21924,2120.61768,4.01456
1754564280,-29.99451,3371.6665,2122.73022,4.07714
1754564340,-29.99451,3358.21924,2124.84277,4.07714
1754564400,-29.99451,3385.11353,2126.95532,4.13971
1754564460,-29.99451,3371.6665,2129.06787,4.07714
1754564520,-29.99451,3371.6665,2131.18042,4.13971
1754564580,-29.99451,3358.21924,2133.29297,4.01456
1754564640,-29.99451,3358.21924,2135.40552,4.07714
1754564700,-29.99451,3371.6665,2135.40552,4.13971
1754564760,-29.99451,3371.6665,2139.63062,4.13971
1754564820,-29.99451,3371.6665,2141.74316,4.07714
1754564880,-29.99451,3371.6665,2143.85571,4.13971
1754564940,-29.99451,3371.6665,2145.96826,4.07714
1754565000,-29.99451,3371.6665,2148.08081,4.07714
1754565060,-29.99451,3385.11353,2150.19336,4.13971
1754565120,-29.99451,3371.6665,2152.30591,4.13971
1754565180,-29.99451,3371.6665,2154.41846,4.07714
1754565240,-29.99451,3371.6665,2156.53101,4.07714
1754565300,-29.99451,3358.21924,2160.7561,4.13971
1754565360,-29.99451,3358.21924,2162.86865,4.07714
1754565420,-29.99451,3358.21924,2164.9812,4.13971
1754565480,-29.99451,3371.6665,2167.09375,4.13971
1754565540,-29.99451,3371.6665,2167.09375,4.20228
1754565600,-29.99451,3371.6665,2167.09375,4.13971
1754565660,-29.99451,3371.6665,2169.2063,4.07714
1754565720,-29.99451,3385.11353,2169.2063,4.13971
1754565780,-29.99451,3385.11353,2171.31885,4.13971
1754565840,-29.99451,3358.21924,2169.2063,4.13971
1754565900,-29.99451,3371.6665,2169.2063,4.13971
1754565960,-29.99451,3385.11353,2169.2063,4.07714
1754566020,-29.99451,3385.11353,2167.09375,4.07714
1754566080,-29.99451,3385.11353,2167.09375,4.07714
1754566140,-29.99451,3371.6665,2167.09375,4.01456
1754566200,-29.99451,3385.11353,2164.9812,3.95199
1754566260,-29.99451,3371.6665,2164.9812,3.88942
1754566320,-29.99451,3385.11353,2167.09375,3.88942
1754566380,-29.99451,3399.14526,2167.09375,3.76427
1754566440,-29.99451,3358.21924,2169.2063,3.76427
1754566500,-29.99451,3371.6665,2169.2063,3.76427
1754566560,-29.99451,3371.6665,2169.2063,3.76427
1754566620,-29.99451,3371.6665,2169.2063,3.76427
1754566680,-29.99451,3385.11353,2169.2063,3.82685
1754566740,-29.99451,3385.11353,2169.2063,3.88942
1754566800,-29.99451,3385.11353,2169.2063,4.01456
1754566860,-29.99451,3371.6665,2167.09375,4.07714
1754566920,-29.99451,3371.6665,2164.9812,4.07714
1754566980,-29.99451,3385.11353,2162.86865,4.07714
1754567040,-29.99451,3385.11353,2160.7561,4.07714
1754567100,-29.99451,3371.6665,2158.64355,3.95199
1754567160,-29.99451,3385.11353,2156.53101,3.88942
1754567220,-29.99451,3399.14526,2154.41846,3.76427
1754567280,-29.99451,3371.6665,2150.19336,3.57656
1754567340,-29.99451,3385.11353,2150.19336,3.63913
1754567400,-29.99451,3385.11353,2148.08081,3.63913
1754567460,-29.99451,3371.6665,2145.96826,3.63913
1754567520,-29.99451,3385.11353,2143.85571,3.63913
1754567580,-29.99451,3385.11353,2141.74316,3.7017
1754567640,-29.99451,3371.6665,2139.63062,3.7017
1754567700,-29.99451,3371.6665,2137.51807,3.63913
1754567760,-29.99451,3371.6665,2135.40552,3.7017
1754567820,-29.99451,3371.6665,2135.40552,3.63913
1754567880,-29.99451,3371.6665,2133.29297,3.7017
1754567940,-29.99451,3385.11353,2131.18042,3.63913
1754568000,-29.99451,3358.21924,2129.06787,3.76427
1754568060,-29.99451,3385.11353,2126.95532,3.63913
1754568120,-29.99451,3385.11353,2126.95532,3.63913
1754568180,-29.99451,3371.6665,2126.95532,3.63913
1754568240,-29.99451,3385.11353,2124.84277,3.7017
1754568300,-29.99451,3371.6665,2122.73022,3.7017
1754568360,-29.99451,3371.6665,2120.61768,3.63913
1754568420,-29.99451,3358.21924,2118.50513,3.7017
1754568480,-29.99451,3371.6665,2118.50513,3.7017
1754568540,-29.99451,3385.11353,2116.39258,3.7017
1754568600,-29.99451,3371.6665,2116.39258,3.7017
1754568660,-29.99451,3385.11353,2114.28003,3.7017
1754568720,-29.99451,3371.6665,2114.28003,3.7017
1754568780,-29.99451,3371.6665,2116.39258,3.7017
1754568840,-29.99451,3358.21924,2114.28003,3.7017
1754568900,-29.99451,3385.11353,2114.28003,3.7017
1754568960,-29.99451,3371.6665,2114.28003,3.7017
1754569020,-29.99451,3385.11353,2114.28003,3.7017
1754569080,-29.99451,3358.21924,2116.39258,3.7017
1754569140,-29.99451,3371.6665,2114.28003,3.82685
1754569200,-29.99451,3358.21924,2116.39258,3.82685
1754569260,-29.99451,3358.21924,2118.50513,3.88942
1754569320,-29.99451,3358.21924,2116.39258,3.88942
1754569380,-29.99451,3371.6665,2118.50513,3.88942
1754569440,-29.99451,3371.6665,2118.50513,3.88942
1754569500,-29.99451,3385.11353,2120.61768,3.95199
1754569560,-29.99451,3371.6665,2118.50513,3.95199
1754569620,-29.99451,3385.11353,2120.61768,3.95199
1754569680,-29.99451,3371.6665,2122.73022,4.01456
1754569740,-29.99451,3385.11353,2122.73022,4.01456
1754569800,-29.99451,3371.6665,2124.84277,4.13971
1754569860,-29.99451,3371.6665,2126.95532,4.13971
1754569920,-29.99451,3371.6665,2126.95532,4.13971
1754569980,-29.99451,3371.6665,2129.06787,4.13971
1754570040,-29.99451,3371.6665,2131.18042,4.07714
1754570100,-29.99451,3371.6665,2131.18042,4.13971
1754570160,-29.99451,3358.21924,2133.29297,4.01456
1754570220,-29.99451,3385.11353,2133.29297,4.07714
1754570280,-29.99451,3371.6665,2137.51807,4.13971
1754570340,-29.99451,3371.6665,2139.63062,4.07714
1754570400,-29.99451,3385.11353,2141.74316,4.07714
1754570460,-29.99451,3371.6665,2143.85571,4.07714
1754570520,-29.99451,3371.6665,2143.85571,4.13971
1754570580,-29.99451,3371.6665,2145.96826,4.13971
1754570640,-29.99451,3371.6665,2148.08081,4.13971
1754570700,-29.99451,3385.11353,2150.19336,4.13971
1754570760,-29.99451,3358.21924,2152.30591,4.07714
1754570820,-29.99451,3358.21924,2154.41846,4.13971
1754570880,-29.99451,3358.21924,2156.53101,4.07714
1754570940,-29.99451,3371.6665,2158.64355,4.13971
1754571000,-29.99451,3371.6665,2158.64355,4.13971
1754571060,-29.99451,3344.77222,2162.86865,4.07714
1754571120,-29.99451,3371.6665,2162.86865,4.07714
1754571180,-29.99451,3371.6665,2164.9812,4.13971
1754571240,-29.99451,3371.6665,2164.9812,4.07714
1754571300,-29.99451,3371.6665,2164.9812,4.07714
1754571360,-29.99451,3385.11353,2167.09375,4.07714
1754571420,-29.99451,3385.11353,2167.09375,4.20228
1754571480,-29.99451,3385.11353,2169.2063,4.07714
1754571540,-29.99451,3371.6665,2169.2063,4.13971
1754571600,-29.99451,3385.11353,2169.2063,4.13971
1754571660,-29.99451,3358.21924,2167.09375,4.07714
1754571720,-29.99451,3399.14526,2169.2063,4.07714
1754571780,-29.99451,3385.11353,2169.2063,4.07714
1754571840,-29.99451,3385.11353,2169.2063,4.07714
1754571900,-29.99451,3385.11353,2169.2063,4.13971
1754571960,-29.99451,3371.6665,2169.2063,4.13971
1754572020,-29.99451,3385.11353,2169.2063,4.13971
1754572080,-29.99451,3385.11353,2169.2063,4.13971
1754572140,-29.99451,3385.11353,2171.31885,4.07714
1754572200,-29.99451,3385.11353,2169.2063,4.13971
1754572260,-29.99451,3371.6665,2169.2063,4.07714
1754572320,-29.99451,3385.11353,2167.09375,4.13971
1754572380,-29.99451,3371.6665,2167.09375,4.07714
1754572440,-29.99451,3371.6665,2164.9812,4.07714
1754572500,-29.99451,3358.21924,2162.86865,4.01456
1754572560,-29.99451,3385.11353,2160.7561,3.95199
1754572620,-29.99451,3385.11353,2158.64355,3.82685
1754572680,-29.99451,3385.11353,2154.41846,3.7017
1754572740,-29.99451,3371.6665,2152.30591,3.57656
1754572800,-29.99451,3371.6665,2150.19336,3.63913
1754572860,-29.99451,3371.6665,2148.08081,3.7017
1754572920,-29.99451,3385.11353,2145.96826,3.7017
1754572980,-29.99451,3385.11353,2143.85571,3.7017
1754573040,-29.99451,3385.11353,2141.74316,3.63913
1754573100,-29.99451,3385.11353,2139.63062,3.7017
1754573160,-29.99451,3371.6665,2137.51807,3.7017
1754573220,-29.99451,3385.11353,2135.40552,3.7017
1754573280,-29.99451,3371.6665,2135.40552,3.7017
1754573340,-29.99451,3371.6665,2131.18042,3.7017
1754573400,-29.99451,3371.6665,2131.18042,3.63913
1754573460,-29.99451,3358.21924,2129.06787,3.7017
1754573520,-29.99451,3385.11353,2129.06787,3.7017
1754573580,-29.99451,3385.11353,2126.95532,3.7017
1754573640,-29.99451,3371.6665,2124.84277,3.63913
1754573700,-29.99451,3371.6665,2122.73022,3.7017
1754573760,-29.99451,3385.11353,2122.73022,3.63913
1754573820,-29.99451,3385.11353,2120.61768,3.7017
1754573880,-29.99451,3371.6665,2118.50513,3.7017
1754573940,-29.99451,3371.6665,2118.50513,3.7017
1754574000,-29.99451,3371.6665,2118.50513,3.7017
1754574060,-29.99451,3371.6665,2116.39258,3.7017
1754574120,-29.99451,3358.21924,2116.39258,3.76427
1754574180,-29.99451,3385.11353,2116.39258,3.7017
1754574240,-29.99451,3358.21924,2114.28003,3.7017
1754574300,-29.99451,3385.11353,2114.28003,3.76427
1754574360,-29.99451,3358.21924,2112.16748,3.76427
1754574420,-29.99451,3371.6665,2112.16748,3.7017
1754574480,-29.99451,3371.6665,2114.28003,3.76427
1754574540,-29.99451,3385.11353,2112.16748,3.76427
1754574600,-29.99451,3371.6665,2114.28003,3.7017
1754574660,-29.99451,3385.11353,2114.28003,3.7017
1754574720,-29.99451,3371.6665,2114.28003,3.7017
1754574780,-29.99451,3358.21924,2114.28003,3.7017
1754574840,-29.99451,3358.21924,2114.28003,3.76427
1754574900,-29.99451,3385.11353,2116.39258,3.76427
1754574960,-29.99451,3371.6665,2116.39258,3.76427
1754575020,-29.99451,3385.11353,2116.39258,3.82685
1754575080,-29.99451,3358.21924,2116.39258,3.82685
1754575140,-29.99451,3358.21924,2118.50513,3.88942
1754575200,-29.99451,3371.6665,2118.50513,3.88942
1754575260,-29.99451,3371.6665,2120.61768,3.88942
1754575320,-29.99451,3358.21924,2120.61768,3.95199
1754575380,-29.99451,3385.11353,2120.61768,3.95199
1754575440,-29.99451,3371.6665,2122.73022,4.01456
1754575500,-29.99451,3385.11353,2122.73022,3.95199
1754575560,-29.99451,3371.6665,2124.84277,4.01456
1754575620,-29.99451,3358.21924,2126.95532,4.01456
1754575680,-29.99451,3385.11353,2129.06787,4.07714
1754575740,-29.99451,3371.6665,2131.18042,4.13971
1754575800,-29.99451,3385.11353,2131.18042,4.13971
1754575860,-29.99451,3358.21924,2135.40552,4.01456
1754575920,-29.99451,3385.11353,2135.40552,4.01456
1754575980,-29.99451,3371.6665,2139.63062,4.07714
1754576040,-29.99451,3385.11353,2139.63062,4.07714
1754576100,-29.99451,3371.6665,2141.74316,4.07714
1754576160,-29.99451,3371.6665,2143.85571,4.13971
1754576220,-29.99451,3371.6665,2145.96826,4.07714
1754576280,-29.99451,3371.6665,2148.08081,4.07714
1754576340,-29.99451,3385.11353,2150.19336,4.13971
1754576400,-29.99451,3385.11353,2152.30591,4.13971
1754576460,-29.99451,3385.11353,2154.41846,4.13971
1754576520,-29.99451,3358.21924,2156.53101,4.13971
1754576580,-29.99451,3371.6665,2156.53101,4.07714
1754576640,-29.99451,3371.6665,2158.64355,4.07714
1754576700,-29.99451,3385.11353,2158.64355,4.13971
1754576760,-29.99451,3371.6665,2160.7561,4.13971
1754576820,-29.99451,3371.6665,2162.86865,4.13971
1754576880,-29.99451,3371.6665,2164.9812,4.13971
1754576940,-29.99451,3385.11353,2164.9812,4.13971
1754577000,-29.99451,3371.6665,2164.9812,4.13971
1754577060,-29.99451,3371.6665,2164.9812,4.13971
1754577120,-29.99451,3371.6665,2167.09375,4.13971
1754577180,-29.99451,3385.11353,2167.09375,4.13971
1754577240,-29.99451,3358.21924,2169.2063,4.13971
1754577300,-29.99451,3371.6665,2169.2063,4.07714
1754577360,-29.99451,3385.11353,2169.2063,4.13971
1754577420,-29.99451,3385.11353,2169.2063,4.13971
1754577480,-29.99451,3371.6665,2171.31885,4.07714
1754577540,-29.99451,3385.11353,2171.31885,4.07714
1754577600,-29.99451,3385.11353,2171.31885,4.07714
1754577660,-29.99451,3385.11353,2171.31885,4.07714
1754577720,-29.99451,3371.6665,2171.31885,4.07714
1754577780,-29.99451,3385.11353,2171.31885,4.13971
1754577840,-29.99451,3385.11353,2171.31885,4.07714
1754577900,-29.99451,3385.11353,2169.2063,4.13971
1754577960,-29.99451,3385.11353,2167.09375,4.07714
1754578020,-29.99451,3371.6665,2164.9812,4.07714
1754578080,-29.99451,3385.11353,2162.86865,4.07714
1754578140,-29.99451,3371.6665,2160.7561,4.01456
1754578200,-29.99451,3385.11353,2158.64355,3.88942
1754578260,-29.99451,3385.11353,2154.41846,3.76427
1754578320,-29.99451,3385.11353,2154.41846,3.63913
1754578380,-29.99451,3385.11353,2152.30591,3.63913
1754578440,-29.99451,3385.11353,2148.08081,3.63913
1754578500,-29.99451,3371.6665,2145.96826,3.7017
1754578560,-29.99451,3371.6665,2143.85571,3.63913
1754578620,-29.99451,3385.11353,2141.74316,3.63913
1754578680,-29.99451,3371.6665,2139.63062,3.7017
1754578740,-29.99451,3385.11353,2137.51807,3.63913
1754578800,-29.99451,3385.11353,2135.40552,3.7017
1754578860,-29.99451,3371.6665,2135.40552,3.7017
1754578920,-29.99451,3371.6665,2131.18042,3.63913
1754578980,-29.99451,3358.21924,2131.18042,3.63913
1754579040,-29.99451,3385.11353,2129.06787,3.7017
1754579100,-29.99451,3385.11353,2126.95532,3.7017
1754579160,-29.99451,3385.11353,2126.95532,3.63913
1754579220,-29.99451,3358.21924,2124.84277,3.63913
1754579280,-29.99451,3385.11353,2122.73022,3.7017
1754579340,-29.99451,3371.6665,2122.73022,3.7017
1754579400,-29.99451,3371.6665,2120.61768,3.63913
1754579460,-29.99451,3371.6665,2118.50513,3.7017
1754579520,-29.99451,3385.11353,2118.50513,3.7017
1754579580,-29.99451,3371.6665,2116.39258,3.63913
1754579640,-29.99451,3371.6665,2116.39258,3.7017
1754579700,-29.99451,3371.6665,2114.28003,3.7017
1754579760,-29.99451,3371.6665,2112.16748,3.7017
1754579820,-29.99451,3385.11353,2112.16748,3.7017
1754579880,-29.99451,3371.6665,2110.05493,3.7017
1754579940,-29.99451,3358.21924,2112.16748,3.7017
1754580000,-29.99451,3371.6665,2112.16748,3.76427
1754580060,-29.99451,3371.6665,2110.05493,3.76427
1754580120,-29.99451,3385.11353,2112.16748,3.76427
1754580180,-29.99451,3371.6665,2112.16748,3.7017
1754580240,-29.99451,3385.11353,2112.16748,3.7017
1754580300,-29.99451,3358.21924,2112.16748,3.7017
1754580360,-29.99451,3371.6665,2112.16748,3.76427
1754580420,-29.99451,3385.11353,2114.28003,3.7017
1754580480,-29.99451,3358.21924,2114.28003,3.76427
1754580540,-29.99451,3385.11353,2116.39258,3.76427
1754580600,-29.99451,3371.6665,2116.39258,3.76427
1754580660,-29.99451,3371.6665,2118.50513,3.76427
1754580720,-29.99451,3358.21924,2118.50513,3.82685
1754580780,-29.99451,3371.6665,2118.50513,3.82685
1754580840,-29.99451,3371.6665,2120.61768,3.82685
1754580900,-29.99451,3371.6665,2120.61768,3.88942
1754580960,-29.99451,3385.11353,2122.73022,3.95199
1754581020,-29.99451,3358.21924,2124.84277,3.95199
1754581080,-29.99451,3371.6665,2124.84277,4.01456
1754581140,-29.99451,3358.21924,2126.95532,4.07714
1754581200,-29.99451,3385.11353,2129.06787,4.13971
1754581260,-29.99451,3385.11353,2131.18042,4.20228
1754581320,-29.99451,3385.11353,2131.18042,4.13971
1754581380,-29.99451,3358.21924,2133.29297,4.07714
1754581440,-29.99451,3385.11353,2135.40552,4.07714
1754581500,-29.99451,3371.6665,2137.51807,4.07714
1754581560,-29.99451,3371.6665,2139.63062,4.01456
1754581620,-29.99451,3358.21924,2141.74316,4.01456
1754581680,-29.99451,3371.6665,2143.85571,4.07714
1754581740,-29.99451,3371.6665,2145.96826,4.13971
1754581800,-29.99451,3371.6665,2148.08081,4.13971
1754581860,-29.99451,3371.6665,2150.19336,4.07714
1754581920,-29.99451,3371.6665,2150.19336,4.07714
1754581980,-29.99451,3371.6665,2152.30591,4.20228
1754582040,-29.99451,3371.6665,2154.41846,4.07714
1754582100,-29.99451,3358.21924,2156.53101,4.13971
1754582160,-29.99451,3358.21924,2156.53101,4.01456
1754582220,-29.99451,3385.11353,2158.64355,4.07714
1754582280,-29.99451,3385.11353,2160.7561,4.13971
1754582340,-29.99451,3385.11353,2160.7561,4.13971
1754582400,-29.99451,3385.11353,2162.86865,4.07714
1754582460,-29.99451,3358.21924,2162.86865,4.13971
1754582520,-29.99451,3371.6665,2164.9812,4.07714
1754582580,-29.99451,3358.21924,2162.86865,4.13971
1754582640,-29.99451,3385.11353,2164.9812,4.07714
1754582700,-29.99451,3385.11353,2164.9812,4.13971
1754582760,-29.99451,3385.11353,2164.9812,4.07714
1754582820,-29.99451,3385.11353,2164.9812,4.07714
1754582880,-29.99451,3371.6665,2164.9812,4.07714
1754582940,-29.99451,3371.6665,2164.9812,4.13971
1754583000,-29.99451,3371.6665,2162.86865,4.07714
1754583060,-29.99451,3371.6665,2164.9812,4.07714
1754583120,-29.99451,3371.6665,2164.9812,4.07714
1754583180,-29.99451,3371.6665,2164.9812,4.01456
1754583240,-29.99451,3371.6665,2167.09375,4.01456
1754583300,-29.99451,3385.11353,2167.09375,4.07714
1754583360,-29.99451,3385.11353,2167.09375,4.07714
1754583420,-29.99451,3371.6665,2164.9812,4.07714
1754583480,-29.99451,3371.6665,2167.09375,4.13971
1754583540,-29.99451,3371.6665,2164.9812,4.07714
1754583600,-29.99451,3385.11353,2162.86865,4.13971
1754583660,-29.99451,3371.6665,2162.86865,4.07714
1754583720,-29.99451,3371.6665,2158.64355,4.07714
1754583780,-29.99451,3399.14526,2156.53101,4.01456
1754583840,-29.99451,3385.11353,2154.41846,3.88942
1754583900,-29.99451,3385.11353,2152.30591,3.82685
1754583960,-29.99451,3385.11353,2150.19336,3.7017
1754584020,-29.99451,3385.11353,2148.08081,3.57656
1754584080,-29.99451,3358.21924,2145.96826,3.7017
1754584140,-29.99451,3385.11353,2143.85571,3.63913
1754584200,-29.99451,3385.11353,2141.74316,3.63913
1754584260,-29.99451,3358.21924,2137.51807,3.63913
1754584320,-29.99451,3371.6665,2137.51807,3.7017
1754584380,-29.99451,3385.11353,2135.40552,3.63913
1754584440,-29.99451,3385.11353,2133.29297,3.7017
1754584500,-29.99451,3385.11353,2131.18042,3.63913
1754584560,-29.99451,3385.11353,2129.06787,3.63913
1754584620,-29.99451,3385.11353,2129.06787,3.7017
1754584680,-29.99451,3371.6665,2124.84277,3.63913
1754584740,-29.99451,3371.6665,2124.84277,3.7017
1754584800,-29.99451,3371.6665,2124.84277,3.7017
1754584860,-29.99451,3399.14526,2120.61768,3.7017
1754584920,-29.99451,3371.6665,2120.61768,3.63913
1754584980,-29.99451,3358.21924,2118.50513,3.63913
1754585040,-29.99451,3371.6665,2118.50513,3.7017
1754585100,-29.99451,3385.11353,2116.39258,3.63913
1754585160,-29.99451,3371.6665,2114.28003,3.7017
1754585220,-29.99451,3371.6665,2116.39258,3.7017
1754585280,-29.99451,3371.6665,2114.28003,3.63913
1754585340,-29.99451,3385.11353,2114.28003,3.7017
1754585400,-29.99451,3385.11353,2112.16748,3.63913
1754585460,-29.99451,3385.11353,2112.16748,3.7017
1754585520,-29.99451,3385.11353,2114.28003,3.7017
1754585580,-29.99451,3371.6665,2112.16748,3.7017
1754585640,-29.99451,3358.21924,2112.16748,3.7017
1754585700,-29.99451,3358.21924,2112.16748,3.76427
1754585760,-29.99451,3371.6665,2112.16748,3.76427
1754585820,-29.99451,3358.21924,2112.16748,3.76427
1754585880,-29.99451,3358.21924,2114.28003,3.76427
1754585940,-29.99451,3371.6665,2114.28003,3.76427
1754586000,-29.99451,3385.11353,2114.28003,3.76427
1754586060,-29.99451,3371.6665,2116.39258,3.76427
1754586120,-29.99451,3371.6665,2116.39258,3.76427
1754586180,-29.99451,3385.11353,2116.39258,3.76427
1754586240,-29.99451,3371.6665,2116.39258,3.76427
1754586300,-29.99451,3371.6665,2118.50513,3.82685
1754586360,-29.99451,3358.21924,2120.61768,3.82685
1754586420,-29.99451,3371.6665,2120.61768,3.88942
1754586480,-29.99451,3371.6665,2122.73022,3.88942
1754586540,-29.99451,3371.6665,2122.73022,3.95199
1754586600,-29.99451,3371.6665,2124.84277,3.95199
1754586660,-29.99451,3358.21924,2124.84277,4.01456
1754586720,-29.99451,3399.14526,2126.95532,4.07714
1754586780,-29.99451,3371.6665,2129.06787,4.13971
1754586840,-29.99451,3371.6665,2131.18042,4.07714
1754586900,-29.99451,3371.6665,2133.29297,4.07714
1754586960,-29.99451,3371.6665,2135.40552,4.07714
1754587020,-29.99451,3371.6665,2137.51807,4.07714
1754587080,-29.99451,3358.21924,2139.63062,4.07714
1754587140,-29.99451,3371.6665,2143.85571,4.13971
1754587200,-29.99451,3385.11353,2145.96826,4.07714
1754587260,-29.99451,3371.6665,2145.96826,4.07714
1754587320,-29.99451,3358.21924,2148.08081,4.07714
1754587380,-29.99451,3358.21924,2150.19336,4.13971
1754587440,-29.99451,3371.6665,2152.30591,4.07714
1754587500,-29.99451,3358.21924,2154.41846,4.13971
1754587560,-29.99451,3385.11353,2154.41846,4.13971
1754587620,-29.99451,3371.6665,2156.53101,4.07714
1754587680,-29.99451,3371.6665,2158.64355,4.13971
1754587740,-29.99451,3385.11353,2158.64355,4.07714
1754587800,-29.99451,3385.11353,2160.7561,4.13971
1754587860,-29.99451,3371.6665,2162.86865,4.13971
1754587920,-29.99451,3385.11353,2162.86865,4.13971
1754587980,-29.99451,3385.11353,2162.86865,4.13971
1754588040,-29.99451,3385.11353,2162.86865,4.13971
1754588100,-29.99451,3371.6665,2164.9812,4.13971
1754588160,-29.99451,3371.6665,2164.9812,4.07714
1754588220,-29.99451,3385.11353,2164.9812,4.13971
1754588280,-29.99451,3371.6665,2164.9812,4.13971
1754588340,-29.99451,3385.11353,2167.09375,4.07714
