1754470860,290.12878,159.90967,0,15.89722,160.16602,0,343.86108,160.5249,0,15.38635,160.21729,0,339.5929
1754470920,286.4209,159.80713,0,16.19385,160.16602,0,343.86658,160.5249,0,15.65552,160.06348,0,340.16968
1754470980,282.72949,159.70459,0,16.2323,160.11475,0,343.87207,160.5249,0,15.82581,159.96094,0,340.19714
1754471040,279.01062,159.60205,0,16.22681,160.16602,0,343.87207,160.5249,0,15.83679,159.90967,0,340.18616
1754471100,275.30273,159.65332,0,16.22131,160.16602,0,343.87207,160.57617,0,17.1991,159.96094,0,340.16968
1754471160,271.60034,159.65332,0,16.22131,160.21729,0,343.87756,160.57617,0,17.17163,159.90967,0,340.16968
1754471220,267.89246,159.65332,0,16.21033,160.16602,0,343.87756,160.47363,0,17.03979,160.16602,0,340.15869
1754471280,264.1571,159.60205,0,16.19934,160.21729,0,343.88855,160.47363,0,15.13367,160.11475,0,340.1532
1754471340,260.43823,159.60205,0,16.16089,160.26855,0,344.05334,160.47363,0,15.0238,160.16602,0,340.1532
1754471400,256.71387,159.44824,0,15.9082,160.26855,0,344.21265,160.42236,0,15.04578,160.06348,0,340.1532
1754471460,252.98401,159.44824,0,15.62256,160.11475,0,344.59717,160.47363,0,15.09521,160.01221,0,340.1532
1754471520,249.24316,159.44824,0,15.33142,160.01221,0,344.59717,160.42236,0,15.27649,160.11475,0,340.16418
1754471580,245.50781,159.39697,0,15.12817,160.06348,0,344.59167,160.47363,0,15.48523,160.01221,0,340.18066
1754471640,241.76697,159.55078,0,15.12817,160.06348,0,344.59717,160.47363,0,15.48523,159.8584,0,340.77393
1754471700,238.03162,151.14258,0,15.12268,151.29639,0,345.34424,151.29639,0,15.47424,151.14258,0,341.30676
1754471760,234.27429,151.14258,0,15.07324,151.29639,0,345.76172,151.29639,0,15.45776,151.14258,0,341.30127
1754471820,230.52246,151.14258,0,14.28223,151.29639,0,345.75623,151.24512,0,15.30396,151.14258,0,341.29578
1754471880,226.76514,151.14258,0,14.17786,151.29639,0,345.74524,151.24512,0,14.47998,151.14258,0,341.30676
1754471940,222.98584,151.14258,0,14.17236,151.29639,0,345.74524,151.29639,0,13.60107,151.14258,0,341.85059
1754472000,219.21204,151.09131,0,14.16687,151.34766,0,345.75073,151.29639,0,13.61206,151.09131,0,342.41089
1754472060,215.42725,151.14258,0,13.53516,151.29639,0,345.77271,151.29639,0,13.61755,151.09131,0,342.4054
1754472120,211.63147,151.14258,0,13.44727,151.34766,0,347.02515,151.24512,0,13.61206,151.19385,0,342.41089
1754472180,207.81372,151.14258,0,12.88696,151.34766,0,347.03613,151.29639,0,13.60107,151.14258,0,342.87231
1754472240,203.99048,151.09131,0,12.83203,151.34766,0,347.04163,151.29639,0,13.0188,151.19385,0,343.47107
1754472300,200.15625,151.09131,0,12.82104,151.34766,0,347.05261,151.24512,0,12.18933,151.14258,0,343.46558
1754472360,196.31104,151.09131,0,12.55737,151.24512,0,347.75574,151.29639,0,12.19482,151.09131,0,343.47107
1754472420,192.46033,151.14258,0,11.77734,151.29639,0,348.17871,151.24512,0,12.20032,151.14258,0,343.48206
1754472480,188.58765,151.14258,0,11.77185,151.19385,0,348.17871,151.24512,0,12.14539,151.14258,0,344.59717
1754472540,184.71497,151.14258,0,11.74988,151.24512,0,348.1842,151.29639,0,12.11243,151.14258,0,344.65759
1754472600,180.83679,151.09131,0,11.5741,151.24512,0,348.91479,151.24512,0,10.46997,151.14258,0,344.65759
1754472660,176.95313,151.14258,0,10.83252,151.24512,0,349.02466,151.24512,0,10.49744,151.14258,0,344.66309
1754472720,173.05298,151.09131,0,10.83252,151.29639,0,349.10706,151.29639,0,10.50842,151.19385,0,344.69055
1754472780,169.14185,151.09131,0,10.82153,151.29639,0,349.49158,151.24512,0,10.51392,151.14258,0,346.16821
1754472840,165.20325,151.14258,0,9.73938,151.24512,0,349.73877,151.24512,0,10.51392,151.19385,0,346.14624
1754472900,161.29211,151.14258,0,9.73938,151.34766,0,350.25513,151.24512,0,10.50293,151.14258,0,346.12976
1754472960,157.34253,151.14258,0,9.74487,151.29639,0,350.24963,151.24512,0,10.47546,151.19385,0,346.12976
1754473020,153.40393,151.14258,0,9.74487,151.34766,0,350.24963,151.24512,0,9.48669,151.09131,0,346.13525
1754473080,149.42139,151.14258,0,9.73938,151.34766,0,350.25513,151.19385,0,8.8385,151.14258,0,346.14624
1754473140,145.4718,151.09131,0,9.34937,151.29639,0,350.83191,151.24512,0,8.84949,151.14258,0,346.19019
1754473200,141.48926,151.09131,0,8.75061,151.34766,0,351.15051,151.24512,0,8.85498,151.14258,0,347.17896
1754473260,137.42432,151.09131,0,8.7561,151.24512,0,351.15601,151.19385,0,8.85498,151.14258,0,347.23389
1754473320,134.69421,151.09131,0,8.7561,151.24512,0,351.15601,151.24512,0,8.85498,151.14258,0,347.23938
1754473380,129.61853,151.14258,0,8.75061,151.24512,0,351.16699,151.24512,0,8.85498,151.14258,0,347.27783
1754473440,125.48218,151.14258,0,8.63525,151.29639,0,351.91956,151.24512,0,8.82751,151.14258,0,347.45911
1754473500,121.4447,151.14258,0,8.12439,151.24512,0,351.91956,151.24512,0,8.82202,151.19385,0,347.59094
1754473560,117.39624,151.14258,0,8.02002,151.24512,0,351.91406,151.24512,0,8.17383,151.14258,0,347.59644
1754473620,113.34229,151.14258,0,8.01453,151.29639,0,351.90857,151.24512,0,7.28394,151.09131,0,348.59619
1754473680,109.30481,151.14258,0,8.02002,151.29639,0,351.90857,151.24512,0,7.30042,151.14258,0,348.58521
1754473740,105.22888,151.65527,0,8.02002,158.6792,0,351.91406,151.80908,0,7.36084,159.96094,0,348.55774
1754473800,101.16394,151.65527,0,8.02002,151.75781,0,351.91406,151.80908,0,7.55859,151.604,0,348.53027
1754473860,97.09351,151.604,0,8.02002,151.75781,0,351.91956,151.80908,0,8.25623,151.604,0,348.05786
1754473920,93.02307,151.604,0,8.02002,151.70654,0,351.91956,151.75781,0,8.25073,151.65527,0,348.04688
1754473980,88.95265,151.604,0,8.02002,151.75781,0,351.93604,151.80908,0,8.23975,151.604,0,348.0249
1754474040,84.88771,151.55273,0,8.02002,151.75781,0,352.21069,151.80908,0,8.23425,151.65527,0,347.99744
1754474100,80.81178,151.50146,0,8.01453,151.75781,0,352.2052,151.75781,0,8.22876,151.65527,0,347.71179
1754474160,76.74684,151.50146,0,8.02551,151.75781,0,352.19971,151.75781,0,8.21777,151.65527,0,347.71179
1754474220,72.66542,151.55273,0,8.03101,151.70654,0,352.17224,151.80908,0,8.21777,151.65527,0,347.71179
1754474280,68.61696,151.50146,0,8.0365,151.70654,0,352.06238,151.80908,0,8.22876,151.55273,0,347.71729
1754474340,64.5685,151.55273,0,8.05847,151.75781,0,351.55151,151.86035,0,8.23425,151.65527,0,347.7063
1754474400,60.52003,151.55273,0,8.42651,151.70654,0,351.00769,151.80908,0,8.23975,151.604,0,347.69531
1754474460,56.48805,151.50146,0,8.80005,151.75781,0,351.01868,151.86035,0,8.25623,151.604,0,347.48657
1754474520,52.45058,151.55273,0,8.95386,151.80908,0,351.01868,151.86035,0,9.53613,151.65527,0,346.47034
1754474580,48.43507,151.55273,0,8.98132,151.70654,0,351.01318,151.80908,0,9.54163,151.604,0,346.48132
1754474640,44.41957,151.50146,0,9.60754,151.75781,0,351.0022,151.80908,0,9.52515,151.65527,0,346.4978
1754474700,40.42055,151.604,0,9.60205,151.75781,0,350.51331,151.86035,0,9.53064,151.604,0,346.4978
1754474760,36.43251,151.55273,0,9.61304,151.75781,0,350.07935,151.80908,0,9.52515,151.604,0,346.49231
1754474820,32.46095,151.50146,0,10.09644,151.75781,0,349.953,151.80908,0,9.54712,151.604,0,346.47583
1754474880,28.50038,151.55273,0,10.26123,151.70654,0,349.85962,151.80908,0,10.32715,151.604,0,345.72876
1754474940,24.5508,151.55273,0,10.26672,151.75781,0,349.26636,151.86035,0,10.96985,151.604,0,345.47607
1754475000,20.62868,151.55273,0,11.4093,151.75781,0,349.08508,151.86035,0,10.95886,151.55273,0,345.16296
1754475060,16.70656,151.604,0,11.54114,151.80908,0,349.0741,151.80908,0,10.95337,151.65527,0,345.09155
1754475120,12.8119,151.55273,0,11.52466,151.75781,0,348.75549,151.86035,0,10.96985,151.65527,0,344.4873
1754475180,8.93373,151.55273,0,11.51917,151.75781,0,348.15674,151.91162,0,10.98083,151.604,0,344.47632
1754475240,4.99513,151.55273,0,11.53015,151.75781,0,348.15674,151.86035,0,12.95837,151.604,0,344.45984
1754475300,1.18837,151.50146,0,11.82678,151.70654,0,348.15125,151.80908,0,13.30444,151.604,0,343.24036
1754475360,357.34863,151.55273,0,12.50793,151.70654,0,347.31628,151.86035,0,13.24951,151.604,0,343.25684
1754475420,353.65173,151.55273,0,12.83203,151.80908,0,346.86035,151.91162,0,12.96387,151.65527,0,343.26782
1754475480,349.69116,151.55273,0,12.90894,157.55127,0,346.86584,151.86035,0,12.65625,151.65527,0,343.25684
1754475540,345.95032,151.55273,0,12.9364,159.14063,0,346.86584,151.80908,0,12.66724,151.65527,0,343.23486
1754475600,342.1051,151.55273,0,13.68896,160.21729,0,346.86035,151.86035,0,12.68921,151.65527,0,342.05933
1754475660,338.3313,151.50146,0,13.70544,160.31982,0,346.72852,151.86035,0,12.87048,151.65527,0,341.90552
1754475720,334.62341,151.55273,0,13.81531,160.31982,0,345.64087,151.86035,0,14.23279,151.65527,0,341.91101
1754475780,330.80566,151.55273,0,14.23828,160.31982,0,345.65186,151.91162,0,14.36462,151.604,0,341.90002
1754475840,327.11975,151.55273,0,14.49646,160.31982,0,345.65186,159.3457,0,14.37561,151.604,0,341.90002
1754475900,323.29651,151.55273,0,14.85352,160.26855,0,345.6189,160.37109,0,14.41956,151.604,0,341.40015
1754475960,319.53918,151.55273,0,14.84802,160.37109,0,344.9762,160.5249,0,15.12817,151.65527,0,341.18042
1754476020,315.82031,151.55273,0,14.97986,160.26855,0,344.93774,160.47363,0,15.38635,151.604,0,340.68054
1754476080,315.38635,151.55273,0,14.99634,160.26855,0,344.93225,160.47363,0,15.39185,151.604,0,340.68604
1754476140,315.38635,151.55273,0,14.99634,160.26855,0,344.93225,160.47363,0,15.39185,151.604,0,340.68604
1754476200,315.38635,151.55273,0,14.99634,160.26855,0,344.93225,160.47363,0,15.39185,151.604,0,340.68604
1754476260,300.91736,151.604,0,15.86426,160.37109,0,344.17419,160.5249,0,15.47974,151.65527,0,340.61462
1754476320,297.21497,158.62793,0,15.86426,160.31982,0,344.17419,160.62744,0,15.54565,151.50146,0,339.54346
1754476380,293.50708,160.01221,0,15.86426,160.21729,0,344.17419,160.62744,0,15.74341,158.93555,0,339.55994
1754476440,289.78821,159.96094,0,15.86426,160.11475,0,344.17419,160.57617,0,15.80383,159.70459,0,339.57642
1754476500,286.08032,160.01221,0,15.86975,160.11475,0,344.15222,160.57617,0,15.82581,160.06348,0,339.60388
1754476560,282.39441,159.90967,0,15.87524,160.16602,0,344.02588,160.62744,0,15.83679,159.96094,0,340.14221
1754476620,278.68103,159.8584,0,15.88074,160.11475,0,344.01489,160.57617,0,15.84229,159.96094,0,340.18066
1754476680,274.97864,159.75586,0,16.10596,160.11475,0,344.0094,160.62744,0,17.1936,160.11475,0,340.17517
1754476740,271.28174,159.75586,0,16.10046,160.06348,0,343.99841,160.57617,0,17.15515,160.11475,0,340.16418
1754476800,267.52441,159.65332,0,16.08948,160.01221,0,343.99841,160.5249,0,16.94092,160.11475,0,340.16968
1754476860,263.88245,159.65332,0,16.07849,160.16602,0,344.00391,160.5249,0,15.00732,160.11475,0,340.16968
1754476920,260.17456,159.60205,0,16.0675,160.11475,0,344.01489,160.5249,0,15.0293,160.16602,0,340.16418
1754476980,256.46118,159.60205,0,16.03455,160.06348,0,344.03137,160.47363,0,15.04578,160.01221,0,340.17517
1754477040,252.73682,159.55078,0,15.60059,159.96094,0,344.08081,160.42236,0,15.15015,160.01221,0,340.20264
1754477100,249.01245,159.55078,0,15.1062,159.75586,0,344.59717,160.47363,0,15.23804,160.06348,0,340.83435
1754477160,245.29358,159.70459,0,15.1062,159.8584,0,344.60815,160.47363,0,15.28748,159.96094,0,340.9552
1754477220,241.54724,159.70459,0,15.11169,159.80713,0,345.43762,160.47363,0,15.29846,159.96094,0,340.94971
1754477280,237.79541,151.14258,0,15.08972,151.29639,0,345.56946,151.29639,0,15.28748,151.14258,0,340.98267
1754477340,234.04358,151.14258,0,14.71619,151.29639,0,345.55847,151.34766,0,15.2655,151.14258,0,341.54297
1754477400,230.28625,151.14258,0,14.16138,151.29639,0,345.54749,151.29639,0,15.21057,151.19385,0,341.55945
1754477460,226.51245,151.19385,0,14.16138,151.29639,0,345.55298,151.24512,0,14.60083,151.14258,0,341.57043
1754477520,222.73865,151.14258,0,14.16138,151.29639,0,345.57495,151.24512,0,13.50769,151.19385,0,341.63086
1754477580,218.95386,151.14258,0,14.12842,151.29639,0,346.32751,151.29639,0,13.51318,151.14258,0,342.75146
1754477640,215.15259,151.14258,0,13.4967,151.29639,0,346.5802,151.29639,0,13.51868,151.14258,0,342.74597
1754477700,211.35681,151.14258,0,13.44177,151.24512,0,346.5802,151.24512,0,13.51868,151.14258,0,342.74597
1754477760,207.55554,151.14258,0,12.78809,151.29639,0,347.05261,151.24512,0,13.4967,151.14258,0,342.75146
1754477820,203.71582,151.14258,0,12.7771,151.24512,0,347.32727,151.24512,0,12.65625,151.09131,0,342.77344
1754477880,199.89258,151.09131,0,12.68921,151.29639,0,347.32727,151.29639,0,12.65076,151.14258,0,343.65784
1754477940,196.05286,151.14258,0,12.18933,151.29639,0,347.84363,151.24512,0,12.15637,151.09131,0,343.75671
1754478000,192.20215,151.14258,0,11.68396,151.29639,0,348.49182,151.29639,0,11.30493,151.14258,0,343.76221
1754478060,188.33496,151.14258,0,11.68945,151.29639,0,348.48633,151.29639,0,11.31592,151.14258,0,344.42688
1754478120,184.45679,151.09131,0,11.68396,151.24512,0,348.49182,151.24512,0,11.32141,151.09131,0,345.56946
1754478180,180.56763,151.09131,0,11.05774,151.29639,0,348.50281,151.29639,0,11.32141,151.14258,0,345.54199
1754478240,176.69495,151.14258,0,10.83252,151.29639,0,348.78845,151.29639,0,11.31042,151.14258,0,345.52551
1754478300,172.78381,151.14258,0,10.82703,151.29639,0,349.4751,151.29639,0,11.29944,151.19385,0,345.49255
1754478360,168.86719,151.14258,0,10.17883,151.29639,0,349.4751,151.24512,0,10.05798,151.09131,0,345.25635
1754478420,164.94507,151.09131,0,9.74487,151.29639,0,349.88708,151.24512,0,9.49768,151.19385,0,345.27283
1754478480,160.99548,151.14258,0,9.75586,151.29639,0,350.44739,151.24512,0,9.50317,151.14258,0,345.2948
1754478540,157.06787,151.14258,0,9.75586,151.29639,0,350.44739,151.24512,0,9.51416,151.14258,0,345.64087
1754478600,153.09631,151.14258,0,9.75037,151.24512,0,350.44189,151.24512,0,9.50867,151.14258,0,346.63513
1754478660,149.14124,151.14258,0,9.73938,151.29639,0,350.44739,151.24512,0,9.50867,151.14258,0,346.65161
1754478720,145.18066,151.14258,0,8.84399,151.24512,0,350.46387,151.24512,0,9.50867,151.14258,0,346.68457
1754478780,141.18164,151.14258,0,8.7561,151.24512,0,351.37024,151.24512,0,9.49768,151.14258,0,347.41516
1754478840,137.1936,151.14258,0,8.7561,151.29639,0,351.36475,151.24512,0,9.47571,151.14258,0,347.41516
1754478900,133.19458,151.14258,0,8.7561,151.24512,0,351.36475,151.24512,0,7.61902,151.14258,0,347.41516
1754478960,129.91516,151.14258,0,8.71216,151.24512,0,351.37024,151.24512,0,7.6355,151.14258,0,347.40967
1754479020,125.23499,151.14258,0,8.17932,151.29639,0,351.38672,151.24512,0,7.66296,151.14258,0,347.42615
1754479080,121.14258,151.09131,0,8.17932,151.29639,0,351.90308,151.24512,0,7.88269,151.19385,0,347.60742
1754479140,117.13257,151.14258,0,8.17932,151.29639,0,351.91406,151.24512,0,8.13538,151.14258,0,348.30505
1754479200,113.08411,151.14258,0,8.17383,151.29639,0,351.90857,151.24512,0,8.25623,151.14258,0,348.29407
1754479260,109.04114,151.14258,0,7.9541,151.34766,0,351.92505,151.24512,0,8.23975,151.14258,0,348.29407
1754479320,104.98718,151.65527,0,7.95959,151.70654,0,351.93054,151.80908,0,8.23975,151.65527,0,348.27759
1754479380,100.91675,151.65527,0,7.94861,151.70654,0,352.41394,151.80908,0,8.23425,151.70654,0,348.26111
1754479440,96.82983,151.65527,0,7.93762,151.75781,0,352.40845,151.80908,0,8.22327,151.604,0,348.2666
1754479500,92.74292,151.604,0,7.92114,151.65527,0,352.39746,151.80908,0,8.20129,151.604,0,348.25562
1754479560,88.69447,151.50146,0,7.78931,151.70654,0,352.38098,151.80908,0,8.1958,151.604,0,348.17871
1754479620,84.62953,151.50146,0,7.78381,151.75781,0,352.37,151.75781,0,8.16833,151.55273,0,348.13477
1754479680,80.5536,151.50146,0,7.80029,151.65527,0,352.24365,151.80908,0,7.83875,151.55273,0,348.11829
1754479740,76.49416,151.50146,0,7.82227,151.70654,0,351.79321,151.80908,0,7.84424,151.55273,0,348.00293
1754479800,72.41823,151.50146,0,7.83325,151.65527,0,351.55701,151.75781,0,7.84973,151.604,0,347.68433
1754479860,68.35329,151.50146,0,7.84973,151.70654,0,351.56799,151.80908,0,7.8717,151.55273,0,347.69531
1754479920,64.3213,151.55273,0,8.31116,151.65527,0,351.56799,151.80908,0,7.91016,151.604,0,347.68982
1754479980,60.27834,151.55273,0,8.56934,151.70654,0,351.56799,151.75781,0,8.00354,151.604,0,347.67883
1754480040,56.23537,151.55273,0,8.78357,151.70654,0,351.55701,151.80908,0,9.00879,151.604,0,347.47009
1754480100,52.20338,151.55273,0,8.78906,151.70654,0,351.17798,151.80908,0,9.13513,151.65527,0,346.60767
1754480160,48.18788,151.50146,0,8.97583,151.75781,0,350.83191,151.80908,0,9.12964,151.65527,0,346.61865
1754480220,44.18336,151.50146,0,9.54163,151.75781,0,350.81543,151.80908,0,9.13513,151.604,0,346.62415
1754480280,40.18983,151.55273,0,9.63501,151.75781,0,350.40344,151.80908,0,9.18457,151.604,0,346.62415
1754480340,36.20729,151.55273,0,9.63501,151.75781,0,350.21667,151.86035,0,9.38782,151.604,0,346.61316
1754480400,32.24123,151.50146,0,9.68994,151.70654,0,350.21667,151.86035,0,10.37659,151.604,0,346.58569
1754480460,28.29164,151.50146,0,10.26123,151.75781,0,349.61243,151.80908,0,10.37109,151.65527,0,345.48706
1754480520,24.33656,151.55273,0,10.26672,151.80908,0,349.38721,151.80908,0,10.37109,151.604,0,345.48706
1754480580,20.40346,151.55273,0,11.0083,151.70654,0,349.38171,151.86035,0,10.58533,151.604,0,345.40466
1754480640,16.49232,151.50146,0,11.43127,151.75781,0,349.37622,151.86035,0,10.60181,151.65527,0,345.15747
1754480700,12.5757,151.50146,0,11.42578,151.70654,0,348.25012,151.86035,0,11.59607,151.55273,0,345.03113
1754480760,8.68104,151.50146,0,11.42578,151.75781,0,348.26111,151.80908,0,11.60706,151.65527,0,343.92151
1754480820,4.81935,151.50146,0,11.43677,151.70654,0,348.26111,151.86035,0,11.60706,151.55273,0,343.93799
1754480880,0.94118,151.50146,0,11.95862,151.70654,0,348.25012,151.86035,0,11.69495,151.604,0,343.93799
1754480940,357.10144,151.55273,0,12.38159,151.70654,0,347.61841,151.86035,0,12.89795,151.604,0,343.9325
1754481000,353.26172,151.50146,0,12.73315,151.70654,0,347.15149,151.86035,0,12.88696,151.65527,0,343.90503
1754481060,349.43848,151.55273,0,12.90344,151.75781,0,347.15149,151.86035,0,12.89246,151.604,0,342.74048
1754481120,345.62622,151.55273,0,12.93091,151.75781,0,347.1405,151.86035,0,12.89246,151.604,0,342.69104
1754481180,341.83044,151.55273,0,13.66699,151.75781,0,346.23962,151.86035,0,13.13416,151.65527,0,342.69104
1754481240,338.06213,151.55273,0,13.67249,151.96289,0,346.23413,151.86035,0,13.96362,151.604,0,342.65259
1754481300,334.26636,151.55273,0,13.85925,158.98682,0,346.22864,151.86035,0,14.00757,151.604,0,341.66382
1754481360,330.50903,151.55273,0,14.23828,159.70459,0,345.63538,151.96289,0,14.15588,151.604,0,341.66931
1754481420,326.78467,151.55273,0,14.27124,160.21729,0,345.27832,159.08936,0,14.19983,151.65527,0,341.66931
1754481480,323.02734,151.55273,0,14.84802,160.16602,0,345.27832,160.26855,0,14.7052,151.65527,0,341.63086
1754481540,319.29749,151.55273,0,14.85901,160.16602,0,345.28381,160.57617,0,15.19958,151.604,0,341.40564
1754481600,315.56763,151.55273,0,14.96338,160.26855,0,345.27283,160.57617,0,15.20508,151.604,0,340.66406
1754481660,312.60681,151.55273,0,14.97437,160.26855,0,344.82788,160.57617,0,15.20508,151.604,0,340.66406
1754481720,312.60681,151.55273,0,14.97437,160.26855,0,344.82788,160.57617,0,15.20508,151.604,0,340.66406
1754481780,312.60681,151.55273,0,14.97437,160.26855,0,344.82788,160.57617,0,15.20508,151.604,0,340.66406
1754481840,312.60681,151.55273,0,14.97437,160.26855,0,344.82788,160.57617,0,15.20508,151.604,0,340.66406
1754481900,312.60681,151.55273,0,14.97437,160.26855,0,344.82788,160.57617,0,15.20508,151.604,0,340.66406
1754481960,312.60681,151.55273,0,14.97437,160.26855,0,344.82788,160.57617,0,15.20508,151.604,0,340.66406
1754482020,312.60681,151.55273,0,14.97437,160.26855,0,344.82788,160.57617,0,15.20508,151.604,0,340.66406
1754482080,312.60681,151.55273,0,14.97437,160.26855,0,344.82788,160.57617,0,15.20508,151.604,0,340.66406
1754482140,312.60681,151.55273,0,14.97437,160.26855,0,344.82788,160.57617,0,15.20508,151.604,0,340.66406
1754482200,312.60681,151.55273,0,14.97437,160.26855,0,344.82788,160.57617,0,15.20508,151.604,0,340.66406
1754482260,312.60681,151.55273,0,14.97437,160.26855,0,344.82788,160.57617,0,15.20508,151.604,0,340.66406
1754482320,271.12793,159.65332,0,15.86426,160.21729,0,344.07532,160.42236,0,15.81482,160.06348,0,340.19714
1754482380,267.43103,159.70459,0,15.85876,160.11475,0,344.0863,160.47363,0,15.82031,159.90967,0,340.20813
1754482440,263.70667,159.65332,0,15.85327,160.21729,0,344.10828,160.47363,0,15.81482,159.90967,0,340.2301
1754482500,259.99329,159.55078,0,15.84778,160.26855,0,344.19617,160.47363,0,15.82031,159.90967,0,340.24109
1754482560,256.26343,159.55078,0,15.84778,160.21729,0,344.21814,160.47363,0,15.81482,159.96094,0,340.32349
1754482620,252.53906,159.55078,0,15.8313,160.06348,0,344.88281,160.47363,0,15.80933,159.96094,0,340.47729
1754482680,248.82019,159.65332,0,15.61707,160.01221,0,344.87183,160.42236,0,15.79834,159.8584,0,341.04309
1754482740,245.08484,159.65332,0,15.06226,159.96094,0,344.87183,160.31982,0,15.77087,160.01221,0,341.09802
1754482800,241.34949,159.70459,0,15.06226,159.80713,0,344.88281,160.26855,0,15.44128,159.96094,0,341.09253
1754482860,237.54822,151.09131,0,14.76013,151.29639,0,345.06958,151.24512,0,14.93591,151.14258,0,341.12
1754482920,233.79639,151.14258,0,14.27124,151.29639,0,345.56946,151.29639,0,14.10645,151.14258,0,341.2793
1754482980,230.03906,151.14258,0,14.16687,151.34766,0,345.58594,151.29639,0,13.9032,151.09131,0,341.30676
1754483040,226.27075,151.09131,0,14.17236,151.29639,0,345.97595,151.29639,0,13.9032,151.14258,0,341.82861
1754483100,222.46399,151.14258,0,14.16138,151.29639,0,346.06384,151.24512,0,13.90869,151.14258,0,342.3175
1754483160,218.70117,151.14258,0,13.49121,151.24512,0,346.44836,151.24512,0,13.90869,151.14258,0,342.39441
1754483220,214.91089,151.14258,0,13.46375,151.29639,0,346.56372,151.29639,0,13.89771,151.14258,0,342.4054
1754483280,211.10413,151.09131,0,13.00232,151.24512,0,346.61316,151.29639,0,12.91992,151.19385,0,343.00964
1754483340,207.29187,151.09131,0,12.82654,151.29639,0,347.31079,151.29639,0,12.66724,151.24512,0,343.47107
1754483400,203.45764,151.09131,0,12.78809,151.29639,0,347.31628,151.29639,0,12.67273,151.14258,0,343.47107
1754483460,199.6344,151.14258,0,12.65625,151.24512,0,347.31628,151.24512,0,12.66724,151.14258,0,343.47107
1754483520,195.78918,151.14258,0,11.71143,151.24512,0,348.38745,151.29639,0,12.64526,151.14258,0,343.47656
1754483580,191.93848,151.14258,0,11.71143,151.29639,0,348.51929,151.29639,0,10.87097,151.14258,0,344.58618
1754483640,188.05481,151.09131,0,11.71143,151.24512,0,348.51379,151.29639,0,10.89844,151.14258,0,344.64661
1754483700,184.18762,151.14258,0,11.70044,151.29639,0,348.51929,151.29639,0,10.90942,151.14258,0,344.64661
1754483760,180.30945,151.14258,0,10.82153,151.29639,0,348.53027,151.24512,0,10.92041,151.09131,0,344.65759
1754483820,176.42029,151.14258,0,10.81604,151.24512,0,349.4696,151.24512,0,10.92041,151.14258,0,344.69604
1754483880,172.53113,151.14258,0,10.79956,151.29639,0,349.4751,151.29639,0,10.91492,151.14258,0,346.16821
1754483940,168.6145,151.09131,0,9.73389,151.24512,0,349.48059,151.29639,0,10.90942,151.14258,0,346.14075
1754484000,164.70337,151.14258,0,9.74487,151.29639,0,350.44189,151.24512,0,10.88196,151.14258,0,346.12976
1754484060,160.75378,151.09131,0,9.75037,151.24512,0,350.44189,151.24512,0,9.22302,151.14258,0,346.13525
1754484120,156.81519,151.14258,0,9.74487,151.29639,0,350.4364,151.29639,0,8.81104,151.19385,0,346.14075
1754484180,152.85461,151.09131,0,9.73389,151.24512,0,350.44189,151.29639,0,8.8385,151.09131,0,346.16272
1754484240,148.88855,151.09131,0,9.17358,151.29639,0,350.45288,151.19385,0,8.86047,151.09131,0,346.67358
1754484300,144.92798,151.14258,0,8.73962,151.24512,0,351.28784,151.24512,0,8.86047,151.19385,0,347.25037
1754484360,140.92896,151.09131,0,8.73962,151.34766,0,351.37024,151.29639,0,8.86047,151.09131,0,347.26135
1754484420,136.92993,151.14258,0,8.73962,151.29639,0,351.37024,151.24512,0,8.86047,151.14258,0,347.28882
1754484480,132.9364,151.09131,0,8.64075,151.34766,0,351.37024,151.24512,0,8.85498,151.14258,0,347.44263
1754484540,128.90442,151.14258,0,8.16284,151.29639,0,351.39221,151.24512,0,8.84399,151.14258,0,347.57446
1754484600,124.88892,151.09131,0,8.15735,151.29639,0,352.10632,151.24512,0,8.80554,151.04004,0,347.59644
1754484660,120.85693,151.14258,0,8.15735,151.34766,0,352.09534,151.24512,0,7.44873,151.09131,0,348.35449
1754484720,116.80847,151.14258,0,8.02002,151.24512,0,352.09534,151.24512,0,7.40479,151.14258,0,348.33252
1754484780,112.771,151.14258,0,8.01453,151.29639,0,352.09534,151.24512,0,7.42676,151.14258,0,348.32153
1754484840,108.72253,151.09131,0,8.00903,151.34766,0,352.08435,151.24512,0,7.45422,151.14258,0,348.29407
1754484900,104.6521,151.65527,0,8.00354,151.65527,0,352.09534,151.80908,0,7.48169,151.604,0,348.29407
1754484960,100.58167,151.65527,0,7.89917,151.65527,0,352.09534,151.80908,0,7.54211,151.65527,0,348.28308
1754485020,96.50574,151.65527,0,6.86096,151.65527,0,352.10083,151.80908,0,7.56409,151.604,0,348.28857
1754485080,92.44629,151.55273,0,6.89392,151.604,0,352.10632,151.80908,0,8.00903,151.604,0,348.29407
1754485140,88.38136,151.55273,0,7.65747,151.65527,0,352.10632,151.80908,0,8.01453,151.65527,0,348.27759
1754485200,84.99757,151.50146,0,8.06946,151.70654,0,352.2821,151.75781,0,8.00354,151.604,0,348.27209
1754485260,80.25697,151.50146,0,8.06396,151.65527,0,352.46338,151.80908,0,7.98157,151.65527,0,348.26111
1754485320,76.18654,151.50146,0,8.05847,151.65527,0,352.43591,151.75781,0,7.98706,151.65527,0,348.16772
1754485380,72.1161,151.50146,0,8.06396,151.70654,0,352.39197,151.75781,0,8.00354,151.604,0,348.04138
1754485440,68.06764,151.50146,0,8.06396,151.70654,0,352.07336,151.75781,0,8.00354,151.604,0,347.68433
1754485500,64.00819,151.50146,0,8.06946,151.70654,0,351.34277,151.75781,0,8.0365,151.604,0,347.68982
1754485560,59.95973,151.55273,0,8.65173,151.70654,0,351.34277,151.80908,0,8.52539,151.65527,0,347.68982
1754485620,55.92226,151.55273,0,8.78906,151.70654,0,351.34277,151.80908,0,8.73413,151.604,0,347.66785
1754485680,51.89577,151.55273,0,8.78906,151.70654,0,351.33728,151.86035,0,8.94287,151.604,0,346.52527
1754485740,47.87477,151.604,0,8.80554,151.70654,0,351.33179,151.86035,0,8.96484,151.604,0,346.54724
1754485800,43.86476,151.55273,0,8.98682,151.75781,0,350.93079,151.80908,0,8.98132,151.65527,0,346.55273
1754485860,39.86574,151.55273,0,9.61853,151.70654,0,350.23315,151.86035,0,9.38232,151.604,0,346.56372
1754485920,35.8777,151.55273,0,9.61853,151.75781,0,350.23865,151.86035,0,9.66248,151.604,0,346.56372
1754485980,31.91713,151.50146,0,9.68994,151.75781,0,350.23865,151.80908,0,9.90967,151.604,0,346.54724
1754486040,27.96205,151.55273,0,10.26123,151.75781,0,350.22766,151.80908,0,10.2887,151.65527,0,346.4978
1754486100,24.01247,151.50146,0,10.26672,151.75781,0,349.27185,151.80908,0,10.2887,151.65527,0,345.31677
1754486160,20.10133,151.4502,0,10.2887,151.65527,0,349.21692,151.80908,0,10.31616,151.65527,0,345.17944
1754486220,16.18471,151.50146,0,11.50269,151.75781,0,349.21692,151.86035,0,11.38733,151.604,0,345.17395
1754486280,12.28456,151.55273,0,11.48621,151.70654,0,348.83789,151.80908,0,11.38184,151.604,0,345.16296
1754486340,8.41737,151.55273,0,11.48621,151.70654,0,348.46985,151.91162,0,11.37634,151.604,0,343.97644
1754486400,4.52821,151.55273,0,11.4917,151.75781,0,348.24463,151.91162,0,11.39832,151.604,0,343.9325
1754486460,0.67201,151.55273,0,11.51367,151.70654,0,348.14575,151.86035,0,11.62354,151.604,0,343.9325
1754486520,356.83777,151.55273,0,12.43103,151.70654,0,347.74475,151.86035,0,12.87048,151.604,0,343.927
1754486580,353.00903,151.604,0,12.50793,151.70654,0,346.96472,151.86035,0,12.87598,151.65527,0,343.91052
1754486640,349.18579,151.604,0,12.91992,151.70654,0,346.97021,151.86035,0,12.86499,151.604,0,342.74597
1754486700,345.36255,151.55273,0,12.94739,151.75781,0,346.96472,151.86035,0,12.88696,151.65527,0,342.69653
1754486760,341.58325,151.55273,0,13.62305,151.75781,0,346.95923,151.86035,0,13.16711,151.65527,0,342.68555
1754486820,337.79297,151.55273,0,13.62305,151.80908,0,346.77246,151.86035,0,13.37585,151.65527,0,342.65808
1754486880,333.9917,151.55273,0,13.63403,158.57666,0,345.67383,151.86035,0,14.36462,151.604,0,342.30103
1754486940,330.24536,151.55273,0,14.25476,159.55078,0,345.67932,157.96143,0,14.35364,151.65527,0,341.42212
1754487000,326.48804,151.55273,0,14.27673,159.96094,0,345.68481,159.55078,0,14.35364,151.65527,0,341.42212
1754487060,322.73621,151.55273,0,14.51294,159.96094,0,345.67932,160.47363,0,14.36462,151.604,0,341.43311
1754487120,319.14368,151.50146,0,14.98535,159.80713,0,345.65735,160.47363,0,14.37012,151.65527,0,341.42761
1754487180,315.41931,151.55273,0,14.98535,159.8584,0,344.70154,160.5249,0,14.6228,151.604,0,341.41663
1754487240,311.68396,151.55273,0,14.98535,160.06348,0,344.70154,160.5249,0,15.77637,151.604,0,341.38367
1754487300,307.98157,151.65527,0,15.29846,159.96094,0,344.70154,160.5249,0,15.77087,151.604,0,340.0708
1754487360,304.25171,151.604,0,15.44678,159.90967,0,344.70154,160.37109,0,15.75439,151.604,0,340.0708
1754487420,300.55481,151.604,0,15.47974,159.8584,0,344.69604,160.31982,0,15.73792,151.65527,0,340.09277
1754487480,296.73157,151.65527,0,15.80383,159.8584,0,344.15222,160.37109,0,15.72144,158.73047,0,340.14221
1754487540,293.03467,158.78174,0,15.82581,159.90967,0,343.96545,160.5249,0,15.71045,159.8584,0,340.15869
1754487600,289.34326,159.80713,0,15.82581,160.06348,0,343.98743,160.5249,0,15.69397,160.11475,0,340.18066
1754487660,285.64636,159.80713,0,15.82581,160.06348,0,343.99841,160.5249,0,15.70496,160.11475,0,340.18616
1754487720,281.93848,159.75586,0,15.8313,160.01221,0,344.00391,160.5249,0,15.71045,160.11475,0,340.18066
1754487780,278.23608,159.65332,0,15.8313,160.06348,0,344.01489,160.42236,0,15.71045,160.11475,0,340.18066
1754487840,274.53918,159.60205,0,15.83679,160.01221,0,344.03137,160.42236,0,15.71045,160.11475,0,340.18616
1754487900,270.8313,159.60205,0,15.83679,160.01221,0,344.05334,160.47363,0,15.72144,160.01221,0,340.18066
1754487960,267.1344,159.70459,0,15.83679,160.06348,0,344.08081,160.42236,0,15.71594,159.96094,0,340.18616
1754488020,263.43201,159.65332,0,15.8313,159.90967,0,344.22363,160.42236,0,15.71594,160.01221,0,340.18616
1754488080,259.70215,159.65332,0,15.82031,159.8584,0,344.55872,160.42236,0,15.71594,159.90967,0,340.21362
1754488140,255.98877,159.60205,0,15.81482,159.80713,0,344.56421,160.5249,0,15.71045,159.96094,0,340.53772
1754488200,252.25891,159.55078,0,15.75989,159.65332,0,344.5752,160.42236,0,15.69946,159.80713,0,340.93323
1754488260,248.52905,159.55078,0,15.18311,159.55078,0,344.59167,160.42236,0,15.68848,159.96094,0,340.92773
1754488320,244.7937,159.65332,0,15.05676,159.60205,0,344.61914,160.47363,0,15.46875,160.06348,0,340.92224
1754488380,241.04736,159.75586,0,14.88098,159.60205,0,345.77271,160.5249,0,14.89197,159.90967,0,340.93872
1754488440,237.30652,151.14258,0,14.75464,151.29639,0,345.75623,151.24512,0,14.84253,151.14258,0,341.08154
1754488500,233.54919,151.14258,0,14.15588,151.24512,0,345.74524,151.29639,0,14.0625,151.19385,0,341.58691
1754488560,229.79187,151.14258,0,14.15039,151.29639,0,345.74524,151.29639,0,14.05701,151.09131,0,341.72974
1754488620,226.02356,151.14258,0,14.15588,151.29639,0,345.73425,151.29639,0,14.06799,151.14258,0,341.81213
1754488680,222.23877,151.14258,0,14.1394,151.29639,0,345.75073,151.29639,0,14.05701,151.14258,0,342.3175
1754488740,218.45398,151.14258,0,13.51318,151.29639,0,345.78918,151.29639,0,14.01855,151.14258,0,342.42188
1754488800,214.66919,151.14258,0,13.48572,151.29639,0,347.11304,151.29639,0,13.03528,151.19385,0,342.43835
1754488860,210.86243,151.09131,0,12.80457,151.29639,0,347.16797,151.29639,0,13.03528,151.09131,0,343.43262
1754488920,207.04468,151.19385,0,12.71118,151.29639,0,347.16797,151.24512,0,13.02979,151.14258,0,343.47107
1754488980,203.18848,151.14258,0,12.7002,151.29639,0,347.17346,151.29639,0,12.64526,151.14258,0,343.46558
1754489040,199.37073,151.09131,0,12.67273,151.34766,0,347.34375,151.29639,0,12.09045,151.14258,0,343.47107
1754489100,195.5365,151.09131,0,11.60706,151.29639,0,348.35449,151.24512,0,12.09045,151.19385,0,343.70728
1754489160,191.70227,151.14258,0,11.61255,151.29639,0,348.36548,151.24512,0,12.08496,151.09131,0,343.79517
1754489220,187.81311,151.09131,0,11.61255,151.29639,0,348.35999,151.29639,0,10.87097,151.19385,0,345.56946
1754489280,183.94592,151.14258,0,11.59607,151.19385,0,348.37097,151.29639,0,10.87646,151.09131,0,345.55298
1754489340,180.06226,151.09131,0,10.81055,151.29639,0,349.56299,151.24512,0,10.88196,151.14258,0,345.53101
1754489400,176.17859,151.14258,0,10.81055,151.29639,0,349.66736,151.29639,0,10.88745,151.19385,0,345.49805
1754489460,172.26746,151.09131,0,10.76111,151.24512,0,349.65637,151.24512,0,10.87646,151.14258,0,345.46509
1754489520,168.35632,151.09131,0,9.75586,151.24512,0,349.65637,151.29639,0,10.86548,151.14258,0,345.47058
1754489580,164.44519,151.14258,0,9.76135,151.19385,0,349.66736,151.29639,0,9.02527,151.14258,0,345.49255
1754489640,160.49011,151.09131,0,9.76685,151.24512,0,349.77722,151.24512,0,9.04724,151.14258,0,345.53101
1754489700,156.5625,151.14258,0,9.76135,151.29639,0,350.64514,151.24512,0,9.06372,151.09131,0,345.6189
1754489760,152.57996,151.09131,0,9.75037,151.19385,0,350.63965,151.29639,0,9.06921,151.09131,0,347.2229
1754489820,148.61389,151.14258,0,8.93188,151.34766,0,350.64514,151.24512,0,9.07471,151.14258,0,347.23389
1754489880,144.62036,151.09131,0,8.68469,151.24512,0,351.4032,151.24512,0,9.07471,151.14258,0,347.23938
1754489940,140.63782,151.14258,0,8.69019,151.34766,0,351.4032,151.24512,0,9.07471,151.14258,0,347.22839
1754490000,136.65527,151.09131,0,8.68469,151.34766,0,351.39771,151.24512,0,9.05823,151.09131,0,347.23389
1754490060,132.62329,151.14258,0,8.67371,151.24512,0,351.40869,151.24512,0,9.04724,151.14258,0,347.23389
1754490120,128.64075,151.14258,0,8.43201,151.34766,0,351.47461,151.19385,0,8.82751,151.09131,0,347.43713
1754490180,124.61426,151.14258,0,7.97058,151.29639,0,352.09534,151.24512,0,7.45422,151.14258,0,347.58545
1754490240,120.58777,151.09131,0,7.97607,151.29639,0,352.08984,151.24512,0,7.44324,151.14258,0,348.6676
1754490300,116.56677,151.09131,0,7.97607,151.29639,0,352.08435,151.19385,0,7.4707,151.14258,0,348.64014
1754490360,112.50732,151.09131,0,7.96509,151.24512,0,352.09534,151.24512,0,7.49817,151.14258,0,348.60718
1754490420,108.45337,151.14258,0,7.95959,151.24512,0,352.08984,151.29639,0,7.53113,151.14258,0,348.56323
1754490480,104.39392,151.604,0,7.94861,151.70654,0,352.10083,151.80908,0,7.56409,151.70654,0,348.52478
1754490540,100.25757,151.65527,0,7.49817,151.604,0,352.10083,151.80908,0,7.72339,151.70654,0,348.05786
1754490600,96.26404,151.604,0,7.44324,151.65527,0,352.11731,151.80908,0,7.75635,151.65527,0,348.06335
1754490660,92.18262,151.604,0,7.45972,151.604,0,352.51282,151.80908,0,7.92664,151.604,0,348.06885
1754490720,88.11769,151.55273,0,7.4762,151.604,0,352.50183,151.80908,0,7.92664,151.55273,0,348.06885
1754490780,83.98134,151.50146,0,7.48718,151.70654,0,352.49084,151.75781,0,7.92114,151.604,0,348.07983
1754490840,79.9933,151.55273,0,7.51465,151.604,0,352.46887,151.80908,0,7.92114,151.604,0,348.07983
1754490900,75.91188,151.50146,0,8.07495,151.70654,0,352.42493,151.80908,0,7.92114,151.604,0,348.07983
1754490960,71.81947,151.50146,0,8.07495,151.65527,0,352.3645,151.75781,0,7.91565,151.604,0,348.07983
1754491020,67.76552,151.50146,0,8.08044,151.70654,0,351.52405,151.86035,0,7.92114,151.604,0,348.07434
1754491080,63.70058,151.50146,0,8.09143,151.70654,0,351.52405,151.86035,0,7.93762,151.65527,0,348.06885
1754491140,59.6631,151.50146,0,8.55835,151.70654,0,351.53503,151.80908,0,8.44299,151.65527,0,348.00293
1754491200,55.62563,151.50146,0,8.55835,151.70654,0,351.53503,151.86035,0,9.01428,151.604,0,347.12952
1754491260,51.59914,151.4502,0,8.60229,151.75781,0,351.52405,151.86035,0,9.00879,151.65527,0,347.11304
1754491320,47.58913,151.50146,0,8.95386,151.70654,0,351.07361,151.86035,0,9.00879,151.55273,0,347.10754
1754491380,43.56813,151.4502,0,8.96484,151.75781,0,351.00769,151.80908,0,9.01428,151.604,0,347.11304
1754491440,39.58009,151.50146,0,9.68445,151.70654,0,350.32104,151.86035,0,9.01978,151.604,0,346.49231
1754491500,35.58656,151.55273,0,9.7998,151.75781,0,350.21118,151.86035,0,9.0802,151.604,0,346.44287
1754491560,31.62599,151.50146,0,9.7998,151.70654,0,350.21118,151.86035,0,9.8822,151.604,0,346.25061
1754491620,27.5995,151.55273,0,9.8053,151.65527,0,350.2002,151.80908,0,10.05798,151.604,0,345.98694
1754491680,23.71034,151.55273,0,10.46448,151.70654,0,349.552,151.86035,0,10.57434,151.65527,0,345.54199
1754491740,19.78822,151.604,0,10.62378,151.70654,0,349.37622,151.86035,0,10.59082,151.604,0,345.53101
1754491800,15.87709,151.55273,0,10.63477,151.70654,0,349.36523,151.86035,0,10.57983,151.65527,0,345.52002
1754491860,11.98793,151.604,0,11.35986,151.75781,0,348.62915,151.86035,0,10.99182,151.65527,0,344.24011
1754491920,8.08778,151.55273,0,11.35437,151.75781,0,348.62915,151.86035,0,10.99182,151.65527,0,344.06433
1754491980,4.2206,151.50146,0,11.77185,151.65527,0,348.61816,151.86035,0,12.72217,151.65527,0,344.0918
1754492040,0.33693,151.55273,0,11.82678,151.70654,0,347.8656,151.86035,0,12.78259,151.65527,0,344.0918
1754492100,356.51367,151.50146,0,12.28821,151.65527,0,347.85461,151.86035,0,12.76611,151.604,0,344.08081
1754492160,352.7179,151.50146,0,12.35962,151.70654,0,347.49207,151.86035,0,12.67273,151.604,0,344.05884
1754492220,348.87817,151.55273,0,12.92542,151.70654,0,346.92627,151.91162,0,12.66174,151.65527,0,342.99316
1754492280,345.0769,151.55273,0,12.93091,151.70654,0,346.93726,151.86035,0,12.66174,151.70654,0,342.8064
1754492340,341.28662,151.50146,0,13.62854,151.75781,0,346.92078,151.80908,0,12.67822,151.65527,0,342.73499
1754492400,337.51282,151.55273,0,13.62854,151.70654,0,346.34949,157.96143,0,12.80457,151.604,0,342.67456
1754492460,333.75,151.55273,0,13.63403,151.75781,0,346.20667,159.55078,0,14.1394,151.65527,0,341.70227
1754492520,329.9762,151.55273,0,14.21631,151.75781,0,345.67383,160.62744,0,14.37561,151.65527,0,341.53748
1754492580,326.22437,151.604,0,14.28772,151.86035,0,345.67383,160.62744,0,14.37561,151.65527,0,341.53748
1754492640,322.49451,151.55273,0,14.49097,157.70508,0,345.66833,160.62744,0,14.37561,151.604,0,341.53748
1754492700,318.73718,151.50146,0,14.76013,159.14063,0,345.63538,160.67871,0,14.3811,151.604,0,341.53198
1754492760,314.94141,151.50146,0,15.12817,159.8584,0,344.68506,160.67871,0,14.56238,151.604,0,341.5155
1754492820,311.28845,151.55273,0,15.12817,159.96094,0,344.69604,160.67871,0,15.68848,151.604,0,341.1969
1754492880,307.54761,151.4502,0,15.12268,160.06348,0,344.70703,160.62744,0,15.65002,151.604,0,340.60913
1754492940,303.85071,151.55273,0,15.13367,160.11475,0,344.70703,160.62744,0,15.64453,151.604,0,340.61462
1754493000,300.14282,151.55273,0,15.32593,160.11475,0,344.69604,160.5249,0,15.63904,158.1665,0,340.59814
1754493060,297.39624,151.55273,0,15.78735,159.90967,0,344.69055,160.57617,0,15.61707,159.49951,0,340.41138
1754493120,292.771,151.65527,0,15.85876,159.90967,0,344.60815,160.62744,0,15.62256,159.8584,0,340.12024
1754493180,289.0741,151.604,0,15.85327,159.80713,0,344.12476,160.62744,0,15.62805,159.8584,0,340.12024
1754493240,285.38269,158.83301,0,15.84778,159.90967,0,344.04236,160.57617,0,15.63904,159.8584,0,340.13123
1754493300,281.75171,159.70459,0,15.84778,159.90967,0,344.05334,160.62744,0,15.63354,160.01221,0,340.14771
1754493360,277.91748,159.65332,0,15.84229,159.8584,0,344.05334,160.57617,0,15.64453,159.96094,0,340.13672
1754493420,274.14917,159.65332,0,15.83679,159.90967,0,344.06433,160.62744,0,15.63904,160.16602,0,340.14771
1754493480,270.5127,159.70459,0,15.8313,160.06348,0,344.08081,160.57617,0,15.63904,160.16602,0,340.1532
1754493540,266.8103,159.70459,0,15.82581,160.06348,0,344.10278,160.57617,0,15.63904,160.21729,0,340.15869
1754493600,263.04749,159.65332,0,15.80383,159.90967,0,344.22913,160.57617,0,15.64453,160.11475,0,340.17517
1754493660,259.33411,159.70459,0,15.6665,159.8584,0,344.60266,160.5249,0,15.63354,160.06348,0,340.22461
1754493720,255.67566,159.70459,0,15.17212,159.75586,0,344.59167,160.57617,0,15.63354,160.11475,0,340.49927
1754493780,251.9458,159.60205,0,15.09521,159.65332,0,344.60815,160.57617,0,15.62256,160.01221,0,340.98267
1754493840,248.22144,159.60205,0,15.09521,159.60205,0,345.30029,160.57617,0,15.57861,160.06348,0,341.01563
1754493900,244.48059,159.65332,0,15.08972,159.60205,0,345.54199,160.57617,0,15.32043,160.16602,0,341.0321
1754493960,240.73975,159.65332,0,15.04578,159.60205,0,345.53101,160.47363,0,14.83704,160.06348,0,341.28479
1754494020,237.00439,151.09131,0,14.17236,151.29639,0,345.52551,151.29639,0,14.28772,151.14258,0,341.29028
1754494080,233.2251,151.09131,0,14.17236,151.29639,0,345.52551,151.29639,0,14.28772,151.19385,0,341.5979
1754494140,229.46228,151.14258,0,14.17236,151.24512,0,345.5365,151.29639,0,14.28772,151.19385,0,341.86707
1754494200,225.69397,151.14258,0,14.17236,151.29639,0,345.55298,151.29639,0,14.27124,151.19385,0,342.02637
1754494260,221.90918,151.14258,0,14.1394,151.29639,0,346.59668,151.29639,0,13.54065,151.14258,0,342.05383
1754494320,218.06396,151.14258,0,13.42529,151.24512,0,346.7395,151.29639,0,13.53516,151.14258,0,343.125
1754494380,214.32312,151.14258,0,13.22205,151.29639,0,346.7395,151.29639,0,13.51868,151.19385,0,343.11951
1754494440,210.52185,151.14258,0,12.81006,151.29639,0,346.75598,151.29639,0,12.27173,151.09131,0,343.11401
1754494500,206.71509,151.14258,0,12.70569,151.24512,0,347.31628,151.24512,0,12.26074,151.14258,0,343.11401
1754494560,202.83691,151.14258,0,12.67822,151.29639,0,347.32727,151.29639,0,12.26624,151.19385,0,343.14148
1754494620,199.0741,151.14258,0,11.77185,151.24512,0,348.16772,151.29639,0,12.26624,151.14258,0,343.7677
1754494680,195.17395,151.14258,0,11.70593,151.29639,0,348.50281,151.29639,0,12.25525,151.19385,0,343.77869
1754494740,191.40015,151.14258,0,11.70593,151.29639,0,348.49182,151.29639,0,12.23877,151.14258,0,345.09155
1754494800,187.52747,151.14258,0,11.69495,151.29639,0,348.49731,151.29639,0,10.75012,151.14258,0,345.19592
1754494860,183.65479,151.19385,0,10.90942,151.29639,0,348.50281,151.24512,0,10.70068,151.09131,0,345.19043
1754494920,179.76563,151.14258,0,10.82153,151.24512,0,349.0741,151.24512,0,10.70618,151.09131,0,345.18494
1754494980,175.87097,151.09131,0,10.81055,151.24512,0,349.4696,151.24512,0,10.70068,151.14258,0,345.19043
1754495040,171.96533,151.09131,0,9.83826,151.29639,0,349.48059,151.29639,0,10.69519,151.19385,0,345.19592
1754495100,168.0542,151.09131,0,9.73938,151.24512,0,350.42542,151.29639,0,10.67871,151.19385,0,345.32227
1754495160,164.14856,151.14258,0,9.74487,151.29639,0,350.4364,151.24512,0,9.84924,151.09131,0,346.48682
1754495220,160.19348,151.09131,0,9.73938,151.29639,0,350.42542,151.24512,0,8.22876,151.09131,0,346.53076
1754495280,156.2384,151.14258,0,9.73389,151.34766,0,350.43091,151.24512,0,8.26721,151.14258,0,346.55273
1754495340,152.26685,151.14258,0,9.20654,151.29639,0,350.44189,151.24512,0,9.29443,151.09131,0,346.59668
1754495400,148.31177,151.14258,0,8.73962,151.24512,0,351.26038,151.24512,0,9.38232,151.19385,0,346.93176
1754495460,144.34021,151.09131,0,8.73962,151.29639,0,351.38123,151.29639,0,9.36584,151.14258,0,347.39868
1754495520,140.35217,151.09131,0,8.73413,151.24512,0,351.38123,151.29639,0,9.33838,151.14258,0,347.42065
1754495580,136.37512,151.14258,0,8.65723,151.29639,0,351.38672,151.24512,0,9.21753,151.14258,0,347.44263
1754495640,132.34863,151.14258,0,8.10791,151.29639,0,351.46362,151.24512,0,7.83325,151.14258,0,347.55798
1754495700,128.33862,151.14258,0,7.97607,151.24512,0,352.13928,151.29639,0,7.84424,151.09131,0,347.57446
1754495760,124.32312,151.14258,0,7.98157,151.24512,0,352.16125,151.24512,0,7.85522,151.14258,0,348.39844
1754495820,120.30212,151.14258,0,7.97607,151.24512,0,352.15576,151.24512,0,7.85522,151.24512,0,348.57422
1754495880,116.20422,151.14258,0,7.97607,151.24512,0,352.15576,151.24512,0,7.86072,151.19385,0,348.55774
1754495940,112.23267,151.14258,0,7.97058,151.29639,0,352.15576,151.24512,0,7.85522,151.19385,0,348.54675
1754496000,108.1897,151.14258,0,7.93213,151.24512,0,352.16675,151.19385,0,7.84973,151.14258,0,348.54675
1754496060,104.13025,151.65527,0,7.21802,151.65527,0,352.18872,151.86035,0,7.84973,151.70654,0,348.53027
1754496120,100.0708,151.65527,0,7.22351,151.65527,0,352.41394,151.86035,0,7.84424,151.65527,0,348.51929
1754496180,96.00037,151.604,0,7.2345,151.604,0,352.41943,151.86035,0,7.82776,151.55273,0,348.39844
1754496240,91.91345,151.604,0,7.32239,151.70654,0,352.41394,151.80908,0,7.82227,151.604,0,348.28308
1754496300,87.84853,151.50146,0,7.38281,151.604,0,352.41394,151.80908,0,7.48718,151.65527,0,348.2666
1754496360,83.70119,151.55273,0,7.8717,151.70654,0,352.41394,151.80908,0,7.28943,151.55273,0,348.1842
1754496420,79.68019,151.50146,0,7.8772,151.65527,0,352.40845,151.80908,0,7.28943,151.55273,0,348.1842
1754496480,75.61525,151.50146,0,7.86621,151.70654,0,352.39746,151.75781,0,7.3114,151.55273,0,348.1897
1754496540,71.54482,151.50146,0,7.86621,151.75781,0,352.38647,151.80908,0,7.38831,151.604,0,348.1842
1754496600,67.41396,151.50146,0,7.8772,151.70654,0,352.35901,151.86035,0,7.59155,151.55273,0,348.12378
1754496660,63.43141,151.50146,0,8.23975,151.70654,0,351.80969,151.80908,0,8.30566,151.604,0,347.68433
1754496720,59.38295,151.50146,0,8.30017,151.75781,0,351.54053,151.80908,0,8.41553,151.65527,0,347.68982
1754496780,55.33449,151.50146,0,8.56384,151.70654,0,351.53503,151.80908,0,8.41003,151.65527,0,347.68433
1754496840,51.32448,151.50146,0,8.58582,151.70654,0,351.52954,151.80908,0,8.60779,151.65527,0,347.10205
1754496900,47.30898,151.50146,0,8.86047,151.65527,0,351.09009,151.86035,0,8.73962,151.604,0,346.84937
1754496960,43.29897,151.50146,0,8.95935,151.65527,0,351.05713,151.80908,0,9.38782,151.604,0,346.83838
1754497020,39.30544,151.55273,0,9.11316,151.70654,0,350.63965,151.86035,0,9.37683,151.604,0,346.83289
1754497080,35.32838,151.55273,0,9.65698,151.70654,0,350.354,151.86035,0,9.38232,151.604,0,346.8219
1754497140,31.36232,151.50146,0,9.66248,151.65527,0,350.3595,151.80908,0,9.39331,151.65527,0,346.27258
1754497200,27.42921,151.4502,0,9.84375,151.70654,0,350.32104,151.86035,0,10.3656,151.604,0,346.0144
1754497260,23.47963,151.50146,0,10.26123,151.65527,0,349.552,151.86035,0,10.57983,151.65527,0,345.53101
1754497320,19.563,151.50146,0,10.26672,151.70654,0,349.552,151.80908,0,10.57983,151.604,0,345.5365
1754497380,15.64638,151.55273,0,11.35437,151.70654,0,349.36523,151.80908,0,10.57983,151.604,0,345.50354
1754497440,11.68031,151.50146,0,11.34338,151.70654,0,348.76099,151.86035,0,10.59082,151.604,0,344.47632
1754497500,7.84608,151.55273,0,11.33789,151.70654,0,348.76099,151.86035,0,11.54114,151.65527,0,344.48181
1754497560,3.96242,151.55273,0,11.34338,151.70654,0,348.73352,151.91162,0,11.82129,151.604,0,344.48181
1754497620,0.08974,151.55273,0,11.74438,151.75781,0,347.42065,151.86035,0,11.84326,151.65527,0,344.45435
1754497680,356.18958,151.50146,0,12.26074,151.70654,0,347.45911,151.86035,0,11.89819,151.65527,0,343.25684
1754497740,352.42126,151.50146,0,12.31018,151.70654,0,347.4646,151.86035,0,12.60132,151.70654,0,343.26782
1754497800,348.60901,151.50146,0,12.88147,151.75781,0,347.45911,151.86035,0,13.16162,151.604,0,343.27332
1754497860,344.79126,151.50146,0,12.90894,151.70654,0,347.44263,151.86035,0,13.15613,151.65527,0,343.26782
1754497920,340.979,151.50146,0,13.01331,151.70654,0,346.99219,151.86035,0,13.16162,151.55273,0,343.11951
1754497980,337.2052,151.55273,0,13.65051,151.65527,0,346.22314,151.86035,0,13.16162,151.604,0,342.27356
1754498040,333.41492,151.4502,0,13.65051,151.70654,0,346.22314,152.01416,0,13.22205,151.604,0,342.27905
1754498100,329.66858,151.55273,0,13.89771,151.70654,0,346.21765,159.44824,0,14.37561,151.604,0,342.17468
1754498160,325.93323,151.55273,0,14.23279,151.70654,0,345.46509,160.62744,0,14.36462,151.604,0,341.65833
1754498220,322.17041,151.55273,0,14.40857,151.70654,0,345.45959,160.57617,0,14.37012,151.604,0,341.66382
1754498280,318.44604,151.55273,0,14.51294,151.75781,0,345.45959,160.67871,0,14.37012,151.55273,0,341.65283
1754498340,314.72168,151.50146,0,14.97437,151.86035,0,345.4541,160.62744,0,14.3811,151.604,0,341.22437
1754498400,310.99182,151.50146,0,14.97986,158.88428,0,344.77844,160.67871,0,15.23804,151.55273,0,341.20789
1754498460,307.28394,151.50146,0,14.97986,159.70459,0,344.73999,160.67871,0,15.79285,151.75781,0,340.6311
1754498520,303.51563,151.604,0,15.27649,160.11475,0,344.74548,160.62744,0,15.78186,158.93555,0,340.64209
1754498580,299.87366,151.604,0,15.3479,160.11475,0,344.73999,160.62744,0,15.75439,159.96094,0,340.6366
1754498640,296.19324,151.65527,0,15.45776,160.06348,0,344.73999,160.62744,0,15.72144,160.11475,0,340.6366
1754498700,292.46887,157.96143,0,15.65002,160.11475,0,344.69604,160.57617,0,15.62805,159.90967,0,340.62012
1754498760,288.75549,159.29443,0,15.74341,160.06348,0,343.99841,160.57617,0,15.55664,159.75586,0,340.60364
1754498820,284.99268,159.60205,0,15.73792,160.06348,0,344.02039,160.57617,0,15.54016,159.80713,0,339.70276
1754498880,281.36719,159.49951,0,15.73792,160.06348,0,344.03687,160.57617,0,15.54565,159.75586,0,339.71924
1754498940,277.5769,159.55078,0,15.73792,160.01221,0,344.05334,160.57617,0,15.55115,159.90967,0,339.7522
1754499000,273.8855,159.49951,0,15.72693,160.06348,0,344.0863,160.5249,0,15.55115,159.80713,0,339.84558
1754499060,270.23254,159.65332,0,15.72693,160.06348,0,344.21814,160.5249,0,15.55115,159.96094,0,340.51575
1754499120,266.47522,159.70459,0,15.71594,160.06348,0,344.22913,160.5249,0,15.55664,160.16602,0,340.52124
1754499180,263.81653,159.65332,0,15.71045,159.96094,0,344.23462,160.5249,0,15.55115,160.06348,0,340.51025
1754499240,259.11438,159.60205,0,15.67749,159.96094,0,344.29504,160.5249,0,15.54565,160.06348,0,340.51575
1754499300,255.37903,159.60205,0,15.60059,159.75586,0,346.19568,160.5249,0,15.54016,160.06348,0,340.54871
1754499360,251.66016,159.55078,0,15.07324,159.65332,0,345.26733,160.5249,0,15.48523,160.01221,0,341.29578
1754499420,247.93579,159.60205,0,15.06775,159.65332,0,344.72351,160.5249,0,14.94141,159.96094,0,341.28479
1754499480,244.19495,159.60205,0,15.04028,159.70459,0,344.73999,160.5249,0,14.93591,160.01221,0,341.2793
1754499540,240.47607,159.65332,0,14.44702,159.70459,0,344.76196,160.06348,0,14.92493,160.06348,0,341.2793
1754499600,236.6803,151.14258,0,14.35364,151.29639,0,345.16296,151.29639,0,13.85376,151.14258,0,341.2793
1754499660,232.92297,151.19385,0,14.34814,151.34766,0,345.8606,151.34766,0,13.83728,151.14258,0,341.28479
1754499720,229.23706,151.14258,0,14.15588,151.29639,0,345.88257,151.29639,0,13.84827,151.14258,0,341.31775
1754499780,225.47424,151.14258,0,13.70544,151.29639,0,346.00342,151.29639,0,13.84827,151.14258,0,342.57568
1754499840,221.70044,151.09131,0,13.59558,151.24512,0,346.72302,151.29639,0,13.84827,151.19385,0,342.5647
1754499900,217.91565,151.09131,0,13.56812,151.24512,0,346.75049,151.29639,0,13.82629,151.19385,0,342.57019
1754499960,214.11438,151.14258,0,12.89246,151.24512,0,346.75049,151.29639,0,13.4967,151.14258,0,342.57568
1754500020,210.30762,151.14258,0,12.79358,151.19385,0,347.21741,151.24512,0,12.66174,151.09131,0,343.14148
1754500080,206.50085,151.14258,0,12.7002,151.24512,0,347.31628,151.29639,0,12.66174,151.14258,0,343.32275
1754500140,202.61169,151.14258,0,12.67273,151.19385,0,347.32727,151.29639,0,12.65625,151.19385,0,343.3667
1754500200,198.8324,151.14258,0,11.66199,151.19385,0,348.53027,151.24512,0,11.82678,151.14258,0,344.17969
1754500260,194.98718,151.14258,0,11.66748,151.29639,0,348.51929,151.29639,0,10.89844,151.14258,0,344.17419
1754500320,191.13647,151.14258,0,11.66199,151.24512,0,348.5083,151.29639,0,10.90942,151.14258,0,344.17969
1754500380,187.2583,151.14258,0,11.65649,151.34766,0,348.5083,151.24512,0,10.9259,151.09131,0,344.47083
1754500440,183.39111,151.14258,0,10.86548,151.24512,0,348.52478,151.24512,0,10.9314,151.14258,0,345.65735
1754500500,179.51843,151.14258,0,10.83252,151.29639,0,349.27185,151.29639,0,10.93689,151.14258,0,345.64087
1754500560,175.60181,151.14258,0,10.81055,151.34766,0,349.48608,151.24512,0,10.9314,151.09131,0,345.62988
1754500620,171.64124,151.14258,0,9.73389,151.29639,0,349.49707,151.24512,0,10.91492,151.14258,0,345.62439
1754500680,167.7301,151.14258,0,9.74487,151.29639,0,350.36499,151.24512,0,10.89294,151.09131,0,345.62988
1754500740,163.86841,151.14258,0,9.74487,151.29639,0,350.3595,151.24512,0,10.49744,151.19385,0,345.65186
1754500800,159.91882,151.14258,0,9.74487,151.24512,0,350.3595,151.29639,0,8.57483,151.14258,0,346.07483
1754500860,155.98022,151.14258,0,9.73389,151.29639,0,350.37048,151.24512,0,8.60779,151.14258,0,346.75049
1754500920,152.01965,151.14258,0,9.20654,151.29639,0,350.46387,151.24512,0,8.65173,151.14258,0,346.88232
1754500980,148.18542,151.09131,0,8.73962,151.29639,0,351.38123,151.29639,0,8.69019,151.14258,0,346.88232
1754501040,144.04907,151.14258,0,8.73962,151.24512,0,351.38123,151.24512,0,8.70117,151.14258,0,347.16248
1754501100,140.0061,151.14258,0,8.71765,151.24512,0,351.38672,151.29639,0,8.70667,151.14258,0,347.59644
1754501160,136.11694,151.14258,0,8.62427,151.24512,0,351.39221,151.24512,0,8.70117,151.14258,0,347.59094
1754501220,132.09045,151.14258,0,7.99805,151.24512,0,351.58447,151.24512,0,8.69019,151.09131,0,347.57996
1754501280,128.00903,151.09131,0,7.99255,151.24512,0,352.11182,151.29639,0,8.6792,151.14258,0,347.58545
1754501340,123.95508,151.09131,0,7.99255,151.24512,0,352.10632,151.24512,0,8.62976,151.19385,0,348.6731
1754501400,120,151.14258,0,7.98157,151.24512,0,352.10632,151.24512,0,8.05298,151.14258,0,348.6731
1754501460,115.95703,151.14258,0,7.97607,151.24512,0,352.09534,151.29639,0,7.43225,151.14258,0,348.64014
1754501520,111.90857,151.09131,0,7.70691,151.29639,0,352.11182,151.24512,0,7.44324,151.14258,0,348.61267
1754501580,107.83813,151.09131,0,7.34985,151.24512,0,352.47986,151.24512,0,7.44873,151.14258,0,348.54675
1754501640,103.78967,151.604,0,7.33887,151.70654,0,352.48535,151.86035,0,7.44873,151.65527,0,348.53027
1754501700,99.71375,151.604,0,7.34436,151.65527,0,352.48535,151.80908,0,7.44873,151.65527,0,348.52478
1754501760,95.63232,151.55273,0,7.35535,151.65527,0,352.48535,151.80908,0,7.45422,151.604,0,348.5083
1754501820,91.50146,151.55273,0,7.36084,151.65527,0,352.47986,151.80908,0,7.45422,151.65527,0,348.12927
1754501880,87.50246,151.50146,0,7.38281,151.65527,0,352.47437,151.80908,0,7.46521,151.604,0,348.13477
1754501940,83.4485,151.50146,0,7.40479,151.65527,0,352.47437,151.80908,0,7.4707,151.604,0,348.14026
1754502000,79.31215,151.50146,0,7.53113,151.604,0,352.46887,151.80908,0,7.49268,151.604,0,348.14575
1754502060,75.24171,151.50146,0,8.06946,151.65527,0,352.46338,151.80908,0,7.51465,151.604,0,348.15125
1754502120,71.24269,151.50146,0,8.06396,151.70654,0,352.41394,151.86035,0,7.55859,151.604,0,348.15125
1754502180,67.18324,151.55273,0,8.06396,151.65527,0,352.37549,151.80908,0,8.26721,151.55273,0,348.15125
1754502240,63.12929,151.50146,0,8.06396,151.70654,0,351.67236,151.80908,0,8.25623,151.604,0,348.14575
1754502300,59.08083,151.50146,0,8.06946,151.70654,0,351.51855,151.86035,0,8.26172,151.65527,0,348.12378
1754502360,55.03236,151.50146,0,8.09692,151.75781,0,351.52405,151.86035,0,8.26172,151.65527,0,347.44263
1754502420,50.99489,151.50146,0,8.78906,151.70654,0,351.51855,151.86035,0,8.43201,151.65527,0,347.2229
1754502480,46.97389,151.50146,0,8.83301,151.65527,0,351.34827,151.80908,0,8.71216,151.604,0,347.20642
1754502540,42.9529,151.50146,0,8.92639,151.70654,0,351.04614,151.86035,0,8.96484,151.65527,0,347.12952
1754502600,38.95937,151.50146,0,8.97034,151.75781,0,350.59021,151.86035,0,9.71191,151.604,0,346.96472
1754502660,34.97682,151.50146,0,9.78333,151.70654,0,350.56824,151.80908,0,9.69543,151.65527,0,346.39893
1754502720,30.99977,151.4502,0,9.78882,151.75781,0,350.38147,151.86035,0,9.68994,151.604,0,346.27808
1754502780,27.11061,151.4502,0,9.79431,151.70654,0,350.2002,151.86035,0,9.69543,151.65527,0,346.26709
1754502840,23.11708,151.55273,0,9.85474,151.75781,0,349.81018,151.86035,0,9.71741,151.65527,0,345.96497
1754502900,19.20045,151.55273,0,10.65125,151.70654,0,349.38171,151.86035,0,10.72266,151.604,0,345.50903
1754502960,15.28932,151.55273,0,10.75562,151.70654,0,349.38721,151.86035,0,10.98633,151.55273,0,345.48706
1754503020,11.38917,151.50146,0,10.89294,151.75781,0,349.09607,151.86035,0,10.98083,151.65527,0,344.45984
1754503080,7.50001,151.55273,0,11.35437,151.70654,0,348.45337,151.80908,0,10.98633,151.55273,0,344.48181
1754503140,3.63283,151.50146,0,11.63452,151.70654,0,348.45337,151.86035,0,11.0083,151.55273,0,344.4928
1754503200,359.80408,151.50146,0,11.79382,151.70654,0,348.41492,151.86035,0,12.78809,151.604,0,344.47083
1754503260,356.08521,151.55273,0,12.22778,151.65527,0,348.11829,151.91162,0,12.77161,151.65527,0,344.2511
1754503320,352.14111,151.604,0,12.35413,151.70654,0,347.21741,151.86035,0,12.7771,151.65527,0,343.08105
1754503380,348.30688,151.604,0,12.60132,151.75781,0,347.21191,151.91162,0,12.75513,151.604,0,343.08655
1754503440,344.48914,151.604,0,12.9364,151.70654,0,347.20642,151.91162,0,12.76062,151.65527,0,343.08655
1754503500,340.71533,151.50146,0,13.28796,151.70654,0,347.13501,151.96289,0,12.77161,151.65527,0,343.08105
1754503560,336.93054,151.50146,0,13.39233,151.70654,0,346.2561,159.39697,0,12.79358,151.65527,0,343.03711
1754503620,333.11829,151.4502,0,13.69446,151.80908,0,346.23413,160.47363,0,13.00232,151.65527,0,341.93848
1754503680,329.41589,151.50146,0,13.84827,157.96143,0,346.22864,160.47363,0,14.37012,151.604,0,341.91101
1754503740,325.64758,151.50146,0,14.24377,159.24316,0,345.68481,160.37109,0,14.36462,151.604,0,341.9165
1754503800,321.92322,151.50146,0,14.32068,160.11475,0,345.47058,160.47363,0,14.35913,151.65527,0,341.90552
1754503860,318.19336,151.55273,0,14.51294,160.16602,0,345.47058,160.5249,0,14.35913,151.604,0,341.44409
1754503920,314.44153,151.55273,0,14.95789,160.21729,0,345.45959,160.62744,0,14.3811,151.65527,0,341.24634
1754503980,310.72815,151.50146,0,14.96887,160.16602,0,345.16296,160.72998,0,14.41406,151.604,0,341.22986
1754504040,307.02576,151.55273,0,14.97437,160.01221,0,344.72351,160.67871,0,15.78735,151.604,0,341.21887
1754504100,303.30688,151.4502,0,15.15564,159.90967,0,344.729,160.62744,0,15.77637,158.11523,0,339.94995
1754504160,299.62097,151.4502,0,15.27649,159.90967,0,344.729,160.57617,0,15.75989,159.39697,0,339.85107
1754504220,295.92407,151.50146,0,15.29846,159.8584,0,344.72351,160.5249,0,15.70496,159.90967,0,339.90051
1754504280,292.2052,151.55273,0,15.71045,159.90967,0,344.72351,160.57617,0,15.672,159.8584,0,340.36743
1754504340,288.52478,151.55273,0,15.83679,159.90967,0,344.64661,160.62744,0,15.57312,159.90967,0,340.50476
1754504400,284.83887,151.604,0,15.82581,160.06348,0,344.02588,160.57617,0,15.54565,160.01221,0,340.49927
1754504460,281.14746,158.37158,0,15.82031,160.01221,0,344.03687,160.47363,0,15.54565,160.11475,0,340.50476
1754504520,277.38464,159.55078,0,15.81482,160.16602,0,344.05334,160.47363,0,15.54016,160.16602,0,340.49927
1754504580,273.75366,159.60205,0,15.79285,160.16602,0,344.08081,160.47363,0,15.54016,160.16602,0,340.49927
1754504640,270.05127,159.55078,0,15.69397,160.11475,0,344.22363,160.47363,0,15.54016,160.11475,0,340.49927
1754504700,266.28845,159.55078,0,15.64453,160.11475,0,344.60266,160.47363,0,15.53467,160.11475,0,340.49927
1754504760,262.6355,159.55078,0,15.09521,159.96094,0,344.60266,160.42236,0,15.52917,160.06348,0,340.49927
1754504820,258.91663,159.44824,0,15.09521,159.96094,0,344.60815,160.31982,0,15.51819,159.70459,0,340.51025
1754504880,255.19226,159.49951,0,15.10071,159.90967,0,344.61365,160.42236,0,15.46326,159.65332,0,340.52124
1754504940,251.39099,159.55078,0,15.10071,159.65332,0,345.54749,160.42236,0,14.93042,159.75586,0,341.49902
1754505000,247.71057,159.49951,0,15.09521,159.60205,0,345.59143,160.42236,0,14.93591,159.65332,0,341.53748
1754505060,243.90381,159.44824,0,15.08423,159.60205,0,345.56946,160.5249,0,14.93591,159.60205,0,341.53198
1754505120,240.2179,159.55078,0,14.32617,159.65332,0,345.55298,159.03809,0,14.91394,159.96094,0,341.53198
1754505180,236.47156,151.14258,0,14.16138,151.29639,0,345.54749,151.29639,0,13.54065,151.14258,0,341.53198
1754505240,232.71423,151.14258,0,14.16138,151.24512,0,345.55298,151.24512,0,13.55164,151.19385,0,341.53198
1754505300,228.95142,151.14258,0,14.15588,151.24512,0,345.56946,151.29639,0,13.56812,151.14258,0,341.54297
1754505360,225.17212,151.09131,0,14.12842,151.19385,0,345.92102,151.29639,0,13.59558,151.14258,0,341.58691
1754505420,222.32666,151.09131,0,13.47473,151.29639,0,346.67908,151.29639,0,13.60107,151.09131,0,342.90527
1754505480,217.61353,151.14258,0,13.45825,151.24512,0,346.76147,151.29639,0,13.59558,151.14258,0,343.13049
1754505540,213.83423,151.14258,0,12.78809,151.19385,0,346.77795,151.29639,0,13.5791,151.14258,0,343.11951
1754505600,209.96704,151.14258,0,12.75513,151.24512,0,347.31079,151.29639,0,13.53516,151.19385,0,343.10852
1754505660,206.16577,151.09131,0,12.70569,151.29639,0,347.32178,151.29639,0,12.1344,151.14258,0,343.125
1754505720,202.39197,151.14258,0,12.54089,151.29639,0,347.37122,151.24512,0,11.75537,151.14258,0,343.38867
1754505780,198.56323,151.14258,0,11.62354,151.24512,0,348.52478,151.29639,0,11.76086,151.19385,0,343.7677
1754505840,194.71252,151.14258,0,11.62354,151.24512,0,348.51379,151.29639,0,11.76086,151.19385,0,344.10278
1754505900,190.77942,151.14258,0,11.62354,151.29639,0,348.51379,151.24512,0,11.75537,151.14258,0,345.60791
1754505960,186.98364,151.09131,0,11.60156,151.24512,0,348.51929,151.24512,0,11.72241,151.14258,0,345.57495
1754506020,183.10547,151.09131,0,10.80505,151.24512,0,348.55225,151.29639,0,10.66223,151.14258,0,345.53101
1754506080,179.2218,151.14258,0,10.80505,151.29639,0,349.51355,151.29639,0,10.67871,151.19385,0,345.50903
1754506140,175.31616,151.09131,0,10.20081,151.24512,0,349.65637,151.29639,0,10.66772,151.14258,0,345.42664
1754506200,171.41602,151.09131,0,9.74487,151.29639,0,349.66736,151.24512,0,10.65125,151.14258,0,344.85535
1754506260,167.4939,151.14258,0,9.75037,151.24512,0,350.13428,151.29639,0,8.82751,151.14258,0,344.95422
1754506320,163.5553,151.09131,0,9.75586,151.24512,0,350.2771,151.29639,0,8.85498,151.14258,0,346.44836
1754506380,159.62219,151.09131,0,9.75037,151.24512,0,350.31555,151.24512,0,8.87695,151.14258,0,346.88232
1754506440,155.76599,151.09131,0,9.73938,151.24512,0,350.64514,151.24512,0,8.95386,151.09131,0,346.87134
1754506500,151.7395,151.14258,0,8.82202,151.29639,0,350.74402,151.29639,0,9.1571,151.09131,0,346.87683
1754506560,147.78992,151.09131,0,8.66821,151.24512,0,351.43066,151.29639,0,9.1571,151.14258,0,346.88782
1754506620,143.8678,151.09131,0,8.67371,151.24512,0,351.41968,151.24512,0,9.14612,151.09131,0,346.89331
1754506680,139.86328,151.09131,0,8.66272,151.24512,0,351.41418,151.24512,0,9.12415,151.14258,0,347.57446
1754506740,135.80933,151.14258,0,8.64075,151.24512,0,351.43066,151.29639,0,9.04175,151.09131,0,347.58545
1754506800,131.79932,151.09131,0,7.96509,151.24512,0,351.63391,151.29639,0,8.77808,151.09131,0,347.60193
1754506860,127.77283,151.14258,0,7.97058,151.29639,0,352.33704,151.24512,0,7.3114,151.14258,0,348.57422
1754506920,123.74634,151.14258,0,7.97058,151.24512,0,352.33704,151.24512,0,7.33337,151.14258,0,348.55774
1754506980,119.71436,151.09131,0,7.96509,151.24512,0,352.32605,151.29639,0,7.34985,151.14258,0,348.54675
1754507040,115.65491,151.09131,0,7.92664,151.24512,0,352.32605,151.24512,0,7.43225,151.19385,0,348.53027
1754507100,111.60095,151.09131,0,7.3114,151.24512,0,352.32605,151.19385,0,7.4707,151.14258,0,348.52478
1754507160,107.47559,151.14258,0,7.31689,151.29639,0,352.33154,151.34766,0,7.50916,151.09131,0,348.52478
1754507220,103.48206,151.65527,0,7.32788,151.70654,0,352.33154,151.86035,0,7.52014,151.65527,0,348.5083
1754507280,99.41162,151.604,0,7.33337,151.65527,0,352.35352,151.80908,0,7.53113,151.65527,0,348.43689
1754507340,95.25879,151.55273,0,7.33337,151.70654,0,352.38098,151.80908,0,7.53113,151.65527,0,348.4314
1754507400,91.25977,151.50146,0,7.34436,151.65527,0,352.39197,151.80908,0,7.53113,151.65527,0,348.4314
1754507460,87.20033,151.50146,0,7.35535,151.70654,0,352.40295,151.80908,0,7.53113,151.604,0,348.43689
1754507520,83.11342,151.50146,0,7.38281,151.65527,0,352.40845,151.75781,0,7.53113,151.65527,0,348.4314
1754507580,79.03749,151.50146,0,7.54211,151.604,0,352.40845,151.80908,0,7.54211,151.65527,0,348.43689
1754507640,74.98354,151.50146,0,7.86072,151.65527,0,352.40845,151.80908,0,7.5531,151.604,0,348.41492
1754507700,70.91859,151.50146,0,7.85522,151.604,0,352.40295,151.80908,0,7.93213,151.604,0,348.35999
1754507760,66.86464,151.50146,0,7.86621,151.65527,0,352.38647,151.80908,0,8.24524,151.604,0,348.1073
1754507820,62.81068,151.50146,0,7.8717,151.70654,0,352.38098,151.86035,0,8.23425,151.604,0,348.0249
1754507880,58.77321,151.50146,0,8.10791,151.65527,0,352.30408,151.86035,0,8.21777,151.604,0,347.7063
1754507940,54.74123,151.50146,0,8.5199,151.65527,0,351.4856,151.86035,0,8.22876,151.604,0,347.68433
1754508000,50.71474,151.50146,0,8.54736,151.70654,0,351.30981,151.86035,0,8.25073,151.604,0,347.66235
1754508060,46.69374,151.50146,0,8.56934,151.65527,0,351.29333,151.80908,0,8.26721,151.604,0,347.10754
1754508120,42.67824,151.50146,0,8.94836,151.75781,0,351.26587,151.86035,0,9.37134,151.65527,0,347.07458
1754508180,38.68471,151.50146,0,8.95935,151.65527,0,351.02417,151.80908,0,9.36584,151.55273,0,347.01416
1754508240,34.68568,151.50146,0,9.77234,151.70654,0,350.3595,151.80908,0,9.36035,151.604,0,346.5033
1754508300,30.74159,151.50146,0,9.81628,151.70654,0,350.3595,151.80908,0,9.36035,151.65527,0,346.47583
1754508360,26.78102,151.50146,0,9.81628,151.65527,0,350.34302,151.80908,0,9.44824,151.65527,0,346.02539
1754508420,22.83693,151.55273,0,9.84375,151.70654,0,349.85413,151.80908,0,10.62378,151.604,0,345.55847
1754508480,18.90932,151.4502,0,10.63477,151.70654,0,349.54651,151.86035,0,10.75012,151.604,0,345.54749
1754508540,14.99818,151.4502,0,10.62927,151.70654,0,349.29382,151.86035,0,10.74463,151.604,0,345.54749
1754508600,11.09804,151.50146,0,11.1676,151.70654,0,349.08508,151.86035,0,10.75562,151.604,0,345.51453
1754508660,7.20338,151.55273,0,11.30493,151.70654,0,348.76648,151.86035,0,10.78308,151.604,0,343.91602
1754508720,3.35268,151.604,0,11.33789,151.70654,0,348.75,151.86035,0,11.00281,151.55273,0,343.93799
1754508780,359.55139,151.50146,0,11.77185,151.70654,0,347.98645,151.91162,0,12.52991,151.604,0,343.95996
1754508840,355.71716,151.50146,0,12.29919,151.75781,0,347.99194,151.86035,0,12.52441,151.65527,0,343.95996
1754508900,351.75659,151.55273,0,12.30469,151.70654,0,347.97546,151.86035,0,12.50793,151.604,0,343.95447
1754508960,347.98828,151.55273,0,12.34314,151.70654,0,346.96472,151.86035,0,12.50793,151.65527,0,343.93799
1754509020,344.20898,151.55273,0,12.96387,151.65527,0,346.97021,151.91162,0,12.51892,151.604,0,343.46558
1754509080,340.43518,151.55273,0,13.15613,151.70654,0,346.96472,151.96289,0,12.5354,151.65527,0,342.65808
1754509140,336.67236,151.55273,0,13.3374,151.70654,0,346.95374,159.19189,0,13.74939,151.65527,0,342.65808
1754509200,332.89856,151.55273,0,13.7384,151.75781,0,346.23962,160.26855,0,13.95813,151.65527,0,342.63062
1754509260,329.14124,151.55273,0,13.8208,151.70654,0,345.74524,160.62744,0,13.95264,151.70654,0,341.68579
1754509320,325.42236,151.50146,0,13.88672,151.80908,0,345.75623,160.57617,0,13.93616,151.604,0,341.68579
1754509380,321.65405,151.50146,0,14.40857,151.91162,0,345.75623,160.47363,0,13.95264,151.65527,0,341.68579
1754509440,317.92969,151.55273,0,14.47998,158.21777,0,345.75073,160.5249,0,14.42505,151.604,0,341.68579
1754509500,314.17236,151.50146,0,14.49097,159.44824,0,345.71777,160.5249,0,14.74365,151.604,0,341.6748
1754509560,310.45898,151.50146,0,15.1062,160.06348,0,344.98169,160.42236,0,14.77112,151.65527,0,341.60339
1754509620,306.74561,151.50146,0,15.13367,160.11475,0,344.73999,160.5249,0,15.19409,151.604,0,340.65857
1754509680,303.01025,151.50146,0,15.13367,160.06348,0,344.73999,160.57617,0,15.40833,151.65527,0,340.65857
1754509740,299.32983,151.4502,0,15.13367,159.8584,0,344.73999,160.5249,0,15.40283,158.37158,0,340.66956
1754509800,295.61646,151.55273,0,15.13916,159.75586,0,344.74548,160.5249,0,15.40283,159.49951,0,340.68604
1754509860,291.92505,151.65527,0,15.271,159.80713,0,344.73999,160.62744,0,15.40833,159.60205,0,340.68054
