1754470860,-0.02867,-0.00489,-0.02867,-0.00489,-0.00425,-0.00489,-0.00425,-0.00489
1754470920,-0.02867,-0.00489,-0.00425,-0.00489,-0.02867,-0.00489,-0.02867,0.00121
1754470980,-0.02867,-0.00489,-0.00425,-0.00489,-0.02867,0.00121,-0.02867,-0.00489
1754471040,-0.02867,0.00121,-0.02867,-0.00489,-0.02867,-0.00489,-0.02867,-0.00489
1754471100,-0.02867,-0.00489,-0.02867,-0.00489,-0.02867,-0.00489,-0.00425,-0.00489
1754471160,-0.02867,-0.00489,-0.02867,-0.00489,-0.02867,0.00121,-0.02867,-0.00489
1754471220,-0.02867,-0.00489,-0.02867,-0.00489,-0.02867,-0.00489,-0.02867,-0.00489
1754471280,-0.02867,-0.00489,-0.00425,-0.00489,-0.02867,-0.00489,-0.02867,-0.00489
1754471340,-0.02867,-0.00489,-0.02867,-0.00489,-0.02867,-0.00489,-0.02867,-0.00489
1754471400,-0.02867,-0.00489,-0.02867,-0.00489,-0.02867,-0.00489,-0.02867,0.00121
1754471460,-0.02867,-0.00489,-0.02867,-0.00489,-0.02867,-0.00489,-0.02867,-0.00489
1754471520,-0.02867,-0.00489,-0.02867,-0.00489,-0.02867,-0.00489,-0.02867,-0.00489
1754471580,-0.02867,-0.00489,-0.02867,-0.00489,-0.02867,-0.00489,-0.02867,-0.00489
1754471640,-0.02867,-0.00489,-0.00425,-0.00489,-0.02867,-0.00489,-0.02867,0.00121
1754471700,-0.02867,-0.00489,-0.02867,-0.00489,-0.00425,-0.00489,-0.02867,-0.00489
1754471760,-0.02867,-0.00489,-0.02867,-0.00489,-0.02867,-0.00489,-0.02867,-0.00489
1754471820,-0.02867,-0.00489,-0.02867,-0.00489,-0.02867,-0.00489,-0.02867,-0.00489
1754471880,-0.02867,-0.00489,-0.02867,-0.00489,-0.02867,-0.00489,-0.02867,-0.00489
1754471940,-0.02867,-0.00489,-0.02867,-0.00489,-0.02867,-0.00489,-0.02867,0.00121
1754472000,-0.02867,-0.00489,-0.00425,-0.00489,-0.02867,0.00121,-0.02867,-0.00489
1754472060,-0.02867,-0.00489,-0.00425,-0.00489,-0.02867,-0.00489,-0.02867,-0.00489
1754472120,-0.02867,-0.00489,-0.02867,-0.00489,-0.02867,-0.00489,-0.02867,-0.00489
1754472180,-0.02867,-0.00489,-0.02867,-0.00489,-0.02867,-0.00489,-0.02867,-0.00489
1754472240,-0.02867,-0.00489,-0.02867,-0.00489,-0.02867,-0.00489,-0.02867,-0.00489
1754472300,-0.02867,-0.00489,-0.00425,-0.00489,-0.02867,-0.00489,-0.02867,-0.00489
1754472360,-0.02867,-0.00489,-0.00425,-0.00489,-0.02867,-0.00489,-0.02867,-0.00489
1754472420,-0.02867,-0.00489,-0.02867,-0.00489,-0.02867,-0.00489,-0.02867,-0.00489
1754472480,-0.02867,-0.00489,-0.00425,-0.00489,-0.02867,0.00121,-0.02867,-0.00489
1754472540,-0.02867,-0.00489,-0.02867,-0.00489,-0.02867,0.00121,-0.02867,-0.00489
1754472600,-0.02867,-0.00489,-0.00425,-0.00489,-0.00425,-0.00489,-0.00425,-0.00489
1754472660,-0.02867,-0.00489,-0.00425,-0.00489,-0.02867,-0.00489,-0.02867,-0.00489
1754472720,-0.02867,-0.00489,-0.00425,-0.00489,-0.02867,-0.00489,-0.02867,-0.00489
1754472780,-0.02867,-0.00489,-0.02867,-0.00489,-0.02867,-0.00489,-0.02867,-0.00489
1754472840,-0.02867,-0.00489,-0.02867,-0.00489,-0.02867,-0.00489,-0.02867,-0.00489
1754472900,-0.02867,-0.00489,-0.02867,-0.00489,-0.02867,0.00121,-0.02867,0.00121
1754472960,-0.02867,-0.00489,-0.02867,-0.00489,-0.02867,-0.00489,-0.02867,0.00121
1754473020,-0.02867,-0.00489,-0.02867,-0.00489,-0.02867,-0.00489,-0.00425,-0.00489
1754473080,-0.02867,-0.00489,-0.02867,-0.00489,-0.00425,-0.00489,-0.02867,-0.00489
1754473140,-0.02867,-0.00489,-0.02867,-0.00489,-0.02867,-0.00489,-0.02867,-0.00489
1754473200,-0.02867,-0.00489,-0.00425,-0.00489,-0.02867,0.00121,-0.02867,-0.00489
1754473260,-0.00425,-0.00489,-0.02867,-0.00489,-0.02867,-0.00489,-0.02867,-0.00489
1754473320,-0.02867,-0.00489,-0.00425,-0.00489,-0.02867,-0.00489,-0.02867,-0.00489
1754473380,-0.02867,-0.00489,-0.02867,-0.00489,-0.02867,-0.00489,-0.00425,-0.00489
1754473440,-0.00425,-0.00489,-0.02867,-0.00489,-0.02867,0.00121,-0.00425,-0.00489
1754473500,-0.02867,-0.00489,-0.02867,-0.00489,-0.02867,-0.00489,-0.02867,-0.00489
1754473560,-0.02867,-0.00489,-0.02867,-0.00489,-0.00425,-0.00489,-0.02867,-0.00489
1754473620,-0.02867,-0.00489,-0.00425,-0.00489,-0.02867,-0.00489,-0.02867,-0.00489
1754473680,-0.02867,-0.00489,-0.02867,-0.00489,-0.02867,-0.00489,-0.00425,-0.00489
1754473740,-0.02867,-0.00489,-0.02867,-0.00489,-0.02867,-0.00489,-0.02867,-0.00489
1754473800,-0.02867,-0.00489,-0.00425,-0.00489,-0.02867,-0.00489,-0.02867,-0.00489
1754473860,-0.02867,-0.00489,-0.00425,-0.00489,-0.02867,-0.00489,-0.02867,-0.00489
1754473920,-0.02867,-0.00489,-0.00425,-0.00489,-0.02867,-0.00489,-0.02867,-0.00489
1754473980,-0.02867,-0.00489,-0.02867,-0.00489,-0.02867,-0.00489,-0.02867,-0.00489
1754474040,-0.02867,-0.00489,-0.02867,-0.00489,-0.00425,-0.00489,-0.00425,-0.00489
1754474100,-0.02867,-0.00489,-0.02867,-0.00489,-0.02867,-0.00489,-0.02867,-0.00489
1754474160,-0.02867,-0.00489,-0.02867,-0.00489,-0.02867,-0.00489,-0.02867,-0.00489
1754474220,-0.02867,-0.00489,-0.02867,-0.00489,-0.02867,-0.00489,-0.00425,-0.00489
1754474280,-0.02867,-0.00489,-0.00425,-0.00489,-0.02867,0.00121,-0.02867,-0.00489
1754474340,-0.02867,-0.00489,-0.02867,-0.00489,-0.02867,-0.00489,-0.00425,-0.00489
1754474400,-0.02867,-0.00489,-0.02867,-0.00489,-0.02867,-0.00489,-0.02867,-0.00489
1754474460,-0.02867,-0.00489,-0.02867,-0.00489,-0.02867,-0.00489,-0.02867,-0.00489
1754474520,-0.02867,-0.00489,-0.02867,-0.00489,-0.00425,-0.00489,-0.02867,-0.00489
1754474580,-0.02867,0.00121,-0.02867,-0.00489,-0.02867,-0.00489,-0.02867,-0.00489
1754474640,-0.02867,-0.00489,-0.02867,-0.00489,-0.02867,-0.00489,-0.02867,-0.00489
1754474700,-0.02867,-0.00489,-0.02867,-0.00489,-0.02867,0.00121,-0.02867,-0.00489
1754474760,-0.02867,0.00121,-0.02867,-0.00489,-0.02867,-0.00489,-0.02867,-0.00489
1754474820,-0.02867,-0.00489,-0.00425,-0.00489,-0.02867,-0.00489,-0.02867,-0.00489
1754474880,-0.00425,-0.00489,-0.02867,-0.00489,-0.02867,-0.00489,-0.02867,-0.00489
1754474940,-0.02867,-0.00489,-0.02867,-0.00489,-0.02867,-0.00489,-0.02867,0.00121
1754475000,-0.02867,-0.00489,-0.00425,-0.00489,-0.02867,-0.00489,-0.02867,0.00121
1754475060,-0.02867,-0.00489,-0.00425,-0.00489,-0.02867,-0.00489,-0.02867,-0.00489
1754475120,-0.02867,-0.00489,-0.02867,-0.00489,-0.02867,-0.00489,-0.02867,-0.00489
1754475180,-0.02867,-0.00489,-0.00425,-0.00489,-0.02867,-0.00489,-0.02867,-0.00489
1754475240,-0.02867,-0.00489,-0.02867,-0.00489,-0.02867,-0.00489,-0.02867,-0.00489
1754475300,-0.02867,-0.00489,-0.02867,-0.00489,-0.02867,-0.00489,-0.02867,-0.00489
1754475360,-0.02867,-0.00489,-0.02867,-0.00489,-0.02867,-0.00489,-0.02867,-0.00489
1754475420,-0.02867,-0.00489,-0.00425,-0.00489,-0.02867,-0.00489,-0.02867,-0.00489
1754475480,-0.02867,-0.00489,-0.00425,-0.00489,-0.02867,-0.00489,-0.02867,-0.00489
1754475540,-0.02867,-0.00489,-0.02867,-0.00489,-0.02867,-0.00489,-0.02867,-0.00489
1754475600,-0.02867,-0.00489,-0.02867,-0.00489,-0.02867,-0.00489,-0.02867,-0.00489
1754475660,-0.02867,-0.00489,-0.02867,-0.00489,-0.02867,-0.00489,-0.02867,-0.00489
1754475720,-0.02867,-0.00489,-0.02867,-0.00489,-0.02867,-0.00489,-0.02867,-0.00489
1754475780,-0.02867,-0.00489,-0.02867,-0.00489,-0.02867,-0.00489,-0.02867,-0.00489
1754475840,-0.02867,-0.00489,-0.02867,-0.00489,-0.02867,-0.00489,-0.02867,-0.00489
1754475900,-0.02867,-0.00489,-0.02867,-0.00489,-0.02867,-0.00489,-0.02867,-0.00489
1754475960,-0.02867,-0.00489,-0.02867,-0.00489,-0.02867,-0.00489,-0.02867,-0.00489
1754476020,-0.02867,-0.00489,-0.02867,-0.00489,-0.02867,-0.00489,-0.02867,-0.00489
1754476080,-0.02867,-0.00489,-0.02867,-0.00489,-0.02867,-0.00489,-0.02867,-0.00489
1754476140,-0.02867,-0.00489,-0.02867,-0.00489,-0.02867,-0.00489,-0.02867,-0.00489
1754476200,-0.02867,-0.00489,-0.02867,-0.00489,-0.02867,-0.00489,-0.02867,-0.00489
1754476260,-0.02867,-0.00489,-0.02867,-0.00489,-0.02867,-0.00489,-0.02867,0.00121
1754476320,-0.02867,-0.00489,-0.00425,-0.00489,-0.02867,-0.00489,-0.02867,-0.00489
1754476380,-0.02867,-0.00489,-0.02867,-0.00489,-0.02867,-0.00489,-0.00425,-0.00489
1754476440,-0.02867,-0.00489,-0.02867,-0.00489,-0.02867,-0.00489,-0.02867,-0.00489
1754476500,-0.02867,-0.00489,-0.02867,-0.00489,-0.02867,-0.00489,-0.02867,-0.00489
1754476560,-0.02867,-0.00489,-0.02867,-0.00489,-0.02867,-0.00489,-0.02867,-0.00489
1754476620,-0.02867,-0.00489,-0.02867,-0.00489,-0.02867,-0.00489,-0.02867,-0.00489
1754476680,-0.02867,-0.00489,-0.02867,-0.00489,-0.02867,-0.00489,-0.02867,0.00121
1754476740,-0.02867,-0.00489,-0.02867,-0.00489,-0.02867,-0.00489,-0.02867,-0.00489
1754476800,-0.02867,-0.00489,-0.02867,-0.00489,-0.02867,-0.00489,-0.02867,-0.00489
1754476860,-0.02867,-0.00489,-0.02867,-0.00489,-0.00425,-0.00489,-0.00425,0.00121
1754476920,-0.02867,-0.00489,-0.02867,-0.00489,-0.02867,-0.00489,-0.00425,-0.00489
1754476980,-0.02867,-0.00489,-0.00425,-0.00489,-0.02867,-0.00489,-0.02867,-0.00489
1754477040,-0.02867,-0.00489,-0.02867,-0.00489,-0.02867,-0.00489,-0.02867,-0.00489
1754477100,-0.00425,-0.00489,-0.02867,-0.00489,-0.02867,-0.00489,-0.02867,-0.00489
1754477160,-0.02867,-0.00489,-0.00425,-0.00489,-0.02867,-0.00489,-0.02867,-0.00489
1754477220,-0.02867,-0.00489,-0.00425,-0.00489,-0.02867,-0.00489,-0.02867,-0.00489
1754477280,-0.02867,-0.00489,-0.00425,-0.00489,-0.02867,-0.00489,-0.02867,-0.00489
1754477340,-0.02867,-0.00489,-0.02867,-0.00489,-0.02867,-0.00489,-0.02867,0.00121
1754477400,-0.02867,-0.00489,-0.00425,-0.00489,-0.02867,0.00121,-0.02867,-0.00489
1754477460,-0.02867,-0.00489,-0.02867,-0.00489,-0.00425,-0.00489,-0.00425,-0.00489
1754477520,-0.02867,-0.00489,-0.00425,-0.00489,-0.02867,-0.00489,-0.02867,-0.00489
1754477580,-0.02867,-0.00489,-0.02867,-0.00489,-0.02867,-0.00489,-0.02867,-0.00489
1754477640,-0.02867,-0.00489,-0.02867,-0.00489,-0.00425,-0.00489,-0.02867,-0.00489
1754477700,-0.02867,-0.00489,-0.02867,-0.00489,-0.02867,-0.00489,-0.02867,-0.00489
1754477760,-0.02867,-0.00489,-0.02867,-0.00489,-0.02867,-0.00489,-0.02867,-0.00489
1754477820,-0.02867,-0.00489,-0.02867,-0.00489,-0.02867,-0.00489,-0.02867,-0.00489
1754477880,-0.02867,-0.00489,-0.02867,-0.00489,-0.02867,-0.00489,-0.00425,-0.00489
1754477940,-0.02867,-0.00489,-0.02867,-0.00489,-0.02867,-0.00489,-0.02867,0.00121
1754478000,-0.02867,-0.00489,-0.00425,-0.00489,-0.02867,-0.00489,-0.02867,-0.00489
1754478060,-0.02867,-0.00489,-0.02867,-0.00489,-0.02867,-0.00489,-0.02867,-0.00489
1754478120,-0.02867,-0.00489,-0.02867,-0.00489,-0.02867,0.00121,-0.02867,-0.00489
1754478180,-0.02867,-0.00489,-0.02867,-0.00489,-0.00425,-0.00489,-0.02867,-0.00489
1754478240,-0.02867,-0.00489,-0.00425,-0.00489,-0.02867,-0.00489,-0.02867,-0.00489
1754478300,-0.02867,-0.00489,-0.02867,-0.00489,-0.02867,-0.00489,-0.02867,-0.00489
1754478360,-0.02867,0.00121,-0.02867,-0.00489,-0.02867,-0.00489,-0.02867,-0.00489
1754478420,-0.02867,-0.00489,-0.00425,-0.00489,-0.02867,-0.00489,-0.02867,-0.00489
1754478480,-0.02867,-0.00489,-0.02867,-0.00489,-0.02867,-0.00489,-0.02867,-0.00489
1754478540,-0.02867,-0.00489,-0.02867,-0.00489,-0.02867,-0.00489,-0.02867,0.00121
1754478600,-0.02867,-0.00489,-0.00425,-0.00489,-0.02867,-0.00489,-0.02867,-0.00489
1754478660,-0.02867,-0.00489,-0.02867,-0.00489,-0.02867,-0.00489,-0.02867,0.00121
1754478720,-0.02867,-0.00489,-0.02867,-0.00489,-0.02867,-0.00489,-0.02867,-0.00489
1754478780,-0.02867,-0.00489,-0.02867,-0.00489,-0.02867,-0.00489,-0.02867,-0.00489
1754478840,-0.02867,-0.00489,-0.00425,-0.00489,-0.02867,-0.00489,-0.02867,-0.00489
1754478900,-0.02867,-0.00489,-0.02867,-0.00489,-0.02867,-0.00489,-0.00425,-0.00489
1754478960,-0.02867,-0.00489,-0.02867,-0.00489,-0.02867,-0.00489,-0.02867,-0.00489
1754479020,-0.02867,-0.00489,-0.02867,-0.00489,-0.02867,-0.00489,-0.02867,-0.00489
1754479080,-0.02867,-0.00489,-0.02867,-0.00489,-0.02867,-0.00489,-0.02867,-0.00489
1754479140,-0.02867,-0.00489,-0.02867,-0.00489,-0.02867,0.00121,-0.02867,-0.00489
1754479200,-0.02867,-0.00489,-0.00425,-0.00489,-0.02867,-0.00489,-0.02867,-0.00489
1754479260,-0.02867,-0.00489,-0.02867,-0.00489,-0.02867,-0.00489,-0.02867,-0.00489
1754479320,-0.02867,-0.00489,-0.02867,-0.00489,-0.02867,-0.00489,-0.00425,-0.00489
1754479380,-0.02867,-0.00489,-0.00425,-0.00489,-0.02867,-0.00489,-0.00425,-0.00489
1754479440,-0.02867,-0.00489,-0.02867,-0.00489,-0.02867,-0.00489,-0.02867,-0.00489
1754479500,-0.02867,-0.00489,-0.02867,-0.00489,-0.02867,-0.00489,-0.00425,-0.00489
1754479560,-0.02867,-0.00489,-0.02867,-0.00489,-0.00425,-0.00489,-0.00425,-0.00489
1754479620,-0.02867,-0.00489,-0.02867,-0.00489,-0.02867,-0.00489,-0.02867,-0.00489
1754479680,-0.02867,-0.00489,-0.02867,0.00121,-0.02867,-0.00489,-0.00425,-0.00489
1754479740,-0.02867,-0.00489,-0.02867,-0.00489,-0.02867,0.00121,-0.02867,-0.00489
1754479800,-0.02867,-0.00489,-0.00425,-0.00489,-0.02867,0.00121,-0.02867,-0.00489
1754479860,-0.02867,-0.00489,-0.00425,-0.00489,-0.02867,0.00121,-0.02867,-0.00489
1754479920,-0.02867,-0.00489,-0.02867,-0.00489,-0.00425,-0.00489,-0.02867,-0.00489
1754479980,-0.02867,-0.00489,-0.00425,-0.00489,-0.02867,-0.00489,-0.02867,-0.00489
1754480040,-0.00425,-0.00489,-0.02867,-0.00489,-0.02867,-0.00489,-0.02867,-0.00489
1754480100,-0.02867,-0.00489,-0.02867,-0.00489,-0.02867,-0.00489,-0.02867,-0.00489
1754480160,-0.02867,-0.00489,-0.02867,-0.00489,-0.00425,-0.00489,-0.02867,-0.00489
1754480220,-0.02867,-0.00489,-0.02867,-0.00489,-0.02867,-0.00489,-0.02867,-0.00489
1754480280,-0.02867,-0.00489,-0.02867,-0.00489,-0.02867,-0.00489,-0.00425,-0.00489
1754480340,-0.02867,-0.00489,-0.02867,-0.00489,-0.02867,0.00121,-0.02867,-0.00489
1754480400,-0.02867,-0.00489,-0.00425,-0.00489,-0.02867,0.00121,-0.02867,-0.00489
1754480460,-0.02867,0.00121,-0.02867,-0.00489,-0.02867,-0.00489,-0.02867,0.00121
1754480520,-0.02867,-0.00489,-0.02867,-0.00489,-0.02867,-0.00489,-0.02867,0.00121
1754480580,-0.02867,-0.00489,-0.00425,-0.00489,-0.02867,-0.00489,-0.02867,0.00121
1754480640,-0.02867,-0.00489,-0.02867,-0.00489,-0.02867,0.00121,-0.02867,0.00121
1754480700,-0.02867,-0.00489,-0.02867,-0.00489,-0.00425,-0.00489,-0.02867,-0.00489
1754480760,-0.02867,-0.00489,-0.02867,-0.00489,-0.02867,-0.00489,-0.02867,-0.00489
1754480820,-0.02867,-0.00489,-0.02867,-0.00489,-0.02867,-0.00489,-0.02867,0.00121
1754480880,-0.02867,-0.00489,-0.02867,-0.00489,-0.02867,-0.00489,-0.00425,-0.00489
1754480940,-0.02867,-0.00489,-0.02867,-0.00489,-0.02867,-0.00489,-0.02867,-0.00489
1754481000,-0.02867,-0.00489,-0.00425,-0.00489,-0.02867,-0.00489,-0.02867,-0.00489
1754481060,-0.02867,-0.00489,-0.02867,-0.00489,-0.02867,-0.00489,-0.00425,-0.00489
1754481120,-0.02867,-0.00489,-0.00425,-0.00489,-0.02867,-0.00489,-0.02867,-0.00489
1754481180,-0.02867,-0.00489,-0.02867,-0.00489,-0.02867,-0.00489,-0.02867,-0.00489
1754481240,-0.02867,-0.00489,-0.02867,-0.00489,-0.02867,-0.00489,-0.02867,-0.00489
1754481300,-0.02867,-0.00489,-0.02867,-0.00489,-0.02867,-0.00489,-0.02867,-0.00489
1754481360,-0.02867,-0.00489,-0.02867,-0.00489,-0.02867,-0.00489,-0.02867,-0.00489
1754481420,-0.02867,0.00121,-0.02867,-0.00489,-0.00425,-0.00489,-0.02867,-0.00489
1754481480,-0.02867,-0.00489,-0.02867,-0.00489,-0.00425,-0.00489,-0.00425,-0.00489
1754481540,-0.02867,-0.00489,-0.02867,-0.00489,-0.02867,-0.00489,-0.02867,-0.00489
1754481600,-0.02867,-0.00489,-0.02867,-0.00489,-0.02867,-0.00489,-0.00425,-0.00489
1754481660,-0.02867,-0.00489,-0.00425,-0.00489,-0.02867,-0.00489,-0.02867,-0.00489
1754481720,-0.02867,-0.00489,-0.00425,-0.00489,-0.02867,-0.00489,-0.02867,-0.00489
1754481780,-0.02867,-0.00489,-0.00425,-0.00489,-0.02867,-0.00489,-0.02867,-0.00489
1754481840,-0.02867,-0.00489,-0.00425,-0.00489,-0.02867,-0.00489,-0.02867,-0.00489
1754481900,-0.02867,-0.00489,-0.00425,-0.00489,-0.02867,-0.00489,-0.02867,-0.00489
1754481960,-0.02867,-0.00489,-0.00425,-0.00489,-0.02867,-0.00489,-0.02867,-0.00489
1754482020,-0.02867,-0.00489,-0.00425,-0.00489,-0.02867,-0.00489,-0.02867,-0.00489
1754482080,-0.02867,-0.00489,-0.00425,-0.00489,-0.02867,-0.00489,-0.02867,-0.00489
1754482140,-0.02867,-0.00489,-0.00425,-0.00489,-0.02867,-0.00489,-0.02867,-0.00489
1754482200,-0.02867,-0.00489,-0.00425,-0.00489,-0.02867,-0.00489,-0.02867,-0.00489
1754482260,-0.02867,-0.00489,-0.00425,-0.00489,-0.02867,-0.00489,-0.02867,-0.00489
1754482320,-0.02867,-0.00489,-0.00425,-0.00489,-0.02867,-0.00489,-0.02867,-0.00489
1754482380,-0.02867,-0.00489,-0.00425,-0.00489,-0.02867,-0.00489,-0.02867,-0.00489
1754482440,-0.02867,-0.00489,-0.00425,-0.00489,-0.02867,-0.00489,-0.02867,-0.00489
1754482500,-0.02867,-0.00489,-0.00425,-0.00489,-0.02867,-0.00489,-0.02867,-0.00489
1754482560,-0.02867,-0.00489,-0.00425,-0.00489,-0.02867,-0.00489,-0.02867,-0.00489
1754482620,-0.02867,-0.00489,-0.00425,-0.00489,-0.02867,-0.00489,-0.02867,-0.00489
1754482680,-0.02867,-0.00489,-0.00425,-0.00489,-0.02867,-0.00489,-0.02867,-0.00489
1754482740,-0.02867,-0.00489,-0.00425,-0.00489,-0.02867,-0.00489,-0.02867,-0.00489
1754482800,-0.02867,-0.00489,-0.00425,-0.00489,-0.02867,-0.00489,-0.02867,-0.00489
1754482860,-0.02867,-0.00489,-0.00425,-0.00489,-0.02867,0.00121,-0.02867,-0.00489
1754482920,-0.02867,-0.00489,-0.02867,-0.00489,-0.02867,-0.00489,-0.02867,-0.00489
1754482980,-0.02867,-0.00489,-0.02867,-0.00489,-0.00425,-0.00489,-0.02867,0.00121
1754483040,-0.02867,-0.00489,-0.02867,-0.00489,-0.02867,-0.00489,-0.02867,-0.00489
1754483100,-0.02867,-0.00489,-0.00425,-0.00489,-0.02867,0.00121,-0.02867,-0.00489
1754483160,-0.02867,-0.00489,-0.02867,-0.00489,-0.02867,0.00121,-0.02867,-0.00489
1754483220,-0.02867,-0.00489,-0.00425,-0.00489,-0.02867,-0.00489,-0.02867,-0.00489
1754483280,-0.02867,-0.00489,-0.02867,-0.00489,-0.02867,-0.00489,-0.02867,-0.00489
1754483340,-0.02867,-0.00489,-0.02867,-0.00489,-0.02867,-0.00489,-0.02867,-0.00489
1754483400,-0.02867,-0.00489,-0.02867,-0.00489,-0.02867,-0.00489,-0.02867,0.00121
1754483460,-0.02867,0.00121,-0.02867,-0.00489,-0.02867,0.00121,-0.02867,-0.00489
1754483520,-0.02867,-0.00489,-0.00425,-0.00489,-0.02867,-0.00489,-0.02867,-0.00489
1754483580,-0.02867,-0.00489,-0.02867,-0.00489,-0.00425,-0.00489,-0.02867,-0.00489
1754483640,-0.02867,-0.00489,-0.02867,-0.00489,-0.00425,-0.00489,-0.00425,-0.00489
1754483700,-0.02867,-0.00489,-0.02867,-0.00489,-0.02867,-0.00489,-0.00425,-0.00489
1754483760,-0.02867,-0.00489,-0.02867,-0.00489,-0.02867,-0.00489,-0.02867,-0.00489
1754483820,-0.02867,-0.00489,-0.02867,-0.00489,-0.02867,-0.00489,-0.02867,-0.00489
1754483880,-0.00425,-0.00489,-0.02867,-0.00489,-0.02867,-0.00489,-0.02867,-0.00489
1754483940,-0.02867,-0.00489,-0.02867,-0.00489,-0.02867,-0.00489,-0.02867,0.00121
1754484000,-0.02867,-0.00489,-0.02867,-0.00489,-0.02867,-0.00489,-0.00425,-0.00489
1754484060,-0.02867,-0.00489,-0.00425,-0.00489,-0.02867,0.00121,-0.02867,-0.00489
1754484120,-0.02867,-0.00489,-0.02867,-0.00489,-0.02867,-0.00489,-0.02867,0.00121
1754484180,-0.02867,-0.00489,-0.02867,-0.00489,-0.02867,-0.00489,-0.00425,-0.00489
1754484240,-0.02867,-0.00489,-0.02867,-0.00489,-0.02867,-0.00489,-0.02867,0.00121
1754484300,-0.02867,-0.00489,-0.02867,-0.00489,-0.02867,-0.00489,-0.00425,-0.00489
1754484360,-0.02867,-0.00489,-0.02867,-0.00489,-0.02867,-0.00489,-0.02867,-0.00489
1754484420,-0.02867,-0.00489,-0.02867,-0.00489,-0.00425,-0.00489,-0.00425,-0.00489
1754484480,-0.02867,-0.00489,-0.00425,-0.00489,-0.02867,-0.00489,-0.02867,-0.00489
1754484540,-0.02867,-0.00489,-0.02867,-0.00489,-0.02867,-0.00489,-0.02867,0.00121
1754484600,-0.02867,-0.00489,-0.00425,-0.00489,-0.02867,0.00121,-0.02867,-0.00489
1754484660,-0.02867,-0.00489,-0.02867,-0.00489,-0.02867,-0.00489,-0.02867,-0.00489
1754484720,-0.02867,-0.00489,-0.00425,-0.00489,-0.02867,-0.00489,-0.02867,-0.00489
1754484780,-0.02867,-0.00489,-0.02867,-0.00489,-0.02867,-0.00489,-0.02867,-0.00489
1754484840,-0.02867,0.00121,-0.02867,-0.00489,-0.02867,-0.00489,-0.02867,-0.00489
1754484900,-0.02867,-0.00489,-0.02867,-0.00489,-0.02867,-0.00489,-0.02867,-0.00489
1754484960,-0.02867,-0.00489,-0.02867,-0.00489,-0.00425,-0.00489,-0.00425,-0.00489
1754485020,-0.02867,-0.00489,-0.02867,-0.00489,-0.02867,-0.00489,-0.02867,-0.00489
1754485080,-0.02867,-0.00489,-0.02867,-0.00489,-0.02867,-0.00489,-0.00425,-0.00489
1754485140,-0.02867,-0.00489,-0.00425,-0.00489,-0.02867,-0.00489,-0.02867,-0.00489
1754485200,-0.02867,-0.00489,-0.00425,-0.00489,-0.02867,0.00121,-0.02867,-0.00489
1754485260,-0.02867,-0.00489,-0.00425,-0.00489,-0.02867,-0.00489,-0.02867,-0.00489
1754485320,-0.02867,-0.00489,-0.02867,-0.00489,-0.02867,-0.00489,-0.00425,-0.00489
1754485380,-0.02867,-0.00489,-0.02867,-0.00489,-0.02867,0.00121,-0.02867,-0.00489
1754485440,-0.02867,-0.00489,-0.00425,-0.00489,-0.02867,0.00121,-0.02867,-0.00489
1754485500,-0.02867,-0.00489,-0.02867,-0.00489,-0.02867,-0.00489,-0.02867,-0.00489
1754485560,-0.02867,-0.00489,-0.02867,-0.00489,-0.02867,-0.00489,-0.00425,-0.00489
1754485620,-0.02867,-0.00489,-0.02867,-0.00489,-0.02867,-0.00489,-0.02867,-0.00489
1754485680,-0.02867,-0.00489,-0.02867,-0.00489,-0.02867,-0.00489,-0.02867,-0.00489
1754485740,-0.02867,-0.00489,-0.00425,-0.00489,-0.02867,-0.00489,-0.02867,-0.00489
1754485800,-0.02867,-0.00489,-0.02867,-0.00489,-0.02867,-0.00489,-0.00425,-0.00489
1754485860,-0.02867,-0.00489,-0.02867,-0.00489,-0.00425,-0.00489,-0.02867,-0.00489
1754485920,-0.02867,-0.00489,-0.00425,-0.00489,-0.02867,0.00121,-0.02867,-0.00489
1754485980,-0.02867,-0.00489,-0.02867,-0.00489,-0.00425,-0.00489,-0.02867,0.00121
1754486040,-0.02867,-0.00489,-0.02867,-0.00489,-0.02867,-0.00489,-0.02867,-0.00489
1754486100,-0.02867,-0.00489,-0.00425,-0.00489,-0.02867,-0.00489,-0.02867,0.00121
1754486160,-0.02867,-0.00489,-0.02867,-0.00489,-0.02867,-0.00489,-0.02867,-0.00489
1754486220,-0.02867,-0.00489,-0.02867,-0.00489,-0.02867,-0.00489,-0.02867,-0.00489
1754486280,-0.02867,-0.00489,-0.00425,-0.00489,-0.00425,-0.00489,-0.02867,-0.00489
1754486340,-0.02867,-0.00489,-0.02867,-0.00489,-0.02867,-0.00489,-0.02867,-0.00489
1754486400,-0.02867,-0.00489,-0.02867,-0.00489,-0.00425,-0.00489,-0.02867,0.00121
1754486460,-0.02867,-0.00489,-0.02867,-0.00489,-0.02867,-0.00489,-0.00425,-0.00489
1754486520,-0.02867,-0.00489,-0.02867,-0.00489,-0.02867,-0.00489,-0.02867,-0.00489
1754486580,-0.02867,-0.00489,-0.00425,-0.00489,-0.00425,-0.00489,-0.02867,0.00121
1754486640,-0.02867,-0.00489,-0.02867,-0.00489,-0.02867,-0.00489,-0.02867,0.00121
1754486700,-0.02867,-0.00489,-0.02867,-0.00489,-0.02867,-0.00489,-0.02867,-0.00489
1754486760,-0.02867,-0.00489,-0.02867,-0.00489,-0.02867,0.00121,-0.02867,-0.00489
1754486820,-0.02867,-0.00489,-0.00425,-0.00489,-0.02867,-0.00489,-0.02867,-0.00489
1754486880,-0.02867,-0.00489,-0.02867,-0.00489,-0.02867,-0.00489,-0.02867,0.00121
1754486940,-0.02867,-0.00489,-0.00425,-0.00489,-0.02867,-0.00489,-0.02867,-0.00489
1754487000,-0.02867,-0.00489,-0.02867,-0.00489,-0.00425,-0.00489,-0.00425,-0.00489
1754487060,-0.02867,-0.00489,-0.00425,-0.00489,-0.02867,-0.00489,-0.02867,-0.00489
1754487120,-0.02867,-0.00489,-0.02867,-0.00489,-0.00425,-0.00489,-0.00425,-0.00489
1754487180,-0.02867,-0.00489,-0.02867,-0.00489,-0.00425,-0.00489,-0.00425,-0.00489
1754487240,-0.02867,-0.00489,-0.02867,-0.00489,-0.00425,-0.00489,-0.00425,-0.00489
1754487300,-0.02867,-0.00489,-0.02867,-0.00489,-0.00425,-0.00489,-0.00425,-0.00489
1754487360,-0.02867,-0.00489,-0.02867,-0.00489,-0.00425,-0.00489,-0.00425,-0.00489
1754487420,-0.02867,-0.00489,-0.02867,-0.00489,-0.00425,-0.00489,-0.00425,-0.00489
1754487480,-0.02867,-0.00489,-0.02867,-0.00489,-0.02867,-0.00489,-0.02867,-0.00489
1754487540,-0.02867,-0.00489,-0.02867,-0.00489,-0.02867,-0.00489,-0.02867,-0.00489
1754487600,-0.02867,-0.00489,-0.02867,-0.00489,-0.02867,-0.00489,-0.02867,-0.00489
1754487660,-0.02867,-0.00489,-0.02867,-0.00489,-0.02867,-0.00489,-0.00425,-0.00489
1754487720,-0.00425,-0.00489,-0.02867,-0.00489,-0.02867,-0.00489,-0.02867,-0.00489
1754487780,-0.02867,-0.00489,-0.02867,-0.00489,-0.00425,-0.00489,-0.00425,-0.00489
1754487840,-0.02867,-0.00489,-0.02867,-0.00489,-0.02867,-0.00489,-0.02867,-0.00489
1754487900,-0.02867,-0.00489,-0.02867,-0.00489,-0.02867,-0.00489,-0.00425,-0.00489
1754487960,-0.02867,-0.00489,-0.02867,-0.00489,-0.02867,-0.00489,-0.02867,-0.00489
1754488020,-0.02867,-0.00489,-0.02867,-0.00489,-0.00425,-0.00489,-0.02867,-0.00489
1754488080,-0.02867,0.00121,-0.02867,-0.00489,-0.00425,-0.00489,-0.02867,-0.00489
1754488140,-0.02867,-0.00489,-0.00425,-0.00489,-0.02867,-0.00489,-0.00425,-0.00489
1754488200,-0.02867,-0.00489,-0.02867,-0.00489,-0.02867,-0.00489,-0.02867,-0.00489
1754488260,-0.02867,-0.00489,-0.00425,-0.00489,-0.02867,0.00121,-0.02867,-0.00489
1754488320,-0.02867,-0.00489,-0.02867,-0.00489,-0.02867,0.00121,-0.02867,-0.00489
1754488380,-0.02867,-0.00489,-0.02867,-0.00489,-0.02867,-0.00489,-0.02867,0.00121
1754488440,-0.02867,-0.00489,-0.02867,-0.00489,-0.02867,-0.00489,-0.02867,-0.00489
1754488500,-0.02867,-0.00489,-0.02867,-0.00489,-0.02867,-0.00489,-0.02867,-0.00489
1754488560,-0.02867,-0.00489,-0.00425,-0.00489,-0.02867,0.00121,-0.02867,-0.00489
1754488620,-0.02867,-0.00489,-0.00425,-0.00489,-0.02867,-0.00489,-0.02867,-0.00489
1754488680,-0.02867,-0.00489,-0.02867,-0.00489,-0.02867,-0.00489,-0.02867,-0.00489
1754488740,-0.02867,-0.00489,-0.02867,-0.00489,-0.00425,-0.00489,-0.02867,-0.00489
1754488800,-0.02867,-0.00489,-0.02867,-0.00489,-0.02867,0.00121,-0.02867,0.00121
1754488860,-0.02867,-0.00489,-0.02867,-0.00489,-0.02867,-0.00489,-0.02867,-0.00489
1754488920,-0.02867,-0.00489,-0.00425,-0.00489,-0.02867,-0.00489,-0.02867,-0.00489
1754488980,-0.02867,-0.00489,-0.00425,-0.00489,-0.02867,-0.00489,-0.02867,0.00121
1754489040,-0.02867,-0.00489,-0.00425,-0.00489,-0.02867,-0.00489,-0.02867,-0.00489
1754489100,-0.02867,-0.00489,-0.02867,-0.00489,-0.02867,-0.00489,-0.02867,-0.00489
1754489160,-0.02867,0.00121,-0.02867,-0.00489,-0.02867,-0.00489,-0.02867,0.00121
1754489220,-0.02867,-0.00489,-0.02867,-0.00489,-0.02867,0.00121,-0.02867,0.00121
1754489280,-0.02867,-0.00489,-0.02867,-0.00489,-0.02867,-0.00489,-0.02867,-0.00489
1754489340,-0.02867,-0.00489,-0.02867,-0.00489,-0.02867,-0.00489,-0.02867,-0.00489
1754489400,-0.02867,-0.00489,-0.00425,-0.00489,-0.02867,-0.00489,-0.02867,-0.00489
1754489460,-0.02867,-0.00489,-0.02867,-0.00489,-0.02867,-0.00489,-0.02867,-0.00489
1754489520,-0.02867,-0.00489,-0.00425,-0.00489,-0.02867,-0.00489,-0.02867,-0.00489
1754489580,-0.02867,-0.00489,-0.00425,-0.00489,-0.02867,-0.00489,-0.02867,-0.00489
1754489640,-0.02867,-0.00489,-0.00425,-0.00489,-0.02867,-0.00489,-0.02867,-0.00489
1754489700,-0.02867,-0.00489,-0.02867,-0.00489,-0.02867,-0.00489,-0.02867,-0.00489
1754489760,-0.02867,-0.00489,-0.02867,-0.00489,-0.02867,-0.00489,-0.02867,-0.00489
1754489820,-0.02867,-0.00489,-0.02867,-0.00489,-0.02867,-0.00489,-0.00425,-0.00489
1754489880,-0.02867,-0.00489,-0.02867,-0.00489,-0.02867,-0.00489,-0.02867,0.00121
1754489940,-0.02867,-0.00489,-0.02867,-0.00489,-0.02867,-0.00489,-0.02867,0.00121
1754490000,-0.02867,-0.00489,-0.02867,-0.00489,-0.02867,-0.00489,-0.00425,-0.00489
1754490060,-0.02867,-0.00489,-0.02867,-0.00489,-0.02867,-0.00489,-0.02867,-0.00489
1754490120,-0.02867,-0.00489,-0.02867,-0.00489,-0.02867,-0.00489,-0.02867,-0.00489
1754490180,-0.02867,-0.00489,-0.02867,-0.00489,-0.00425,-0.00489,-0.02867,0.00121
1754490240,-0.02867,-0.00489,-0.02867,-0.00489,-0.02867,-0.00489,-0.02867,-0.00489
1754490300,-0.02867,-0.00489,-0.02867,-0.00489,-0.02867,-0.00489,-0.02867,-0.00489
1754490360,-0.02867,-0.00489,-0.02867,-0.00489,-0.00425,-0.00489,-0.00425,-0.00489
1754490420,-0.02867,-0.00489,-0.00425,-0.00489,-0.02867,-0.00489,-0.00425,-0.00489
1754490480,-0.02867,-0.00489,-0.02867,-0.00489,-0.02867,-0.00489,-0.00425,-0.00489
1754490540,-0.02867,-0.00489,-0.02867,-0.00489,-0.02867,-0.00489,-0.02867,-0.00489
1754490600,-0.02867,-0.00489,-0.02867,-0.00489,-0.00425,-0.00489,-0.02867,-0.00489
1754490660,-0.02867,-0.00489,-0.02867,-0.00489,-0.00425,-0.00489,-0.00425,-0.00489
1754490720,-0.02867,-0.00489,-0.02867,-0.00489,-0.02867,-0.00489,-0.02867,-0.00489
1754490780,-0.02867,-0.00489,-0.02867,-0.00489,-0.02867,-0.00489,-0.02867,0.00121
1754490840,-0.02867,-0.00489,-0.02867,-0.00489,-0.00425,-0.00489,-0.00425,-0.00489
1754490900,-0.02867,-0.00489,-0.02867,-0.00489,-0.02867,-0.00489,-0.02867,0.00121
1754490960,-0.02867,-0.00489,-0.02867,-0.00489,-0.02867,0.00121,-0.02867,-0.00489
1754491020,-0.02867,-0.00489,-0.02867,-0.00489,-0.02867,-0.00489,-0.02867,-0.00489
1754491080,-0.02867,-0.00489,-0.02867,-0.00489,-0.02867,-0.00489,-0.02867,-0.00489
1754491140,-0.02867,-0.00489,-0.02867,-0.00489,-0.00425,-0.00489,-0.00425,-0.00489
1754491200,-0.02867,-0.00489,-0.00425,-0.00489,-0.02867,-0.00489,-0.02867,-0.00489
1754491260,-0.02867,-0.00489,-0.02867,-0.00489,-0.02867,-0.00489,-0.02867,-0.00489
1754491320,-0.02867,-0.00489,-0.02867,-0.00489,-0.02867,-0.00489,-0.02867,-0.00489
1754491380,-0.02867,-0.00489,-0.02867,-0.00489,-0.02867,-0.00489,-0.02867,-0.00489
1754491440,-0.02867,-0.00489,-0.02867,-0.00489,-0.02867,0.00121,-0.02867,-0.00489
1754491500,-0.02867,-0.00489,-0.02867,-0.00489,-0.02867,-0.00489,-0.02867,-0.00489
1754491560,-0.02867,-0.00489,-0.00425,-0.00489,-0.02867,-0.00489,-0.02867,0.00121
1754491620,-0.02867,-0.00489,-0.02867,-0.00489,-0.02867,0.00121,-0.02867,-0.00489
1754491680,-0.02867,-0.00489,-0.00425,-0.00489,-0.02867,-0.00489,-0.02867,-0.00489
1754491740,-0.02867,-0.00489,-0.02867,-0.00489,-0.02867,-0.00489,-0.02867,-0.00489
1754491800,-0.02867,-0.00489,-0.02867,-0.00489,-0.02867,-0.00489,-0.02867,0.00121
1754491860,-0.02867,-0.00489,-0.02867,-0.00489,-0.00425,-0.00489,-0.00425,-0.00489
1754491920,-0.02867,-0.00489,-0.02867,0.00121,-0.02867,-0.00489,-0.02867,-0.00489
1754491980,-0.02867,-0.00489,-0.00425,-0.00489,-0.02867,-0.00489,-0.02867,-0.00489
1754492040,-0.02867,-0.00489,-0.00425,-0.00489,-0.02867,0.00121,-0.02867,0.00121
1754492100,-0.02867,-0.00489,-0.02867,-0.00489,-0.00425,-0.00489,-0.02867,-0.00489
1754492160,-0.02867,-0.00489,-0.02867,-0.00489,-0.00425,-0.00489,-0.00425,-0.00489
1754492220,-0.02867,-0.00489,-0.02867,-0.00489,-0.00425,-0.00489,-0.00425,-0.00489
1754492280,-0.02867,-0.00489,-0.00425,-0.00489,-0.02867,-0.00489,-0.02867,-0.00489
1754492340,-0.02867,-0.00489,-0.02867,-0.00489,-0.02867,-0.00489,-0.02867,0.00121
1754492400,-0.02867,-0.00489,-0.02867,-0.00489,-0.02867,-0.00489,-0.02867,-0.00489
1754492460,-0.02867,-0.00489,-0.00425,-0.00489,-0.00425,-0.00489,-0.00425,-0.00489
1754492520,-0.02867,-0.00489,-0.02867,-0.00489,-0.02867,0.00121,-0.02867,-0.00489
1754492580,-0.02867,-0.00489,-0.02867,-0.00489,-0.02867,-0.00489,-0.02867,-0.00489
1754492640,-0.02867,-0.00489,-0.00425,-0.00489,-0.02867,0.00121,-0.02867,-0.00489
1754492700,-0.02867,-0.00489,-0.00425,-0.00489,-0.02867,-0.00489,-0.02867,0.00121
1754492760,-0.02867,-0.00489,-0.02867,-0.00489,-0.02867,-0.00489,-0.00425,-0.00489
1754492820,-0.02867,-0.00489,-0.00425,-0.00489,-0.02867,-0.00489,-0.02867,-0.00489
1754492880,-0.02867,-0.00489,-0.00425,-0.00489,-0.02867,-0.00489,-0.02867,-0.00489
1754492940,-0.02867,-0.00489,-0.02867,-0.00489,-0.02867,-0.00489,-0.02867,0.00121
1754493000,-0.00425,-0.00489,-0.02867,-0.00489,-0.02867,-0.00489,-0.02867,0.00121
1754493060,-0.02867,-0.00489,-0.02867,-0.00489,-0.02867,-0.00489,-0.02867,-0.00489
1754493120,-0.02867,-0.00489,-0.02867,-0.00489,-0.02867,-0.00489,-0.02867,-0.00489
1754493180,-0.02867,-0.00489,-0.02867,-0.00489,-0.02867,-0.00489,-0.02867,-0.00489
1754493240,-0.02867,-0.00489,-0.02867,-0.00489,-0.02867,-0.00489,-0.02867,-0.00489
1754493300,-0.02867,-0.00489,-0.02867,-0.00489,-0.02867,-0.00489,-0.02867,-0.00489
1754493360,-0.02867,-0.00489,-0.02867,-0.00489,-0.02867,-0.00489,-0.02867,0.00121
1754493420,-0.00425,-0.00489,-0.02867,-0.00489,-0.02867,-0.00489,-0.02867,-0.00489
1754493480,-0.02867,-0.00489,-0.02867,-0.00489,-0.02867,-0.00489,-0.02867,0.00121
1754493540,-0.02867,-0.00489,-0.02867,-0.00489,-0.00425,-0.00489,-0.00425,-0.00489
1754493600,-0.02867,-0.00489,-0.00425,-0.00489,-0.02867,-0.00489,-0.02867,-0.00489
1754493660,-0.02867,-0.00489,-0.02867,-0.00489,-0.02867,0.00121,-0.02867,-0.00489
1754493720,-0.02867,-0.00489,-0.02867,-0.00489,-0.02867,-0.00489,-0.02867,-0.00489
1754493780,-0.02867,-0.00489,-0.02867,-0.00489,-0.00425,0.00121,-0.02867,-0.00489
1754493840,-0.02867,-0.00489,-0.02867,-0.00489,-0.02867,-0.00489,-0.02867,-0.00489
1754493900,-0.02867,-0.00489,-0.02867,-0.00489,-0.00425,-0.00489,-0.02867,-0.00489
1754493960,-0.02867,-0.00489,-0.02867,-0.00489,-0.02867,-0.00489,-0.02867,-0.00489
1754494020,-0.02867,-0.00489,-0.02867,-0.00489,-0.02867,-0.00489,-0.02867,-0.00489
1754494080,-0.02867,-0.00489,-0.02867,-0.00489,-0.02867,-0.00489,-0.02867,-0.00489
1754494140,-0.02867,-0.00489,-0.02867,-0.00489,-0.02867,-0.00489,-0.02867,0.00121
1754494200,-0.02867,-0.00489,-0.02867,-0.00489,-0.02867,-0.00489,-0.02867,-0.00489
1754494260,-0.02867,-0.00489,-0.02867,-0.00489,-0.02867,-0.00489,-0.02867,-0.00489
1754494320,-0.02867,-0.00489,-0.02867,-0.00489,-0.02867,-0.00489,-0.02867,-0.00489
1754494380,-0.02867,-0.00489,-0.02867,-0.00489,-0.02867,-0.00489,-0.02867,-0.00489
1754494440,-0.02867,-0.00489,-0.00425,-0.00489,-0.02867,-0.00489,-0.02867,0.00121
1754494500,-0.02867,-0.00489,-0.02867,-0.00489,-0.02867,-0.00489,-0.02867,-0.00489
1754494560,-0.02867,-0.00489,-0.02867,-0.00489,-0.02867,-0.00489,-0.02867,0.00121
1754494620,-0.02867,-0.00489,-0.02867,-0.00489,-0.02867,-0.00489,-0.02867,0.00121
1754494680,-0.02867,-0.00489,-0.00425,-0.00489,-0.02867,-0.00489,-0.02867,-0.00489
