1754470860,-120.00234,-39.99986,-80.0011,-59.99911,40.00124,-120.00096,-20.00062
1754470920,-120.00234,-39.99986,-80.0011,-59.99911,40.00124,-120.00096,-20.00062
1754470980,-120.00234,-39.99986,-80.0011,-59.99911,40.00124,-120.00096,-20.00062
1754471040,-120.00234,-39.99986,-80.0011,-59.99911,40.00124,-120.00096,-20.00062
1754471100,-120.00234,-39.99986,-80.0011,-59.99911,40.00124,-120.00096,-20.00062
1754471160,-120.00234,-39.99986,-80.0011,-59.99911,40.00124,-120.00096,-20.00062
1754471220,-120.00234,-39.99986,-80.0011,-59.99911,40.00124,-120.00096,-20.00062
1754471280,-120.00234,-39.99986,-80.0011,-59.99911,40.00124,-120.00096,-20.00062
1754471340,-120.00234,-39.99986,-80.0011,-59.99911,40.00124,-120.00096,-20.00062
1754471400,-120.00234,-39.99986,-80.0011,-59.99911,40.00124,-120.00096,-20.00062
1754471460,-120.00234,-39.99986,-80.0011,-59.99911,40.00124,-120.00096,-20.00062
1754471520,-120.00234,-39.99986,-80.0011,-59.99911,40.00124,-120.00096,-20.00062
1754471580,-120.00234,-39.99986,-80.0011,-59.99911,40.00124,-120.00096,-20.00062
1754471640,-120.00234,-39.99986,-80.0011,-59.99911,40.00124,-120.00096,-20.00062
1754471700,-120.00234,-39.99986,-80.0011,-59.99911,40.00124,-120.00096,-20.00062
1754471760,-120.00234,-39.99986,-80.0011,-59.99911,40.00124,-120.00096,-20.00062
1754471820,-120.00234,-39.99986,-80.0011,-59.99911,40.00124,-120.00096,-20.00062
1754471880,-120.00234,-39.99986,-80.0011,-59.99911,40.00124,-120.00096,-20.00062
1754471940,-120.00234,-39.99986,-80.0011,-59.99911,40.00124,-120.00096,-20.00062
1754472000,-120.00234,-39.99986,-80.0011,-59.99911,40.00124,-120.00096,-20.00062
1754472060,-120.00234,-39.99986,-80.0011,-59.99911,40.00124,-120.00096,-20.00062
1754472120,-120.00234,-39.99986,-80.0011,-59.99911,40.00124,-120.00096,-20.00062
1754472180,-120.00234,-39.99986,-80.0011,-59.99911,40.00124,-120.00096,-20.00062
1754472240,-120.00234,-39.99986,-80.0011,-59.99911,40.00124,-120.00096,-20.00062
1754472300,-120.00234,-39.99986,-80.0011,-59.99911,40.00124,-120.00096,-20.00062
1754472360,-120.00234,-39.99986,-80.0011,-59.99911,40.00124,-120.00096,-20.00062
1754472420,-120.00234,-39.99986,-80.0011,-59.99911,40.00124,-120.00096,-20.00062
1754472480,-120.00234,-39.99986,-80.0011,-59.99911,40.00124,-120.00096,-20.00062
1754472540,-120.00234,-39.99986,-80.0011,-59.99911,40.00124,-120.00096,-20.00062
1754472600,-120.00234,-39.99986,-80.0011,-59.99911,40.00124,-120.00096,-20.00062
1754472660,-120.00234,-39.99986,-80.0011,-59.99911,40.00124,-120.00096,-20.00062
1754472720,-120.00234,-39.99986,-80.0011,-59.99911,40.00124,-120.00096,-20.00062
1754472780,-120.00234,-39.99986,-80.0011,-59.99911,40.00124,-120.00096,-20.00062
1754472840,-120.00234,-39.99986,-80.0011,-59.99911,40.00124,-120.00096,-20.00062
1754472900,-120.00234,-39.99986,-80.0011,-59.99911,40.00124,-120.00096,-20.00062
1754472960,-120.00234,-39.99986,-80.0011,-59.99911,40.00124,-120.00096,-20.00062
1754473020,-120.00234,-39.99986,-80.0011,-59.99911,40.00124,-120.00096,-20.00062
1754473080,-120.00234,-39.99986,-80.0011,-59.99911,40.00124,-120.00096,-20.00062
1754473140,-120.00234,-39.99986,-80.0011,-59.99911,40.00124,-120.00096,-20.00062
1754473200,-120.00234,-39.99986,-80.0011,-59.99911,40.00124,-120.00096,-20.00062
1754473260,-120.00234,-39.99986,-80.0011,-59.99911,40.00124,-120.00096,-20.00062
1754473320,-120.00234,-39.99986,-80.0011,-59.99911,40.00124,-120.00096,-20.00062
1754473380,-120.00234,-39.99986,-80.0011,-59.99911,40.00124,-120.00096,-20.00062
1754473440,-120.00234,-39.99986,-80.0011,-59.99911,40.00124,-120.00096,-20.00062
1754473500,-120.00234,-39.99986,-80.0011,-59.99911,40.00124,-120.00096,-20.00062
1754473560,-120.00234,-39.99986,-80.0011,-59.99911,40.00124,-120.00096,-20.00062
1754473620,-120.00234,-39.99986,-80.0011,-59.99911,40.00124,-120.00096,-20.00062
1754473680,-120.00234,-39.99986,-80.0011,-59.99911,40.00124,-120.00096,-20.00062
1754473740,-120.00234,-39.99986,-80.0011,-59.99911,40.00124,-120.00096,-20.00062
1754473800,-120.00234,-39.99986,-80.0011,-59.99911,40.00124,-120.00096,-20.00062
1754473860,-120.00234,-39.99986,-80.0011,-59.99911,40.00124,-120.00096,-20.00062
1754473920,-120.00234,-39.99986,-80.0011,-59.99911,40.00124,-120.00096,-20.00062
1754473980,-120.00234,-39.99986,-80.0011,-59.99911,40.00124,-120.00096,-20.00062
1754474040,-120.00234,-39.99986,-80.0011,-59.99911,40.00124,-120.00096,-20.00062
1754474100,-120.00234,-39.99986,-80.0011,-59.99911,40.00124,-120.00096,-20.00062
1754474160,-120.00234,-39.99986,-80.0011,-59.99911,40.00124,-120.00096,-20.00062
1754474220,-120.00234,-39.99986,-80.0011,-59.99911,40.00124,-120.00096,-20.00062
1754474280,-120.00234,-39.99986,-80.0011,-59.99911,40.00124,-120.00096,-20.00062
1754474340,-120.00234,-39.99986,-80.0011,-59.99911,40.00124,-120.00096,-20.00062
1754474400,-120.00234,-39.99986,-80.0011,-59.99911,40.00124,-120.00096,-20.00062
1754474460,-120.00234,-39.99986,-80.0011,-59.99911,40.00124,-120.00096,-20.00062
1754474520,-120.00234,-39.99986,-80.0011,-59.99911,40.00124,-120.00096,-20.00062
1754474580,-120.00234,-39.99986,-80.0011,-59.99911,40.00124,-120.00096,-20.00062
1754474640,-120.00234,-39.99986,-80.0011,-59.99911,40.00124,-120.00096,-20.00062
1754474700,-120.00234,-39.99986,-80.0011,-59.99911,40.00124,-120.00096,-20.00062
1754474760,-120.00234,-39.99986,-80.0011,-59.99911,40.00124,-120.00096,-20.00062
1754474820,-120.00234,-39.99986,-80.0011,-59.99911,40.00124,-120.00096,-20.00062
1754474880,-120.00234,-39.99986,-80.0011,-59.99911,40.00124,-120.00096,-20.00062
1754474940,-120.00234,-39.99986,-80.0011,-59.99911,40.00124,-120.00096,-20.00062
1754475000,-120.00234,-39.99986,-80.0011,-59.99911,40.00124,-120.00096,-20.00062
1754475060,-120.00234,-39.99986,-80.0011,-59.99911,40.00124,-120.00096,-20.00062
1754475120,-120.00234,-39.99986,-80.0011,-59.99911,40.00124,-120.00096,-20.00062
1754475180,-120.00234,-39.99986,-80.0011,-59.99911,40.00124,-120.00096,-20.00062
1754475240,-120.00234,-39.99986,-80.0011,-59.99911,40.00124,-120.00096,-20.00062
1754475300,-120.00234,-39.99986,-80.0011,-59.99911,40.00124,-120.00096,-20.00062
1754475360,-120.00234,-39.99986,-80.0011,-59.99911,40.00124,-120.00096,-20.00062
1754475420,-120.00234,-39.99986,-80.0011,-59.99911,40.00124,-120.00096,-20.00062
1754475480,-120.00234,-39.99986,-80.0011,-59.99911,40.00124,-120.00096,-20.00062
1754475540,-120.00234,-39.99986,-80.0011,-59.99911,40.00124,-120.00096,-20.00062
1754475600,-120.00234,-39.99986,-80.0011,-59.99911,40.00124,-120.00096,-20.00062
1754475660,-120.00234,-39.99986,-80.0011,-59.99911,40.00124,-120.00096,-20.00062
1754475720,-120.00234,-39.99986,-80.0011,-59.99911,40.00124,-120.00096,-20.00062
1754475780,-120.00234,-39.99986,-80.0011,-59.99911,40.00124,-120.00096,-20.00062
1754475840,-120.00234,-39.99986,-80.0011,-59.99911,40.00124,-120.00096,-20.00062
1754475900,-120.00234,-39.99986,-80.0011,-59.99911,40.00124,-120.00096,-20.00062
1754475960,-120.00234,-39.99986,-80.0011,-59.99911,40.00124,-120.00096,-20.00062
1754476020,-120.00234,-39.99986,-80.0011,-59.99911,40.00124,-120.00096,-20.00062
1754476080,-120.00234,-39.99986,-80.0011,-59.99911,40.00124,-120.00096,-20.00062
1754476140,-120.00234,-39.99986,-80.0011,-59.99911,40.00124,-120.00096,-20.00062
1754476200,-120.00234,-39.99986,-80.0011,-59.99911,40.00124,-120.00096,-20.00062
1754476260,-120.00234,-39.99986,-80.0011,-59.99911,40.00124,-120.00096,-20.00062
1754476320,-120.00234,-39.99986,-80.0011,-59.99911,40.00124,-120.00096,-20.00062
1754476380,-120.00234,-39.99986,-80.0011,-59.99911,40.00124,-120.00096,-20.00062
1754476440,-120.00234,-39.99986,-80.0011,-59.99911,40.00124,-120.00096,-20.00062
1754476500,-120.00234,-39.99986,-80.0011,-59.99911,40.00124,-120.00096,-20.00062
1754476560,-120.00234,-39.99986,-80.0011,-59.99911,40.00124,-120.00096,-20.00062
1754476620,-120.00234,-39.99986,-80.0011,-59.99911,40.00124,-120.00096,-20.00062
1754476680,-120.00234,-39.99986,-80.0011,-59.99911,40.00124,-120.00096,-20.00062
1754476740,-120.00234,-39.99986,-80.0011,-59.99911,40.00124,-120.00096,-20.00062
1754476800,-120.00234,-39.99986,-80.0011,-59.99911,40.00124,-120.00096,-20.00062
1754476860,-120.00234,-39.99986,-80.0011,-59.99911,40.00124,-120.00096,-20.00062
1754476920,-120.00234,-39.99986,-80.0011,-59.99911,40.00124,-120.00096,-20.00062
1754476980,-120.00234,-39.99986,-80.0011,-59.99911,40.00124,-120.00096,-20.00062
1754477040,-120.00234,-39.99986,-80.0011,-59.99911,40.00124,-120.00096,-20.00062
1754477100,-120.00234,-39.99986,-80.0011,-59.99911,40.00124,-120.00096,-20.00062
1754477160,-120.00234,-39.99986,-80.0011,-59.99911,40.00124,-120.00096,-20.00062
1754477220,-120.00234,-39.99986,-80.0011,-59.99911,40.00124,-120.00096,-20.00062
1754477280,-120.00234,-39.99986,-80.0011,-59.99911,40.00124,-120.00096,-20.00062
1754477340,-120.00234,-39.99986,-80.0011,-59.99911,40.00124,-120.00096,-20.00062
1754477400,-120.00234,-39.99986,-80.0011,-59.99911,40.00124,-120.00096,-20.00062
1754477460,-120.00234,-39.99986,-80.0011,-59.99911,40.00124,-120.00096,-20.00062
1754477520,-120.00234,-39.99986,-80.0011,-59.99911,40.00124,-120.00096,-20.00062
1754477580,-120.00234,-39.99986,-80.0011,-59.99911,40.00124,-120.00096,-20.00062
1754477640,-120.00234,-39.99986,-80.0011,-59.99911,40.00124,-120.00096,-20.00062
1754477700,-120.00234,-39.99986,-80.0011,-59.99911,40.00124,-120.00096,-20.00062
1754477760,-120.00234,-39.99986,-80.0011,-59.99911,40.00124,-120.00096,-20.00062
1754477820,-120.00234,-39.99986,-80.0011,-59.99911,40.00124,-120.00096,-20.00062
1754477880,-120.00234,-39.99986,-80.0011,-59.99911,40.00124,-120.00096,-20.00062
1754477940,-120.00234,-39.99986,-80.0011,-59.99911,40.00124,-120.00096,-20.00062
1754478000,-120.00234,-39.99986,-80.0011,-59.99911,40.00124,-120.00096,-20.00062
1754478060,-120.00234,-39.99986,-80.0011,-59.99911,40.00124,-120.00096,-20.00062
1754478120,-120.00234,-39.99986,-80.0011,-59.99911,40.00124,-120.00096,-20.00062
1754478180,-120.00234,-39.99986,-80.0011,-59.99911,40.00124,-120.00096,-20.00062
1754478240,-120.00234,-39.99986,-80.0011,-59.99911,40.00124,-120.00096,-20.00062
1754478300,-120.00234,-39.99986,-80.0011,-59.99911,40.00124,-120.00096,-20.00062
1754478360,-120.00234,-39.99986,-80.0011,-59.99911,40.00124,-120.00096,-20.00062
1754478420,-120.00234,-39.99986,-80.0011,-59.99911,40.00124,-120.00096,-20.00062
1754478480,-120.00234,-39.99986,-80.0011,-59.99911,40.00124,-120.00096,-20.00062
1754478540,-120.00234,-39.99986,-80.0011,-59.99911,40.00124,-120.00096,-20.00062
1754478600,-120.00234,-39.99986,-80.0011,-59.99911,40.00124,-120.00096,-20.00062
1754478660,-120.00234,-39.99986,-80.0011,-59.99911,40.00124,-120.00096,-20.00062
1754478720,-120.00234,-39.99986,-80.0011,-59.99911,40.00124,-120.00096,-20.00062
1754478780,-120.00234,-39.99986,-80.0011,-59.99911,40.00124,-120.00096,-20.00062
1754478840,-120.00234,-39.99986,-80.0011,-59.99911,40.00124,-120.00096,-20.00062
1754478900,-120.00234,-39.99986,-80.0011,-59.99911,40.00124,-120.00096,-20.00062
1754478960,-120.00234,-39.99986,-80.0011,-59.99911,40.00124,-120.00096,-20.00062
1754479020,-120.00234,-39.99986,-80.0011,-59.99911,40.00124,-120.00096,-20.00062
1754479080,-120.00234,-39.99986,-80.0011,-59.99911,40.00124,-120.00096,-20.00062
1754479140,-120.00234,-39.99986,-80.0011,-59.99911,40.00124,-120.00096,-20.00062
1754479200,-120.00234,-39.99986,-80.0011,-59.99911,40.00124,-120.00096,-20.00062
1754479260,-120.00234,-39.99986,-80.0011,-59.99911,40.00124,-120.00096,-20.00062
1754479320,-120.00234,-39.99986,-80.0011,-59.99911,40.00124,-120.00096,-20.00062
1754479380,-120.00234,-39.99986,-80.0011,-59.99911,40.00124,-120.00096,-20.00062
1754479440,-120.00234,-39.99986,-80.0011,-59.99911,40.00124,-120.00096,-20.00062
1754479500,-120.00234,-39.99986,-80.0011,-59.99911,40.00124,-120.00096,-20.00062
1754479560,-120.00234,-39.99986,-80.0011,-59.99911,40.00124,-120.00096,-20.00062
1754479620,-120.00234,-39.99986,-80.0011,-59.99911,40.00124,-120.00096,-20.00062
1754479680,-120.00234,-39.99986,-80.0011,-59.99911,40.00124,-120.00096,-20.00062
1754479740,-120.00234,-39.99986,-80.0011,-59.99911,40.00124,-120.00096,-20.00062
1754479800,-120.00234,-39.99986,-80.0011,-59.99911,40.00124,-120.00096,-20.00062
1754479860,-120.00234,-39.99986,-80.0011,-59.99911,40.00124,-120.00096,-20.00062
1754479920,-120.00234,-39.99986,-80.0011,-59.99911,40.00124,-120.00096,-20.00062
1754479980,-120.00234,-39.99986,-80.0011,-59.99911,40.00124,-120.00096,-20.00062
1754480040,-120.00234,-39.99986,-80.0011,-59.99911,40.00124,-120.00096,-20.00062
1754480100,-120.00234,-39.99986,-80.0011,-59.99911,40.00124,-120.00096,-20.00062
1754480160,-120.00234,-39.99986,-80.0011,-59.99911,40.00124,-120.00096,-20.00062
1754480220,-120.00234,-39.99986,-80.0011,-59.99911,40.00124,-120.00096,-20.00062
1754480280,-120.00234,-39.99986,-80.0011,-59.99911,40.00124,-120.00096,-20.00062
1754480340,-120.00234,-39.99986,-80.0011,-59.99911,40.00124,-120.00096,-20.00062
1754480400,-120.00234,-39.99986,-80.0011,-59.99911,40.00124,-120.00096,-20.00062
1754480460,-120.00234,-39.99986,-80.0011,-59.99911,40.00124,-120.00096,-20.00062
1754480520,-120.00234,-39.99986,-80.0011,-59.99911,40.00124,-120.00096,-20.00062
1754480580,-120.00234,-39.99986,-80.0011,-59.99911,40.00124,-120.00096,-20.00062
1754480640,-120.00234,-39.99986,-80.0011,-59.99911,40.00124,-120.00096,-20.00062
1754480700,-120.00234,-39.99986,-80.0011,-59.99911,40.00124,-120.00096,-20.00062
1754480760,-120.00234,-39.99986,-80.0011,-59.99911,40.00124,-120.00096,-20.00062
1754480820,-120.00234,-39.99986,-80.0011,-59.99911,40.00124,-120.00096,-20.00062
1754480880,-120.00234,-39.99986,-80.0011,-59.99911,40.00124,-120.00096,-20.00062
1754480940,-120.00234,-39.99986,-80.0011,-59.99911,40.00124,-120.00096,-20.00062
1754481000,-120.00234,-39.99986,-80.0011,-59.99911,40.00124,-120.00096,-20.00062
1754481060,-120.00234,-39.99986,-80.0011,-59.99911,40.00124,-120.00096,-20.00062
1754481120,-120.00234,-39.99986,-80.0011,-59.99911,40.00124,-120.00096,-20.00062
1754481180,-120.00234,-39.99986,-80.0011,-59.99911,40.00124,-120.00096,-20.00062
1754481240,-120.00234,-39.99986,-80.0011,-59.99911,40.00124,-120.00096,-20.00062
1754481300,-120.00234,-39.99986,-80.0011,-59.99911,40.00124,-120.00096,-20.00062
1754481360,-120.00234,-39.99986,-80.0011,-59.99911,40.00124,-120.00096,-20.00062
1754481420,-120.00234,-39.99986,-80.0011,-59.99911,40.00124,-120.00096,-20.00062
1754481480,-120.00234,-39.99986,-80.0011,-59.99911,40.00124,-120.00096,-20.00062
1754481540,-120.00234,-39.99986,-80.0011,-59.99911,40.00124,-120.00096,-20.00062
1754481600,-120.00234,-39.99986,-80.0011,-59.99911,40.00124,-120.00096,-20.00062
1754481660,-120.00234,-39.99986,-80.0011,-59.99911,40.00124,-120.00096,-20.00062
1754481720,-120.00234,-39.99986,-80.0011,-59.99911,40.00124,-120.00096,-20.00062
1754481780,-120.00234,-39.99986,-80.0011,-59.99911,40.00124,-120.00096,-20.00062
1754481840,-120.00234,-39.99986,-80.0011,-59.99911,40.00124,-120.00096,-20.00062
1754481900,-120.00234,-39.99986,-80.0011,-59.99911,40.00124,-120.00096,-20.00062
1754481960,-120.00234,-39.99986,-80.0011,-59.99911,40.00124,-120.00096,-20.00062
1754482020,-120.00234,-39.99986,-80.0011,-59.99911,40.00124,-120.00096,-20.00062
1754482080,-120.00234,-39.99986,-80.0011,-59.99911,40.00124,-120.00096,-20.00062
1754482140,-120.00234,-39.99986,-80.0011,-59.99911,40.00124,-120.00096,-20.00062
1754482200,-120.00234,-39.99986,-80.0011,-59.99911,40.00124,-120.00096,-20.00062
1754482260,-120.00234,-39.99986,-80.0011,-59.99911,40.00124,-120.00096,-20.00062
1754482320,-120.00234,-39.99986,-80.0011,-59.99911,40.00124,-120.00096,-20.00062
1754482380,-120.00234,-39.99986,-80.0011,-59.99911,40.00124,-120.00096,-20.00062
1754482440,-120.00234,-39.99986,-80.0011,-59.99911,40.00124,-120.00096,-20.00062
1754482500,-120.00234,-39.99986,-80.0011,-59.99911,40.00124,-120.00096,-20.00062
1754482560,-120.00234,-39.99986,-80.0011,-59.99911,40.00124,-120.00096,-20.00062
1754482620,-120.00234,-39.99986,-80.0011,-59.99911,40.00124,-120.00096,-20.00062
1754482680,-120.00234,-39.99986,-80.0011,-59.99911,40.00124,-120.00096,-20.00062
1754482740,-120.00234,-39.99986,-80.0011,-59.99911,40.00124,-120.00096,-20.00062
1754482800,-120.00234,-39.99986,-80.0011,-59.99911,40.00124,-120.00096,-20.00062
1754482860,-120.00234,-39.99986,-80.0011,-59.99911,40.00124,-120.00096,-20.00062
1754482920,-120.00234,-39.99986,-80.0011,-59.99911,40.00124,-120.00096,-20.00062
1754482980,-120.00234,-39.99986,-80.0011,-59.99911,40.00124,-120.00096,-20.00062
1754483040,-120.00234,-39.99986,-80.0011,-59.99911,40.00124,-120.00096,-20.00062
1754483100,-120.00234,-39.99986,-80.0011,-59.99911,40.00124,-120.00096,-20.00062
1754483160,-120.00234,-39.99986,-80.0011,-59.99911,40.00124,-120.00096,-20.00062
1754483220,-120.00234,-39.99986,-80.0011,-59.99911,40.00124,-120.00096,-20.00062
1754483280,-120.00234,-39.99986,-80.0011,-59.99911,40.00124,-120.00096,-20.00062
1754483340,-120.00234,-39.99986,-80.0011,-59.99911,40.00124,-120.00096,-20.00062
1754483400,-120.00234,-39.99986,-80.0011,-59.99911,40.00124,-120.00096,-20.00062
1754483460,-120.00234,-39.99986,-80.0011,-59.99911,40.00124,-120.00096,-20.00062
1754483520,-120.00234,-39.99986,-80.0011,-59.99911,40.00124,-120.00096,-20.00062
1754483580,-120.00234,-39.99986,-80.0011,-59.99911,40.00124,-120.00096,-20.00062
1754483640,-120.00234,-39.99986,-80.0011,-59.99911,40.00124,-120.00096,-20.00062
1754483700,-120.00234,-39.99986,-80.0011,-59.99911,40.00124,-120.00096,-20.00062
1754483760,-120.00234,-39.99986,-80.0011,-59.99911,40.00124,-120.00096,-20.00062
1754483820,-120.00234,-39.99986,-80.0011,-59.99911,40.00124,-120.00096,-20.00062
1754483880,-120.00234,-39.99986,-80.0011,-59.99911,40.00124,-120.00096,-20.00062
1754483940,-120.00234,-39.99986,-80.0011,-59.99911,40.00124,-120.00096,-20.00062
1754484000,-120.00234,-39.99986,-80.0011,-59.99911,40.00124,-120.00096,-20.00062
1754484060,-120.00234,-39.99986,-80.0011,-59.99911,40.00124,-120.00096,-20.00062
1754484120,-120.00234,-39.99986,-80.0011,-59.99911,40.00124,-120.00096,-20.00062
1754484180,-120.00234,-39.99986,-80.0011,-59.99911,40.00124,-120.00096,-20.00062
1754484240,-120.00234,-39.99986,-80.0011,-59.99911,40.00124,-120.00096,-20.00062
1754484300,-120.00234,-39.99986,-80.0011,-59.99911,40.00124,-120.00096,-20.00062
1754484360,-120.00234,-39.99986,-80.0011,-59.99911,40.00124,-120.00096,-20.00062
1754484420,-120.00234,-39.99986,-80.0011,-59.99911,40.00124,-120.00096,-20.00062
1754484480,-120.00234,-39.99986,-80.0011,-59.99911,40.00124,-120.00096,-20.00062
1754484540,-120.00234,-39.99986,-80.0011,-59.99911,40.00124,-120.00096,-20.00062
1754484600,-120.00234,-39.99986,-80.0011,-59.99911,40.00124,-120.00096,-20.00062
1754484660,-120.00234,-39.99986,-80.0011,-59.99911,40.00124,-120.00096,-20.00062
1754484720,-120.00234,-39.99986,-80.0011,-59.99911,40.00124,-120.00096,-20.00062
1754484780,-120.00234,-39.99986,-80.0011,-59.99911,40.00124,-120.00096,-20.00062
1754484840,-120.00234,-39.99986,-80.0011,-59.99911,40.00124,-120.00096,-20.00062
1754484900,-120.00234,-39.99986,-80.0011,-59.99911,40.00124,-120.00096,-20.00062
1754484960,-120.00234,-39.99986,-80.0011,-59.99911,40.00124,-120.00096,-20.00062
1754485020,-120.00234,-39.99986,-80.0011,-59.99911,40.00124,-120.00096,-20.00062
1754485080,-120.00234,-39.99986,-80.0011,-59.99911,40.00124,-120.00096,-20.00062
1754485140,-120.00234,-39.99986,-80.0011,-59.99911,40.00124,-120.00096,-20.00062
1754485200,-120.00234,-39.99986,-80.0011,-59.99911,40.00124,-120.00096,-20.00062
1754485260,-120.00234,-39.99986,-80.0011,-59.99911,40.00124,-120.00096,-20.00062
1754485320,-120.00234,-39.99986,-80.0011,-59.99911,40.00124,-120.00096,-20.00062
1754485380,-120.00234,-39.99986,-80.0011,-59.99911,40.00124,-120.00096,-20.00062
1754485440,-120.00234,-39.99986,-80.0011,-59.99911,40.00124,-120.00096,-20.00062
1754485500,-120.00234,-39.99986,-80.0011,-59.99911,40.00124,-120.00096,-20.00062
1754485560,-120.00234,-39.99986,-80.0011,-59.99911,40.00124,-120.00096,-20.00062
1754485620,-120.00234,-39.99986,-80.0011,-59.99911,40.00124,-120.00096,-20.00062
1754485680,-120.00234,-39.99986,-80.0011,-59.99911,40.00124,-120.00096,-20.00062
1754485740,-120.00234,-39.99986,-80.0011,-59.99911,40.00124,-120.00096,-20.00062
1754485800,-120.00234,-39.99986,-80.0011,-59.99911,40.00124,-120.00096,-20.00062
1754485860,-120.00234,-39.99986,-80.0011,-59.99911,40.00124,-120.00096,-20.00062
1754485920,-120.00234,-39.99986,-80.0011,-59.99911,40.00124,-120.00096,-20.00062
1754485980,-120.00234,-39.99986,-80.0011,-59.99911,40.00124,-120.00096,-20.00062
1754486040,-120.00234,-39.99986,-80.0011,-59.99911,40.00124,-120.00096,-20.00062
1754486100,-120.00234,-39.99986,-80.0011,-59.99911,40.00124,-120.00096,-20.00062
1754486160,-120.00234,-39.99986,-80.0011,-59.99911,40.00124,-120.00096,-20.00062
1754486220,-120.00234,-39.99986,-80.0011,-59.99911,40.00124,-120.00096,-20.00062
1754486280,-120.00234,-39.99986,-80.0011,-59.99911,40.00124,-120.00096,-20.00062
1754486340,-120.00234,-39.99986,-80.0011,-59.99911,40.00124,-120.00096,-20.00062
1754486400,-120.00234,-39.99986,-80.0011,-59.99911,40.00124,-120.00096,-20.00062
1754486460,-120.00234,-39.99986,-80.0011,-59.99911,40.00124,-120.00096,-20.00062
1754486520,-120.00234,-39.99986,-80.0011,-59.99911,40.00124,-120.00096,-20.00062
1754486580,-120.00234,-39.99986,-80.0011,-59.99911,40.00124,-120.00096,-20.00062
1754486640,-120.00234,-39.99986,-80.0011,-59.99911,40.00124,-120.00096,-20.00062
1754486700,-120.00234,-39.99986,-80.0011,-59.99911,40.00124,-120.00096,-20.00062
1754486760,-120.00234,-39.99986,-80.0011,-59.99911,40.00124,-120.00096,-20.00062
1754486820,-120.00234,-39.99986,-80.0011,-59.99911,40.00124,-120.00096,-20.00062
1754486880,-120.00234,-39.99986,-80.0011,-59.99911,40.00124,-120.00096,-20.00062
1754486940,-120.00234,-39.99986,-80.0011,-59.99911,40.00124,-120.00096,-20.00062
1754487000,-120.00234,-39.99986,-80.0011,-59.99911,40.00124,-120.00096,-20.00062
1754487060,-120.00234,-39.99986,-80.0011,-59.99911,40.00124,-120.00096,-20.00062
1754487120,-120.00234,-39.99986,-80.0011,-59.99911,40.00124,-120.00096,-20.00062
1754487180,-120.00234,-39.99986,-80.0011,-59.99911,40.00124,-120.00096,-20.00062
1754487240,-120.00234,-39.99986,-80.0011,-59.99911,40.00124,-120.00096,-20.00062
1754487300,-120.00234,-39.99986,-80.0011,-59.99911,40.00124,-120.00096,-20.00062
1754487360,-120.00234,-39.99986,-80.0011,-59.99911,40.00124,-120.00096,-20.00062
1754487420,-120.00234,-39.99986,-80.0011,-59.99911,40.00124,-120.00096,-20.00062
1754487480,-120.00234,-39.99986,-80.0011,-59.99911,40.00124,-120.00096,-20.00062
1754487540,-120.00234,-39.99986,-80.0011,-59.99911,40.00124,-120.00096,-20.00062
1754487600,-120.00234,-39.99986,-80.0011,-59.99911,40.00124,-120.00096,-20.00062
1754487660,-120.00234,-39.99986,-80.0011,-59.99911,40.00124,-120.00096,-20.00062
1754487720,-120.00234,-39.99986,-80.0011,-59.99911,40.00124,-120.00096,-20.00062
1754487780,-120.00234,-39.99986,-80.0011,-59.99911,40.00124,-120.00096,-20.00062
1754487840,-120.00234,-39.99986,-80.0011,-59.99911,40.00124,-120.00096,-20.00062
1754487900,-120.00234,-39.99986,-80.0011,-59.99911,40.00124,-120.00096,-20.00062
1754487960,-120.00234,-39.99986,-80.0011,-59.99911,40.00124,-120.00096,-20.00062
1754488020,-120.00234,-39.99986,-80.0011,-59.99911,40.00124,-120.00096,-20.00062
1754488080,-120.00234,-39.99986,-80.0011,-59.99911,40.00124,-120.00096,-20.00062
1754488140,-120.00234,-39.99986,-80.0011,-59.99911,40.00124,-120.00096,-20.00062
1754488200,-120.00234,-39.99986,-80.0011,-59.99911,40.00124,-120.00096,-20.00062
1754488260,-120.00234,-39.99986,-80.0011,-59.99911,40.00124,-120.00096,-20.00062
1754488320,-120.00234,-39.99986,-80.0011,-59.99911,40.00124,-120.00096,-20.00062
1754488380,-120.00234,-39.99986,-80.0011,-59.99911,40.00124,-120.00096,-20.00062
1754488440,-120.00234,-39.99986,-80.0011,-59.99911,40.00124,-120.00096,-20.00062
1754488500,-120.00234,-39.99986,-80.0011,-59.99911,40.00124,-120.00096,-20.00062
1754488560,-120.00234,-39.99986,-80.0011,-59.99911,40.00124,-120.00096,-20.00062
1754488620,-120.00234,-39.99986,-80.0011,-59.99911,40.00124,-120.00096,-20.00062
1754488680,-120.00234,-39.99986,-80.0011,-59.99911,40.00124,-120.00096,-20.00062
1754488740,-120.00234,-39.99986,-80.0011,-59.99911,40.00124,-120.00096,-20.00062
1754488800,-120.00234,-39.99986,-80.0011,-59.99911,40.00124,-120.00096,-20.00062
1754488860,-120.00234,-39.99986,-80.0011,-59.99911,40.00124,-120.00096,-20.00062
1754488920,-120.00234,-39.99986,-80.0011,-59.99911,40.00124,-120.00096,-20.00062
1754488980,-120.00234,-39.99986,-80.0011,-59.99911,40.00124,-120.00096,-20.00062
1754489040,-120.00234,-39.99986,-80.0011,-59.99911,40.00124,-120.00096,-20.00062
1754489100,-120.00234,-39.99986,-80.0011,-59.99911,40.00124,-120.00096,-20.00062
1754489160,-120.00234,-39.99986,-80.0011,-59.99911,40.00124,-120.00096,-20.00062
1754489220,-120.00234,-39.99986,-80.0011,-59.99911,40.00124,-120.00096,-20.00062
1754489280,-120.00234,-39.99986,-80.0011,-59.99911,40.00124,-120.00096,-20.00062
1754489340,-120.00234,-39.99986,-80.0011,-59.99911,40.00124,-120.00096,-20.00062
1754489400,-120.00234,-39.99986,-80.0011,-59.99911,40.00124,-120.00096,-20.00062
1754489460,-120.00234,-39.99986,-80.0011,-59.99911,40.00124,-120.00096,-20.00062
1754489520,-120.00234,-39.99986,-80.0011,-59.99911,40.00124,-120.00096,-20.00062
1754489580,-120.00234,-39.99986,-80.0011,-59.99911,40.00124,-120.00096,-20.00062
1754489640,-120.00234,-39.99986,-80.0011,-59.99911,40.00124,-120.00096,-20.00062
1754489700,-120.00234,-39.99986,-80.0011,-59.99911,40.00124,-120.00096,-20.00062
1754489760,-120.00234,-39.99986,-80.0011,-59.99911,40.00124,-120.00096,-20.00062
1754489820,-120.00234,-39.99986,-80.0011,-59.99911,40.00124,-120.00096,-20.00062
1754489880,-120.00234,-39.99986,-80.0011,-59.99911,40.00124,-120.00096,-20.00062
1754489940,-120.00234,-39.99986,-80.0011,-59.99911,40.00124,-120.00096,-20.00062
1754490000,-120.00234,-39.99986,-80.0011,-59.99911,40.00124,-120.00096,-20.00062
1754490060,-120.00234,-39.99986,-80.0011,-59.99911,40.00124,-120.00096,-20.00062
1754490120,-120.00234,-39.99986,-80.0011,-59.99911,40.00124,-120.00096,-20.00062
1754490180,-120.00234,-39.99986,-80.0011,-59.99911,40.00124,-120.00096,-20.00062
1754490240,-120.00234,-39.99986,-80.0011,-59.99911,40.00124,-120.00096,-20.00062
1754490300,-120.00234,-39.99986,-80.0011,-59.99911,40.00124,-120.00096,-20.00062
1754490360,-120.00234,-39.99986,-80.0011,-59.99911,40.00124,-120.00096,-20.00062
1754490420,-120.00234,-39.99986,-80.0011,-59.99911,40.00124,-120.00096,-20.00062
1754490480,-120.00234,-39.99986,-80.0011,-59.99911,40.00124,-120.00096,-20.00062
1754490540,-120.00234,-39.99986,-80.0011,-59.99911,40.00124,-120.00096,-20.00062
1754490600,-120.00234,-39.99986,-80.0011,-59.99911,40.00124,-120.00096,-20.00062
1754490660,-120.00234,-39.99986,-80.0011,-59.99911,40.00124,-120.00096,-20.00062
1754490720,-120.00234,-39.99986,-80.0011,-59.99911,40.00124,-120.00096,-20.00062
1754490780,-120.00234,-39.99986,-80.0011,-59.99911,40.00124,-120.00096,-20.00062
1754490840,-120.00234,-39.99986,-80.0011,-59.99911,40.00124,-120.00096,-20.00062
1754490900,-120.00234,-39.99986,-80.0011,-59.99911,40.00124,-120.00096,-20.00062
1754490960,-120.00234,-39.99986,-80.0011,-59.99911,40.00124,-120.00096,-20.00062
1754491020,-120.00234,-39.99986,-80.0011,-59.99911,40.00124,-120.00096,-20.00062
1754491080,-120.00234,-39.99986,-80.0011,-59.99911,40.00124,-120.00096,-20.00062
1754491140,-120.00234,-39.99986,-80.0011,-59.99911,40.00124,-120.00096,-20.00062
1754491200,-120.00234,-39.99986,-80.0011,-59.99911,40.00124,-120.00096,-20.00062
1754491260,-120.00234,-39.99986,-80.0011,-59.99911,40.00124,-120.00096,-20.00062
1754491320,-120.00234,-39.99986,-80.0011,-59.99911,40.00124,-120.00096,-20.00062
1754491380,-120.00234,-39.99986,-80.0011,-59.99911,40.00124,-120.00096,-20.00062
1754491440,-120.00234,-39.99986,-80.0011,-59.99911,40.00124,-120.00096,-20.00062
1754491500,-120.00234,-39.99986,-80.0011,-59.99911,40.00124,-120.00096,-20.00062
1754491560,-120.00234,-39.99986,-80.0011,-59.99911,40.00124,-120.00096,-20.00062
1754491620,-120.00234,-39.99986,-80.0011,-59.99911,40.00124,-120.00096,-20.00062
1754491680,-120.00234,-39.99986,-80.0011,-59.99911,40.00124,-120.00096,-20.00062
1754491740,-120.00234,-39.99986,-80.0011,-59.99911,40.00124,-120.00096,-20.00062
1754491800,-120.00234,-39.99986,-80.0011,-59.99911,40.00124,-120.00096,-20.00062
1754491860,-120.00234,-39.99986,-80.0011,-59.99911,40.00124,-120.00096,-20.00062
1754491920,-120.00234,-39.99986,-80.0011,-59.99911,40.00124,-120.00096,-20.00062
1754491980,-120.00234,-39.99986,-80.0011,-59.99911,40.00124,-120.00096,-20.00062
1754492040,-120.00234,-39.99986,-80.0011,-59.99911,40.00124,-120.00096,-20.00062
1754492100,-120.00234,-39.99986,-80.0011,-59.99911,40.00124,-120.00096,-20.00062
1754492160,-120.00234,-39.99986,-80.0011,-59.99911,40.00124,-120.00096,-20.00062
1754492220,-120.00234,-39.99986,-80.0011,-59.99911,40.00124,-120.00096,-20.00062
1754492280,-120.00234,-39.99986,-80.0011,-59.99911,40.00124,-120.00096,-20.00062
1754492340,-120.00234,-39.99986,-80.0011,-59.99911,40.00124,-120.00096,-20.00062
1754492400,-120.00234,-39.99986,-80.0011,-59.99911,40.00124,-120.00096,-20.00062
1754492460,-120.00234,-39.99986,-80.0011,-59.99911,40.00124,-120.00096,-20.00062
1754492520,-120.00234,-39.99986,-80.0011,-59.99911,40.00124,-120.00096,-20.00062
1754492580,-120.00234,-39.99986,-80.0011,-59.99911,40.00124,-120.00096,-20.00062
1754492640,-120.00234,-39.99986,-80.0011,-59.99911,40.00124,-120.00096,-20.00062
1754492700,-120.00234,-39.99986,-80.0011,-59.99911,40.00124,-120.00096,-20.00062
1754492760,-120.00234,-39.99986,-80.0011,-59.99911,40.00124,-120.00096,-20.00062
1754492820,-120.00234,-39.99986,-80.0011,-59.99911,40.00124,-120.00096,-20.00062
1754492880,-120.00234,-39.99986,-80.0011,-59.99911,40.00124,-120.00096,-20.00062
1754492940,-120.00234,-39.99986,-80.0011,-59.99911,40.00124,-120.00096,-20.00062
1754493000,-120.00234,-39.99986,-80.0011,-59.99911,40.00124,-120.00096,-20.00062
1754493060,-120.00234,-39.99986,-80.0011,-59.99911,40.00124,-120.00096,-20.00062
1754493120,-120.00234,-39.99986,-80.0011,-59.99911,40.00124,-120.00096,-20.00062
1754493180,-120.00234,-39.99986,-80.0011,-59.99911,40.00124,-120.00096,-20.00062
1754493240,-120.00234,-39.99986,-80.0011,-59.99911,40.00124,-120.00096,-20.00062
1754493300,-120.00234,-39.99986,-80.0011,-59.99911,40.00124,-120.00096,-20.00062
1754493360,-120.00234,-39.99986,-80.0011,-59.99911,40.00124,-120.00096,-20.00062
1754493420,-120.00234,-39.99986,-80.0011,-59.99911,40.00124,-120.00096,-20.00062
1754493480,-120.00234,-39.99986,-80.0011,-59.99911,40.00124,-120.00096,-20.00062
1754493540,-120.00234,-39.99986,-80.0011,-59.99911,40.00124,-120.00096,-20.00062
1754493600,-120.00234,-39.99986,-80.0011,-59.99911,40.00124,-120.00096,-20.00062
1754493660,-120.00234,-39.99986,-80.0011,-59.99911,40.00124,-120.00096,-20.00062
1754493720,-120.00234,-39.99986,-80.0011,-59.99911,40.00124,-120.00096,-20.00062
1754493780,-120.00234,-39.99986,-80.0011,-59.99911,40.00124,-120.00096,-20.00062
1754493840,-120.00234,-39.99986,-80.0011,-59.99911,40.00124,-120.00096,-20.00062
1754493900,-120.00234,-39.99986,-80.0011,-59.99911,40.00124,-120.00096,-20.00062
1754493960,-120.00234,-39.99986,-80.0011,-59.99911,40.00124,-120.00096,-20.00062
1754494020,-120.00234,-39.99986,-80.0011,-59.99911,40.00124,-120.00096,-20.00062
1754494080,-120.00234,-39.99986,-80.0011,-59.99911,40.00124,-120.00096,-20.00062
1754494140,-120.00234,-39.99986,-80.0011,-59.99911,40.00124,-120.00096,-20.00062
1754494200,-120.00234,-39.99986,-80.0011,-59.99911,40.00124,-120.00096,-20.00062
1754494260,-120.00234,-39.99986,-80.0011,-59.99911,40.00124,-120.00096,-20.00062
1754494320,-120.00234,-39.99986,-80.0011,-59.99911,40.00124,-120.00096,-20.00062
1754494380,-120.00234,-39.99986,-80.0011,-59.99911,40.00124,-120.00096,-20.00062
1754494440,-120.00234,-39.99986,-80.0011,-59.99911,40.00124,-120.00096,-20.00062
1754494500,-120.00234,-39.99986,-80.0011,-59.99911,40.00124,-120.00096,-20.00062
1754494560,-120.00234,-39.99986,-80.0011,-59.99911,40.00124,-120.00096,-20.00062
1754494620,-120.00234,-39.99986,-80.0011,-59.99911,40.00124,-120.00096,-20.00062
1754494680,-120.00234,-39.99986,-80.0011,-59.99911,40.00124,-120.00096,-20.00062
1754494740,-120.00234,-39.99986,-80.0011,-59.99911,40.00124,-120.00096,-20.00062
1754494800,-120.00234,-39.99986,-80.0011,-59.99911,40.00124,-120.00096,-20.00062
1754494860,-120.00234,-39.99986,-80.0011,-59.99911,40.00124,-120.00096,-20.00062
1754494920,-120.00234,-39.99986,-80.0011,-59.99911,40.00124,-120.00096,-20.00062
1754494980,-120.00234,-39.99986,-80.0011,-59.99911,40.00124,-120.00096,-20.00062
1754495040,-120.00234,-39.99986,-80.0011,-59.99911,40.00124,-120.00096,-20.00062
1754495100,-120.00234,-39.99986,-80.0011,-59.99911,40.00124,-120.00096,-20.00062
1754495160,-120.00234,-39.99986,-80.0011,-59.99911,40.00124,-120.00096,-20.00062
1754495220,-120.00234,-39.99986,-80.0011,-59.99911,40.00124,-120.00096,-20.00062
1754495280,-120.00234,-39.99986,-80.0011,-59.99911,40.00124,-120.00096,-20.00062
1754495340,-120.00234,-39.99986,-80.0011,-59.99911,40.00124,-120.00096,-20.00062
1754495400,-120.00234,-39.99986,-80.0011,-59.99911,40.00124,-120.00096,-20.00062
1754495460,-120.00234,-39.99986,-80.0011,-59.99911,40.00124,-120.00096,-20.00062
1754495520,-120.00234,-39.99986,-80.0011,-59.99911,40.00124,-120.00096,-20.00062
1754495580,-120.00234,-39.99986,-80.0011,-59.99911,40.00124,-120.00096,-20.00062
1754495640,-120.00234,-39.99986,-80.0011,-59.99911,40.00124,-120.00096,-20.00062
1754495700,-120.00234,-39.99986,-80.0011,-59.99911,40.00124,-120.00096,-20.00062
1754495760,-120.00234,-39.99986,-80.0011,-59.99911,40.00124,-120.00096,-20.00062
1754495820,-120.00234,-39.99986,-80.0011,-59.99911,40.00124,-120.00096,-20.00062
1754495880,-120.00234,-39.99986,-80.0011,-59.99911,40.00124,-120.00096,-20.00062
1754495940,-120.00234,-39.99986,-80.0011,-59.99911,40.00124,-120.00096,-20.00062
1754496000,-120.00234,-39.99986,-80.0011,-59.99911,40.00124,-120.00096,-20.00062
1754496060,-120.00234,-39.99986,-80.0011,-59.99911,40.00124,-120.00096,-20.00062
1754496120,-120.00234,-39.99986,-80.0011,-59.99911,40.00124,-120.00096,-20.00062
1754496180,-120.00234,-39.99986,-80.0011,-59.99911,40.00124,-120.00096,-20.00062
1754496240,-120.00234,-39.99986,-80.0011,-59.99911,40.00124,-120.00096,-20.00062
1754496300,-120.00234,-39.99986,-80.0011,-59.99911,40.00124,-120.00096,-20.00062
1754496360,-120.00234,-39.99986,-80.0011,-59.99911,40.00124,-120.00096,-20.00062
1754496420,-120.00234,-39.99986,-80.0011,-59.99911,40.00124,-120.00096,-20.00062
1754496480,-120.00234,-39.99986,-80.0011,-59.99911,40.00124,-120.00096,-20.00062
1754496540,-120.00234,-39.99986,-80.0011,-59.99911,40.00124,-120.00096,-20.00062
1754496600,-120.00234,-39.99986,-80.0011,-59.99911,40.00124,-120.00096,-20.00062
1754496660,-120.00234,-39.99986,-80.0011,-59.99911,40.00124,-120.00096,-20.00062
1754496720,-120.00234,-39.99986,-80.0011,-59.99911,40.00124,-120.00096,-20.00062
1754496780,-120.00234,-39.99986,-80.0011,-59.99911,40.00124,-120.00096,-20.00062
1754496840,-120.00234,-39.99986,-80.0011,-59.99911,40.00124,-120.00096,-20.00062
1754496900,-120.00234,-39.99986,-80.0011,-59.99911,40.00124,-120.00096,-20.00062
1754496960,-120.00234,-39.99986,-80.0011,-59.99911,40.00124,-120.00096,-20.00062
1754497020,-120.00234,-39.99986,-80.0011,-59.99911,40.00124,-120.00096,-20.00062
1754497080,-120.00234,-39.99986,-80.0011,-59.99911,40.00124,-120.00096,-20.00062
1754497140,-120.00234,-39.99986,-80.0011,-59.99911,40.00124,-120.00096,-20.00062
1754497200,-120.00234,-39.99986,-80.0011,-59.99911,40.00124,-120.00096,-20.00062
1754497260,-120.00234,-39.99986,-80.0011,-59.99911,40.00124,-120.00096,-20.00062
1754497320,-120.00234,-39.99986,-80.0011,-59.99911,40.00124,-120.00096,-20.00062
1754497380,-120.00234,-39.99986,-80.0011,-59.99911,40.00124,-120.00096,-20.00062
1754497440,-120.00234,-39.99986,-80.0011,-59.99911,40.00124,-120.00096,-20.00062
1754497500,-120.00234,-39.99986,-80.0011,-59.99911,40.00124,-120.00096,-20.00062
1754497560,-120.00234,-39.99986,-80.0011,-59.99911,40.00124,-120.00096,-20.00062
1754497620,-120.00234,-39.99986,-80.0011,-59.99911,40.00124,-120.00096,-20.00062
1754497680,-120.00234,-39.99986,-80.0011,-59.99911,40.00124,-120.00096,-20.00062
1754497740,-120.00234,-39.99986,-80.0011,-59.99911,40.00124,-120.00096,-20.00062
1754497800,-120.00234,-39.99986,-80.0011,-59.99911,40.00124,-120.00096,-20.00062
1754497860,-120.00234,-39.99986,-80.0011,-59.99911,40.00124,-120.00096,-20.00062
1754497920,-120.00234,-39.99986,-80.0011,-59.99911,40.00124,-120.00096,-20.00062
1754497980,-120.00234,-39.99986,-80.0011,-59.99911,40.00124,-120.00096,-20.00062
1754498040,-120.00234,-39.99986,-80.0011,-59.99911,40.00124,-120.00096,-20.00062
1754498100,-120.00234,-39.99986,-80.0011,-59.99911,40.00124,-120.00096,-20.00062
1754498160,-120.00234,-39.99986,-80.0011,-59.99911,40.00124,-120.00096,-20.00062
1754498220,-120.00234,-39.99986,-80.0011,-59.99911,40.00124,-120.00096,-20.00062
1754498280,-120.00234,-39.99986,-80.0011,-59.99911,40.00124,-120.00096,-20.00062
1754498340,-120.00234,-39.99986,-80.0011,-59.99911,40.00124,-120.00096,-20.00062
1754498400,-120.00234,-39.99986,-80.0011,-59.99911,40.00124,-120.00096,-20.00062
1754498460,-120.00234,-39.99986,-80.0011,-59.99911,40.00124,-120.00096,-20.00062
1754498520,-120.00234,-39.99986,-80.0011,-59.99911,40.00124,-120.00096,-20.00062
1754498580,-120.00234,-39.99986,-80.0011,-59.99911,40.00124,-120.00096,-20.00062
1754498640,-120.00234,-39.99986,-80.0011,-59.99911,40.00124,-120.00096,-20.00062
1754498700,-120.00234,-39.99986,-80.0011,-59.99911,40.00124,-120.00096,-20.00062
1754498760,-120.00234,-39.99986,-80.0011,-59.99911,40.00124,-120.00096,-20.00062
1754498820,-120.00234,-39.99986,-80.0011,-59.99911,40.00124,-120.00096,-20.00062
1754498880,-120.00234,-39.99986,-80.0011,-59.99911,40.00124,-120.00096,-20.00062
1754498940,-120.00234,-39.99986,-80.0011,-59.99911,40.00124,-120.00096,-20.00062
1754499000,-120.00234,-39.99986,-80.0011,-59.99911,40.00124,-120.00096,-20.00062
1754499060,-120.00234,-39.99986,-80.0011,-59.99911,40.00124,-120.00096,-20.00062
1754499120,-120.00234,-39.99986,-80.0011,-59.99911,40.00124,-120.00096,-20.00062
1754499180,-120.00234,-39.99986,-80.0011,-59.99911,40.00124,-120.00096,-20.00062
1754499240,-120.00234,-39.99986,-80.0011,-59.99911,40.00124,-120.00096,-20.00062
1754499300,-120.00234,-39.99986,-80.0011,-59.99911,40.00124,-120.00096,-20.00062
1754499360,-120.00234,-39.99986,-80.0011,-59.99911,40.00124,-120.00096,-20.00062
1754499420,-120.00234,-39.99986,-80.0011,-59.99911,40.00124,-120.00096,-20.00062
1754499480,-120.00234,-39.99986,-80.0011,-59.99911,40.00124,-120.00096,-20.00062
1754499540,-120.00234,-39.99986,-80.0011,-59.99911,40.00124,-120.00096,-20.00062
1754499600,-120.00234,-39.99986,-80.0011,-59.99911,40.00124,-120.00096,-20.00062
1754499660,-120.00234,-39.99986,-80.0011,-59.99911,40.00124,-120.00096,-20.00062
1754499720,-120.00234,-39.99986,-80.0011,-59.99911,40.00124,-120.00096,-20.00062
1754499780,-120.00234,-39.99986,-80.0011,-59.99911,40.00124,-120.00096,-20.00062
1754499840,-120.00234,-39.99986,-80.0011,-59.99911,40.00124,-120.00096,-20.00062
1754499900,-120.00234,-39.99986,-80.0011,-59.99911,40.00124,-120.00096,-20.00062
1754499960,-120.00234,-39.99986,-80.0011,-59.99911,40.00124,-120.00096,-20.00062
1754500020,-120.00234,-39.99986,-80.0011,-59.99911,40.00124,-120.00096,-20.00062
1754500080,-120.00234,-39.99986,-80.0011,-59.99911,40.00124,-120.00096,-20.00062
1754500140,-120.00234,-39.99986,-80.0011,-59.99911,40.00124,-120.00096,-20.00062
1754500200,-120.00234,-39.99986,-80.0011,-59.99911,40.00124,-120.00096,-20.00062
1754500260,-120.00234,-39.99986,-80.0011,-59.99911,40.00124,-120.00096,-20.00062
1754500320,-120.00234,-39.99986,-80.0011,-59.99911,40.00124,-120.00096,-20.00062
1754500380,-120.00234,-39.99986,-80.0011,-59.99911,40.00124,-120.00096,-20.00062
1754500440,-120.00234,-39.99986,-80.0011,-59.99911,40.00124,-120.00096,-20.00062
1754500500,-120.00234,-39.99986,-80.0011,-59.99911,40.00124,-120.00096,-20.00062
1754500560,-120.00234,-39.99986,-80.0011,-59.99911,40.00124,-120.00096,-20.00062
1754500620,-120.00234,-39.99986,-80.0011,-59.99911,40.00124,-120.00096,-20.00062
1754500680,-120.00234,-39.99986,-80.0011,-59.99911,40.00124,-120.00096,-20.00062
1754500740,-120.00234,-39.99986,-80.0011,-59.99911,40.00124,-120.00096,-20.00062
1754500800,-120.00234,-39.99986,-80.0011,-59.99911,40.00124,-120.00096,-20.00062
1754500860,-120.00234,-39.99986,-80.0011,-59.99911,40.00124,-120.00096,-20.00062
1754500920,-120.00234,-39.99986,-80.0011,-59.99911,40.00124,-120.00096,-20.00062
1754500980,-120.00234,-39.99986,-80.0011,-59.99911,40.00124,-120.00096,-20.00062
1754501040,-120.00234,-39.99986,-80.0011,-59.99911,40.00124,-120.00096,-20.00062
1754501100,-120.00234,-39.99986,-80.0011,-59.99911,40.00124,-120.00096,-20.00062
1754501160,-120.00234,-39.99986,-80.0011,-59.99911,40.00124,-120.00096,-20.00062
1754501220,-120.00234,-39.99986,-80.0011,-59.99911,40.00124,-120.00096,-20.00062
1754501280,-120.00234,-39.99986,-80.0011,-59.99911,40.00124,-120.00096,-20.00062
1754501340,-120.00234,-39.99986,-80.0011,-59.99911,40.00124,-120.00096,-20.00062
1754501400,-120.00234,-39.99986,-80.0011,-59.99911,40.00124,-120.00096,-20.00062
1754501460,-120.00234,-39.99986,-80.0011,-59.99911,40.00124,-120.00096,-20.00062
1754501520,-120.00234,-39.99986,-80.0011,-59.99911,40.00124,-120.00096,-20.00062
1754501580,-120.00234,-39.99986,-80.0011,-59.99911,40.00124,-120.00096,-20.00062
1754501640,-120.00234,-39.99986,-80.0011,-59.99911,40.00124,-120.00096,-20.00062
1754501700,-120.00234,-39.99986,-80.0011,-59.99911,40.00124,-120.00096,-20.00062
1754501760,-120.00234,-39.99986,-80.0011,-59.99911,40.00124,-120.00096,-20.00062
1754501820,-120.00234,-39.99986,-80.0011,-59.99911,40.00124,-120.00096,-20.00062
1754501880,-120.00234,-39.99986,-80.0011,-59.99911,40.00124,-120.00096,-20.00062
1754501940,-120.00234,-39.99986,-80.0011,-59.99911,40.00124,-120.00096,-20.00062
1754502000,-120.00234,-39.99986,-80.0011,-59.99911,40.00124,-120.00096,-20.00062
1754502060,-120.00234,-39.99986,-80.0011,-59.99911,40.00124,-120.00096,-20.00062
1754502120,-120.00234,-39.99986,-80.0011,-59.99911,40.00124,-120.00096,-20.00062
1754502180,-120.00234,-39.99986,-80.0011,-59.99911,40.00124,-120.00096,-20.00062
1754502240,-120.00234,-39.99986,-80.0011,-59.99911,40.00124,-120.00096,-20.00062
1754502300,-120.00234,-39.99986,-80.0011,-59.99911,40.00124,-120.00096,-20.00062
1754502360,-120.00234,-39.99986,-80.0011,-59.99911,40.00124,-120.00096,-20.00062
1754502420,-120.00234,-39.99986,-80.0011,-59.99911,40.00124,-120.00096,-20.00062
1754502480,-120.00234,-39.99986,-80.0011,-59.99911,40.00124,-120.00096,-20.00062
1754502540,-120.00234,-39.99986,-80.0011,-59.99911,40.00124,-120.00096,-20.00062
1754502600,-120.00234,-39.99986,-80.0011,-59.99911,40.00124,-120.00096,-20.00062
1754502660,-120.00234,-39.99986,-80.0011,-59.99911,40.00124,-120.00096,-20.00062
1754502720,-120.00234,-39.99986,-80.0011,-59.99911,40.00124,-120.00096,-20.00062
1754502780,-120.00234,-39.99986,-80.0011,-59.99911,40.00124,-120.00096,-20.00062
1754502840,-120.00234,-39.99986,-80.0011,-59.99911,40.00124,-120.00096,-20.00062
1754502900,-120.00234,-39.99986,-80.0011,-59.99911,40.00124,-120.00096,-20.00062
1754502960,-120.00234,-39.99986,-80.0011,-59.99911,40.00124,-120.00096,-20.00062
1754503020,-120.00234,-39.99986,-80.0011,-59.99911,40.00124,-120.00096,-20.00062
1754503080,-120.00234,-39.99986,-80.0011,-59.99911,40.00124,-120.00096,-20.00062
1754503140,-120.00234,-39.99986,-80.0011,-59.99911,40.00124,-120.00096,-20.00062
1754503200,-120.00234,-39.99986,-80.0011,-59.99911,40.00124,-120.00096,-20.00062
1754503260,-120.00234,-39.99986,-80.0011,-59.99911,40.00124,-120.00096,-20.00062
1754503320,-120.00234,-39.99986,-80.0011,-59.99911,40.00124,-120.00096,-20.00062
1754503380,-120.00234,-39.99986,-80.0011,-59.99911,40.00124,-120.00096,-20.00062
1754503440,-120.00234,-39.99986,-80.0011,-59.99911,40.00124,-120.00096,-20.00062
1754503500,-120.00234,-39.99986,-80.0011,-59.99911,40.00124,-120.00096,-20.00062
1754503560,-120.00234,-39.99986,-80.0011,-59.99911,40.00124,-120.00096,-20.00062
1754503620,-120.00234,-39.99986,-80.0011,-59.99911,40.00124,-120.00096,-20.00062
1754503680,-120.00234,-39.99986,-80.0011,-59.99911,40.00124,-120.00096,-20.00062
1754503740,-120.00234,-39.99986,-80.0011,-59.99911,40.00124,-120.00096,-20.00062
1754503800,-120.00234,-39.99986,-80.0011,-59.99911,40.00124,-120.00096,-20.00062
1754503860,-120.00234,-39.99986,-80.0011,-59.99911,40.00124,-120.00096,-20.00062
1754503920,-120.00234,-39.99986,-80.0011,-59.99911,40.00124,-120.00096,-20.00062
1754503980,-120.00234,-39.99986,-80.0011,-59.99911,40.00124,-120.00096,-20.00062
1754504040,-120.00234,-39.99986,-80.0011,-59.99911,40.00124,-120.00096,-20.00062
1754504100,-120.00234,-39.99986,-80.0011,-59.99911,40.00124,-120.00096,-20.00062
1754504160,-120.00234,-39.99986,-80.0011,-59.99911,40.00124,-120.00096,-20.00062
1754504220,-120.00234,-39.99986,-80.0011,-59.99911,40.00124,-120.00096,-20.00062
1754504280,-120.00234,-39.99986,-80.0011,-59.99911,40.00124,-120.00096,-20.00062
1754504340,-120.00234,-39.99986,-80.0011,-59.99911,40.00124,-120.00096,-20.00062
1754504400,-120.00234,-39.99986,-80.0011,-59.99911,40.00124,-120.00096,-20.00062
1754504460,-120.00234,-39.99986,-80.0011,-59.99911,40.00124,-120.00096,-20.00062
1754504520,-120.00234,-39.99986,-80.0011,-59.99911,40.00124,-120.00096,-20.00062
1754504580,-120.00234,-39.99986,-80.0011,-59.99911,40.00124,-120.00096,-20.00062
1754504640,-120.00234,-39.99986,-80.0011,-59.99911,40.00124,-120.00096,-20.00062
1754504700,-120.00234,-39.99986,-80.0011,-59.99911,40.00124,-120.00096,-20.00062
1754504760,-120.00234,-39.99986,-80.0011,-59.99911,40.00124,-120.00096,-20.00062
1754504820,-120.00234,-39.99986,-80.0011,-59.99911,40.00124,-120.00096,-20.00062
1754504880,-120.00234,-39.99986,-80.0011,-59.99911,40.00124,-120.00096,-20.00062
1754504940,-120.00234,-39.99986,-80.0011,-59.99911,40.00124,-120.00096,-20.00062
1754505000,-120.00234,-39.99986,-80.0011,-59.99911,40.00124,-120.00096,-20.00062
1754505060,-120.00234,-39.99986,-80.0011,-59.99911,40.00124,-120.00096,-20.00062
1754505120,-120.00234,-39.99986,-80.0011,-59.99911,40.00124,-120.00096,-20.00062
1754505180,-120.00234,-39.99986,-80.0011,-59.99911,40.00124,-120.00096,-20.00062
1754505240,-120.00234,-39.99986,-80.0011,-59.99911,40.00124,-120.00096,-20.00062
1754505300,-120.00234,-39.99986,-80.0011,-59.99911,40.00124,-120.00096,-20.00062
1754505360,-120.00234,-39.99986,-80.0011,-59.99911,40.00124,-120.00096,-20.00062
1754505420,-120.00234,-39.99986,-80.0011,-59.99911,40.00124,-120.00096,-20.00062
1754505480,-120.00234,-39.99986,-80.0011,-59.99911,40.00124,-120.00096,-20.00062
1754505540,-120.00234,-39.99986,-80.0011,-59.99911,40.00124,-120.00096,-20.00062
1754505600,-120.00234,-39.99986,-80.0011,-59.99911,40.00124,-120.00096,-20.00062
1754505660,-120.00234,-39.99986,-80.0011,-59.99911,40.00124,-120.00096,-20.00062
1754505720,-120.00234,-39.99986,-80.0011,-59.99911,40.00124,-120.00096,-20.00062
1754505780,-120.00234,-39.99986,-80.0011,-59.99911,40.00124,-120.00096,-20.00062
1754505840,-120.00234,-39.99986,-80.0011,-59.99911,40.00124,-120.00096,-20.00062
1754505900,-120.00234,-39.99986,-80.0011,-59.99911,40.00124,-120.00096,-20.00062
1754505960,-120.00234,-39.99986,-80.0011,-59.99911,40.00124,-120.00096,-20.00062
1754506020,-120.00234,-39.99986,-80.0011,-59.99911,40.00124,-120.00096,-20.00062
1754506080,-120.00234,-39.99986,-80.0011,-59.99911,40.00124,-120.00096,-20.00062
1754506140,-120.00234,-39.99986,-80.0011,-59.99911,40.00124,-120.00096,-20.00062
1754506200,-120.00234,-39.99986,-80.0011,-59.99911,40.00124,-120.00096,-20.00062
1754506260,-120.00234,-39.99986,-80.0011,-59.99911,40.00124,-120.00096,-20.00062
1754506320,-120.00234,-39.99986,-80.0011,-59.99911,40.00124,-120.00096,-20.00062
1754506380,-120.00234,-39.99986,-80.0011,-59.99911,40.00124,-120.00096,-20.00062
1754506440,-120.00234,-39.99986,-80.0011,-59.99911,40.00124,-120.00096,-20.00062
1754506500,-120.00234,-39.99986,-80.0011,-59.99911,40.00124,-120.00096,-20.00062
1754506560,-120.00234,-39.99986,-80.0011,-59.99911,40.00124,-120.00096,-20.00062
1754506620,-120.00234,-39.99986,-80.0011,-59.99911,40.00124,-120.00096,-20.00062
1754506680,-120.00234,-39.99986,-80.0011,-59.99911,40.00124,-120.00096,-20.00062
1754506740,-120.00234,-39.99986,-80.0011,-59.99911,40.00124,-120.00096,-20.00062
1754506800,-120.00234,-39.99986,-80.0011,-59.99911,40.00124,-120.00096,-20.00062
1754506860,-120.00234,-39.99986,-80.0011,-59.99911,40.00124,-120.00096,-20.00062
1754506920,-120.00234,-39.99986,-80.0011,-59.99911,40.00124,-120.00096,-20.00062
1754506980,-120.00234,-39.99986,-80.0011,-59.99911,40.00124,-120.00096,-20.00062
1754507040,-120.00234,-39.99986,-80.0011,-59.99911,40.00124,-120.00096,-20.00062
1754507100,-120.00234,-39.99986,-80.0011,-59.99911,40.00124,-120.00096,-20.00062
1754507160,-120.00234,-39.99986,-80.0011,-59.99911,40.00124,-120.00096,-20.00062
1754507220,-120.00234,-39.99986,-80.0011,-59.99911,40.00124,-120.00096,-20.00062
1754507280,-120.00234,-39.99986,-80.0011,-59.99911,40.00124,-120.00096,-20.00062
1754507340,-120.00234,-39.99986,-80.0011,-59.99911,40.00124,-120.00096,-20.00062
1754507400,-120.00234,-39.99986,-80.0011,-59.99911,40.00124,-120.00096,-20.00062
1754507460,-120.00234,-39.99986,-80.0011,-59.99911,40.00124,-120.00096,-20.00062
1754507520,-120.00234,-39.99986,-80.0011,-59.99911,40.00124,-120.00096,-20.00062
1754507580,-120.00234,-39.99986,-80.0011,-59.99911,40.00124,-120.00096,-20.00062
1754507640,-120.00234,-39.99986,-80.0011,-59.99911,40.00124,-120.00096,-20.00062
1754507700,-120.00234,-39.99986,-80.0011,-59.99911,40.00124,-120.00096,-20.00062
1754507760,-120.00234,-39.99986,-80.0011,-59.99911,40.00124,-120.00096,-20.00062
1754507820,-120.00234,-39.99986,-80.0011,-59.99911,40.00124,-120.00096,-20.00062
1754507880,-120.00234,-39.99986,-80.0011,-59.99911,40.00124,-120.00096,-20.00062
1754507940,-120.00234,-39.99986,-80.0011,-59.99911,40.00124,-120.00096,-20.00062
1754508000,-120.00234,-39.99986,-80.0011,-59.99911,40.00124,-120.00096,-20.00062
1754508060,-120.00234,-39.99986,-80.0011,-59.99911,40.00124,-120.00096,-20.00062
1754508120,-120.00234,-39.99986,-80.0011,-59.99911,40.00124,-120.00096,-20.00062
1754508180,-120.00234,-39.99986,-80.0011,-59.99911,40.00124,-120.00096,-20.00062
1754508240,-120.00234,-39.99986,-80.0011,-59.99911,40.00124,-120.00096,-20.00062
1754508300,-120.00234,-39.99986,-80.0011,-59.99911,40.00124,-120.00096,-20.00062
1754508360,-120.00234,-39.99986,-80.0011,-59.99911,40.00124,-120.00096,-20.00062
1754508420,-120.00234,-39.99986,-80.0011,-59.99911,40.00124,-120.00096,-20.00062
1754508480,-120.00234,-39.99986,-80.0011,-59.99911,40.00124,-120.00096,-20.00062
1754508540,-120.00234,-39.99986,-80.0011,-59.99911,40.00124,-120.00096,-20.00062
1754508600,-120.00234,-39.99986,-80.0011,-59.99911,40.00124,-120.00096,-20.00062
1754508660,-120.00234,-39.99986,-80.0011,-59.99911,40.00124,-120.00096,-20.00062
1754508720,-120.00234,-39.99986,-80.0011,-59.99911,40.00124,-120.00096,-20.00062
1754508780,-120.00234,-39.99986,-80.0011,-59.99911,40.00124,-120.00096,-20.00062
1754508840,-120.00234,-39.99986,-80.0011,-59.99911,40.00124,-120.00096,-20.00062
1754508900,-120.00234,-39.99986,-80.0011,-59.99911,40.00124,-120.00096,-20.00062
1754508960,-120.00234,-39.99986,-80.0011,-59.99911,40.00124,-120.00096,-20.00062
1754509020,-120.00234,-39.99986,-80.0011,-59.99911,40.00124,-120.00096,-20.00062
1754509080,-120.00234,-39.99986,-80.0011,-59.99911,40.00124,-120.00096,-20.00062
1754509140,-120.00234,-39.99986,-80.0011,-59.99911,40.00124,-120.00096,-20.00062
1754509200,-120.00234,-39.99986,-80.0011,-59.99911,40.00124,-120.00096,-20.00062
1754509260,-120.00234,-39.99986,-80.0011,-59.99911,40.00124,-120.00096,-20.00062
1754509320,-120.00234,-39.99986,-80.0011,-59.99911,40.00124,-120.00096,-20.00062
1754509380,-120.00234,-39.99986,-80.0011,-59.99911,40.00124,-120.00096,-20.00062
1754509440,-120.00234,-39.99986,-80.0011,-59.99911,40.00124,-120.00096,-20.00062
1754509500,-120.00234,-39.99986,-80.0011,-59.99911,40.00124,-120.00096,-20.00062
1754509560,-120.00234,-39.99986,-80.0011,-59.99911,40.00124,-120.00096,-20.00062
1754509620,-120.00234,-39.99986,-80.0011,-59.99911,40.00124,-120.00096,-20.00062
1754509680,-120.00234,-39.99986,-80.0011,-59.99911,40.00124,-120.00096,-20.00062
1754509740,-120.00234,-39.99986,-80.0011,-59.99911,40.00124,-120.00096,-20.00062
1754509800,-120.00234,-39.99986,-80.0011,-59.99911,40.00124,-120.00096,-20.00062
1754509860,-120.00234,-39.99986,-80.0011,-59.99911,40.00124,-120.00096,-20.00062
1754509920,-120.00234,-39.99986,-80.0011,-59.99911,40.00124,-120.00096,-20.00062
1754509980,-120.00234,-39.99986,-80.0011,-59.99911,40.00124,-120.00096,-20.00062
1754510040,-120.00234,-39.99986,-80.0011,-59.99911,40.00124,-120.00096,-20.00062
1754510100,-120.00234,-39.99986,-80.0011,-59.99911,40.00124,-120.00096,-20.00062
1754510160,-120.00234,-39.99986,-80.0011,-59.99911,40.00124,-120.00096,-20.00062
1754510220,-120.00234,-39.99986,-80.0011,-59.99911,40.00124,-120.00096,-20.00062
1754510280,-120.00234,-39.99986,-80.0011,-59.99911,40.00124,-120.00096,-20.00062
1754510340,-120.00234,-39.99986,-80.0011,-59.99911,40.00124,-120.00096,-20.00062
1754510400,-120.00234,-39.99986,-80.0011,-59.99911,40.00124,-120.00096,-20.00062
1754510460,-120.00234,-39.99986,-80.0011,-59.99911,40.00124,-120.00096,-20.00062
1754510520,-120.00234,-39.99986,-80.0011,-59.99911,40.00124,-120.00096,-20.00062
1754510580,-120.00234,-39.99986,-80.0011,-59.99911,40.00124,-120.00096,-20.00062
1754510640,-120.00234,-39.99986,-80.0011,-59.99911,40.00124,-120.00096,-20.00062
1754510700,-120.00234,-39.99986,-80.0011,-59.99911,40.00124,-120.00096,-20.00062
1754510760,-120.00234,-39.99986,-80.0011,-59.99911,40.00124,-120.00096,-20.00062
1754510820,-120.00234,-39.99986,-80.0011,-59.99911,40.00124,-120.00096,-20.00062
1754510880,-120.00234,-39.99986,-80.0011,-59.99911,40.00124,-120.00096,-20.00062
1754510940,-120.00234,-39.99986,-80.0011,-59.99911,40.00124,-120.00096,-20.00062
1754511000,-120.00234,-39.99986,-80.0011,-59.99911,40.00124,-120.00096,-20.00062
1754511060,-120.00234,-39.99986,-80.0011,-59.99911,40.00124,-120.00096,-20.00062
1754511120,-120.00234,-39.99986,-80.0011,-59.99911,40.00124,-120.00096,-20.00062
1754511180,-120.00234,-39.99986,-80.0011,-59.99911,40.00124,-120.00096,-20.00062
1754511240,-120.00234,-39.99986,-80.0011,-59.99911,40.00124,-120.00096,-20.00062
1754511300,-120.00234,-39.99986,-80.0011,-59.99911,40.00124,-120.00096,-20.00062
1754511360,-120.00234,-39.99986,-80.0011,-59.99911,40.00124,-120.00096,-20.00062
1754511420,-120.00234,-39.99986,-80.0011,-59.99911,40.00124,-120.00096,-20.00062
1754511480,-120.00234,-39.99986,-80.0011,-59.99911,40.00124,-120.00096,-20.00062
1754511540,-120.00234,-39.99986,-80.0011,-59.99911,40.00124,-120.00096,-20.00062
1754511600,-120.00234,-39.99986,-80.0011,-59.99911,40.00124,-120.00096,-20.00062
1754511660,-120.00234,-39.99986,-80.0011,-59.99911,40.00124,-120.00096,-20.00062
1754511720,-120.00234,-39.99986,-80.0011,-59.99911,40.00124,-120.00096,-20.00062
1754511780,-120.00234,-39.99986,-80.0011,-59.99911,40.00124,-120.00096,-20.00062
1754511840,-120.00234,-39.99986,-80.0011,-59.99911,40.00124,-120.00096,-20.00062
1754511900,-120.00234,-39.99986,-80.0011,-59.99911,40.00124,-120.00096,-20.00062
1754511960,-120.00234,-39.99986,-80.0011,-59.99911,40.00124,-120.00096,-20.00062
1754512020,-120.00234,-39.99986,-80.0011,-59.99911,40.00124,-120.00096,-20.00062
1754512080,-120.00234,-39.99986,-80.0011,-59.99911,40.00124,-120.00096,-20.00062
1754512140,-120.00234,-39.99986,-80.0011,-59.99911,40.00124,-120.00096,-20.00062
1754512200,-120.00234,-39.99986,-80.0011,-59.99911,40.00124,-120.00096,-20.00062
1754512260,-120.00234,-39.99986,-80.0011,-59.99911,40.00124,-120.00096,-20.00062
1754512320,-120.00234,-39.99986,-80.0011,-59.99911,40.00124,-120.00096,-20.00062
1754512380,-120.00234,-39.99986,-80.0011,-59.99911,40.00124,-120.00096,-20.00062
1754512440,-120.00234,-39.99986,-80.0011,-59.99911,40.00124,-120.00096,-20.00062
1754512500,-120.00234,-39.99986,-80.0011,-59.99911,40.00124,-120.00096,-20.00062
1754512560,-120.00234,-39.99986,-80.0011,-59.99911,40.00124,-120.00096,-20.00062
1754512620,-120.00234,-39.99986,-80.0011,-59.99911,40.00124,-120.00096,-20.00062
1754512680,-120.00234,-39.99986,-80.0011,-59.99911,40.00124,-120.00096,-20.00062
1754512740,-120.00234,-39.99986,-80.0011,-59.99911,40.00124,-120.00096,-20.00062
1754512800,-120.00234,-39.99986,-80.0011,-59.99911,40.00124,-120.00096,-20.00062
1754512860,-120.00234,-39.99986,-80.0011,-59.99911,40.00124,-120.00096,-20.00062
1754512920,-120.00234,-39.99986,-80.0011,-59.99911,40.00124,-120.00096,-20.00062
1754512980,-120.00234,-39.99986,-80.0011,-59.99911,40.00124,-120.00096,-20.00062
1754513040,-120.00234,-39.99986,-80.0011,-59.99911,40.00124,-120.00096,-20.00062
1754513100,-120.00234,-39.99986,-80.0011,-59.99911,40.00124,-120.00096,-20.00062
1754513160,-120.00234,-39.99986,-80.0011,-59.99911,40.00124,-120.00096,-20.00062
1754513220,-120.00234,-39.99986,-80.0011,-59.99911,40.00124,-120.00096,-20.00062
1754513280,-120.00234,-39.99986,-80.0011,-59.99911,40.00124,-120.00096,-20.00062
1754513340,-120.00234,-39.99986,-80.0011,-59.99911,40.00124,-120.00096,-20.00062
1754513400,-120.00234,-39.99986,-80.0011,-59.99911,40.00124,-120.00096,-20.00062
1754513460,-120.00234,-39.99986,-80.0011,-59.99911,40.00124,-120.00096,-20.00062
1754513520,-120.00234,-39.99986,-80.0011,-59.99911,40.00124,-120.00096,-20.00062
1754513580,-120.00234,-39.99986,-80.0011,-59.99911,40.00124,-120.00096,-20.00062
1754513640,-120.00234,-39.99986,-80.0011,-59.99911,40.00124,-120.00096,-20.00062
1754513700,-120.00234,-39.99986,-80.0011,-59.99911,40.00124,-120.00096,-20.00062
1754513760,-120.00234,-39.99986,-80.0011,-59.99911,40.00124,-120.00096,-20.00062
1754513820,-120.00234,-39.99986,-80.0011,-59.99911,40.00124,-120.00096,-20.00062
1754513880,-120.00234,-39.99986,-80.0011,-59.99911,40.00124,-120.00096,-20.00062
1754513940,-120.00234,-39.99986,-80.0011,-59.99911,40.00124,-120.00096,-20.00062
1754514000,-120.00234,-39.99986,-80.0011,-59.99911,40.00124,-120.00096,-20.00062
1754514060,-120.00234,-39.99986,-80.0011,-59.99911,40.00124,-120.00096,-20.00062
1754514120,-120.00234,-39.99986,-80.0011,-59.99911,40.00124,-120.00096,-20.00062
1754514180,-120.00234,-39.99986,-80.0011,-59.99911,40.00124,-120.00096,-20.00062
1754514240,-120.00234,-39.99986,-80.0011,-59.99911,40.00124,-120.00096,-20.00062
1754514300,-120.00234,-39.99986,-80.0011,-59.99911,40.00124,-120.00096,-20.00062
1754514360,-120.00234,-39.99986,-80.0011,-59.99911,40.00124,-120.00096,-20.00062
1754514420,-120.00234,-39.99986,-80.0011,-59.99911,40.00124,-120.00096,-20.00062
1754514480,-120.00234,-39.99986,-80.0011,-59.99911,40.00124,-120.00096,-20.00062
1754514540,-120.00234,-39.99986,-80.0011,-59.99911,40.00124,-120.00096,-20.00062
1754514600,-120.00234,-39.99986,-80.0011,-59.99911,40.00124,-120.00096,-20.00062
1754514660,-120.00234,-39.99986,-80.0011,-59.99911,40.00124,-120.00096,-20.00062
1754514720,-120.00234,-39.99986,-80.0011,-59.99911,40.00124,-120.00096,-20.00062
1754514780,-120.00234,-39.99986,-80.0011,-59.99911,40.00124,-120.00096,-20.00062
1754514840,-120.00234,-39.99986,-80.0011,-59.99911,40.00124,-120.00096,-20.00062
1754514900,-120.00234,-39.99986,-80.0011,-59.99911,40.00124,-120.00096,-20.00062
1754514960,-120.00234,-39.99986,-80.0011,-59.99911,40.00124,-120.00096,-20.00062
1754515020,-120.00234,-39.99986,-80.0011,-59.99911,40.00124,-120.00096,-20.00062
1754515080,-120.00234,-39.99986,-80.0011,-59.99911,40.00124,-120.00096,-20.00062
1754515140,-120.00234,-39.99986,-80.0011,-59.99911,40.00124,-120.00096,-20.00062
1754515200,-120.00234,-39.99986,-80.0011,-59.99911,40.00124,-120.00096,-20.00062
1754515260,-120.00234,-39.99986,-80.0011,-59.99911,40.00124,-120.00096,-20.00062
1754515320,-120.00234,-39.99986,-80.0011,-59.99911,40.00124,-120.00096,-20.00062
1754515380,-120.00234,-39.99986,-80.0011,-59.99911,40.00124,-120.00096,-20.00062
1754515440,-120.00234,-39.99986,-80.0011,-59.99911,40.00124,-120.00096,-20.00062
1754515500,-120.00234,-39.99986,-80.0011,-59.99911,40.00124,-120.00096,-20.00062
1754515560,-120.00234,-39.99986,-80.0011,-59.99911,40.00124,-120.00096,-20.00062
1754515620,-120.00234,-39.99986,-80.0011,-59.99911,40.00124,-120.00096,-20.00062
1754515680,-120.00234,-39.99986,-80.0011,-59.99911,40.00124,-120.00096,-20.00062
1754515740,-120.00234,-39.99986,-80.0011,-59.99911,40.00124,-120.00096,-20.00062
1754515800,-120.00234,-39.99986,-80.0011,-59.99911,40.00124,-120.00096,-20.00062
1754515860,-120.00234,-39.99986,-80.0011,-59.99911,40.00124,-120.00096,-20.00062
1754515920,-120.00234,-39.99986,-80.0011,-59.99911,40.00124,-120.00096,-20.00062
1754515980,-120.00234,-39.99986,-80.0011,-59.99911,40.00124,-120.00096,-20.00062
1754516040,-120.00234,-39.99986,-80.0011,-59.99911,40.00124,-120.00096,-20.00062
1754516100,-120.00234,-39.99986,-80.0011,-59.99911,40.00124,-120.00096,-20.00062
1754516160,-120.00234,-39.99986,-80.0011,-59.99911,40.00124,-120.00096,-20.00062
1754516220,-120.00234,-39.99986,-80.0011,-59.99911,40.00124,-120.00096,-20.00062
1754516280,-120.00234,-39.99986,-80.0011,-59.99911,40.00124,-120.00096,-20.00062
1754516340,-120.00234,-39.99986,-80.0011,-59.99911,40.00124,-120.00096,-20.00062
1754516400,-120.00234,-39.99986,-80.0011,-59.99911,40.00124,-120.00096,-20.00062
1754516460,-120.00234,-39.99986,-80.0011,-59.99911,40.00124,-120.00096,-20.00062
1754516520,-120.00234,-39.99986,-80.0011,-59.99911,40.00124,-120.00096,-20.00062
1754516580,-120.00234,-39.99986,-80.0011,-59.99911,40.00124,-120.00096,-20.00062
1754516640,-120.00234,-39.99986,-80.0011,-59.99911,40.00124,-120.00096,-20.00062
1754516700,-120.00234,-39.99986,-80.0011,-59.99911,40.00124,-120.00096,-20.00062
1754516760,-120.00234,-39.99986,-80.0011,-59.99911,40.00124,-120.00096,-20.00062
1754516820,-120.00234,-39.99986,-80.0011,-59.99911,40.00124,-120.00096,-20.00062
1754516880,-120.00234,-39.99986,-80.0011,-59.99911,40.00124,-120.00096,-20.00062
1754516940,-120.00234,-39.99986,-80.0011,-59.99911,40.00124,-120.00096,-20.00062
1754517000,-120.00234,-39.99986,-80.0011,-59.99911,40.00124,-120.00096,-20.00062
1754517060,-120.00234,-39.99986,-80.0011,-59.99911,40.00124,-120.00096,-20.00062
1754517120,-120.00234,-39.99986,-80.0011,-59.99911,40.00124,-120.00096,-20.00062
1754517180,-120.00234,-39.99986,-80.0011,-59.99911,40.00124,-120.00096,-20.00062
1754517240,-120.00234,-39.99986,-80.0011,-59.99911,40.00124,-120.00096,-20.00062
1754517300,-120.00234,-39.99986,-80.0011,-59.99911,40.00124,-120.00096,-20.00062
1754517360,-120.00234,-39.99986,-80.0011,-59.99911,40.00124,-120.00096,-20.00062
1754517420,-120.00234,-39.99986,-80.0011,-59.99911,40.00124,-120.00096,-20.00062
1754517480,-120.00234,-39.99986,-80.0011,-59.99911,40.00124,-120.00096,-20.00062
1754517540,-120.00234,-39.99986,-80.0011,-59.99911,40.00124,-120.00096,-20.00062
1754517600,-120.00234,-39.99986,-80.0011,-59.99911,40.00124,-120.00096,-20.00062
1754517660,-120.00234,-39.99986,-80.0011,-59.99911,40.00124,-120.00096,-20.00062
1754517720,-120.00234,-39.99986,-80.0011,-59.99911,40.00124,-120.00096,-20.00062
1754517780,-120.00234,-39.99986,-80.0011,-59.99911,40.00124,-120.00096,-20.00062
1754517840,-120.00234,-39.99986,-80.0011,-59.99911,40.00124,-120.00096,-20.00062
1754517900,-120.00234,-39.99986,-80.0011,-59.99911,40.00124,-120.00096,-20.00062
1754517960,-120.00234,-39.99986,-80.0011,-59.99911,40.00124,-120.00096,-20.00062
1754518020,-120.00234,-39.99986,-80.0011,-59.99911,40.00124,-120.00096,-20.00062
1754518080,-120.00234,-39.99986,-80.0011,-59.99911,40.00124,-120.00096,-20.00062
1754518140,-120.00234,-39.99986,-80.0011,-59.99911,40.00124,-120.00096,-20.00062
1754518200,-120.00234,-39.99986,-80.0011,-59.99911,40.00124,-120.00096,-20.00062
1754518260,-120.00234,-39.99986,-80.0011,-59.99911,40.00124,-120.00096,-20.00062
1754518320,-120.00234,-39.99986,-80.0011,-59.99911,40.00124,-120.00096,-20.00062
1754518380,-120.00234,-39.99986,-80.0011,-59.99911,40.00124,-120.00096,-20.00062
1754518440,-120.00234,-39.99986,-80.0011,-59.99911,40.00124,-120.00096,-20.00062
1754518500,-120.00234,-39.99986,-80.0011,-59.99911,40.00124,-120.00096,-20.00062
1754518560,-120.00234,-39.99986,-80.0011,-59.99911,40.00124,-120.00096,-20.00062
1754518620,-120.00234,-39.99986,-80.0011,-59.99911,40.00124,-120.00096,-20.00062
1754518680,-120.00234,-39.99986,-80.0011,-59.99911,40.00124,-120.00096,-20.00062
1754518740,-120.00234,-39.99986,-80.0011,-59.99911,40.00124,-120.00096,-20.00062
1754518800,-120.00234,-39.99986,-80.0011,-59.99911,40.00124,-120.00096,-20.00062
1754518860,-120.00234,-39.99986,-80.0011,-59.99911,40.00124,-120.00096,-20.00062
1754518920,-120.00234,-39.99986,-80.0011,-59.99911,40.00124,-120.00096,-20.00062
1754518980,-120.00234,-39.99986,-80.0011,-59.99911,40.00124,-120.00096,-20.00062
1754519040,-120.00234,-39.99986,-80.0011,-59.99911,40.00124,-120.00096,-20.00062
1754519100,-120.00234,-39.99986,-80.0011,-59.99911,40.00124,-120.00096,-20.00062
1754519160,-120.00234,-39.99986,-80.0011,-59.99911,40.00124,-120.00096,-20.00062
1754519220,-120.00234,-39.99986,-80.0011,-59.99911,40.00124,-120.00096,-20.00062
1754519280,-120.00234,-39.99986,-80.0011,-59.99911,40.00124,-120.00096,-20.00062
1754519340,-120.00234,-39.99986,-80.0011,-59.99911,40.00124,-120.00096,-20.00062
1754519400,-120.00234,-39.99986,-80.0011,-59.99911,40.00124,-120.00096,-20.00062
1754519460,-120.00234,-39.99986,-80.0011,-59.99911,40.00124,-120.00096,-20.00062
1754519520,-120.00234,-39.99986,-80.0011,-59.99911,40.00124,-120.00096,-20.00062
1754519580,-120.00234,-39.99986,-80.0011,-59.99911,40.00124,-120.00096,-20.00062
1754519640,-120.00234,-39.99986,-80.0011,-59.99911,40.00124,-120.00096,-20.00062
1754519700,-120.00234,-39.99986,-80.0011,-59.99911,40.00124,-120.00096,-20.00062
1754519760,-120.00234,-39.99986,-80.0011,-59.99911,40.00124,-120.00096,-20.00062
1754519820,-120.00234,-39.99986,-80.0011,-59.99911,40.00124,-120.00096,-20.00062
1754519880,-120.00234,-39.99986,-80.0011,-59.99911,40.00124,-120.00096,-20.00062
1754519940,-120.00234,-39.99986,-80.0011,-59.99911,40.00124,-120.00096,-20.00062
1754520000,-120.00234,-39.99986,-80.0011,-59.99911,40.00124,-120.00096,-20.00062
1754520060,-120.00234,-39.99986,-80.0011,-59.99911,40.00124,-120.00096,-20.00062
1754520120,-120.00234,-39.99986,-80.0011,-59.99911,40.00124,-120.00096,-20.00062
1754520180,-120.00234,-39.99986,-80.0011,-59.99911,40.00124,-120.00096,-20.00062
1754520240,-120.00234,-39.99986,-80.0011,-59.99911,40.00124,-120.00096,-20.00062
1754520300,-120.00234,-39.99986,-80.0011,-59.99911,40.00124,-120.00096,-20.00062
1754520360,-120.00234,-39.99986,-80.0011,-59.99911,40.00124,-120.00096,-20.00062
1754520420,-120.00234,-39.99986,-80.0011,-59.99911,40.00124,-120.00096,-20.00062
1754520480,-120.00234,-39.99986,-80.0011,-59.99911,40.00124,-120.00096,-20.00062
1754520540,-120.00234,-39.99986,-80.0011,-59.99911,40.00124,-120.00096,-20.00062
1754520600,-120.00234,-39.99986,-80.0011,-59.99911,40.00124,-120.00096,-20.00062
1754520660,-120.00234,-39.99986,-80.0011,-59.99911,40.00124,-120.00096,-20.00062
1754520720,-120.00234,-39.99986,-80.0011,-59.99911,40.00124,-120.00096,-20.00062
1754520780,-120.00234,-39.99986,-80.0011,-59.99911,40.00124,-120.00096,-20.00062
1754520840,-120.00234,-39.99986,-80.0011,-59.99911,40.00124,-120.00096,-20.00062
1754520900,-120.00234,-39.99986,-80.0011,-59.99911,40.00124,-120.00096,-20.00062
1754520960,-120.00234,-39.99986,-80.0011,-59.99911,40.00124,-120.00096,-20.00062
1754521020,-120.00234,-39.99986,-80.0011,-59.99911,40.00124,-120.00096,-20.00062
1754521080,-120.00234,-39.99986,-80.0011,-59.99911,40.00124,-120.00096,-20.00062
1754521140,-120.00234,-39.99986,-80.0011,-59.99911,40.00124,-120.00096,-20.00062
1754521200,-120.00234,-39.99986,-80.0011,-59.99911,40.00124,-120.00096,-20.00062
1754521260,-120.00234,-39.99986,-80.0011,-59.99911,40.00124,-120.00096,-20.00062
1754521320,-120.00234,-39.99986,-80.0011,-59.99911,40.00124,-120.00096,-20.00062
1754521380,-120.00234,-39.99986,-80.0011,-59.99911,40.00124,-120.00096,-20.00062
1754521440,-120.00234,-39.99986,-80.0011,-59.99911,40.00124,-120.00096,-20.00062
1754521500,-120.00234,-39.99986,-80.0011,-59.99911,40.00124,-120.00096,-20.00062
1754521560,-120.00234,-39.99986,-80.0011,-59.99911,40.00124,-120.00096,-20.00062
1754521620,-120.00234,-39.99986,-80.0011,-59.99911,40.00124,-120.00096,-20.00062
1754521680,-120.00234,-39.99986,-80.0011,-59.99911,40.00124,-120.00096,-20.00062
1754521740,-120.00234,-39.99986,-80.0011,-59.99911,40.00124,-120.00096,-20.00062
