1754470860,756.99597,758.65381
1754470920,756.99597,758.65381
1754470980,756.36151,758.65381
1754471040,756.99597,758.75482
1754471100,756.99597,758.75482
1754471160,756.99597,758.75482
1754471220,756.99597,758.75482
1754471280,756.99597,758.75482
1754471340,756.99597,758.75482
1754471400,756.99597,758.85583
1754471460,756.99597,758.75482
1754471520,756.99597,758.85583
1754471580,756.99597,758.85583
1754471640,756.99597,758.85583
1754471700,756.99597,758.75482
1754471760,756.99597,758.75482
1754471820,756.36151,758.75482
1754471880,756.99597,758.75482
1754471940,756.99597,758.75482
1754472000,756.99597,758.75482
1754472060,756.36151,758.75482
1754472120,756.99597,758.75482
1754472180,756.99597,758.75482
1754472240,756.99597,758.75482
1754472300,756.36151,758.75482
1754472360,756.36151,758.75482
1754472420,756.99597,758.75482
1754472480,756.36151,758.65381
1754472540,756.36151,758.65381
1754472600,756.99597,758.65381
1754472660,756.99597,758.65381
1754472720,756.36151,758.65381
1754472780,756.99597,758.65381
1754472840,756.99597,758.65381
1754472900,756.36151,758.65381
1754472960,756.99597,758.65381
1754473020,756.99597,758.65381
1754473080,756.36151,758.65381
1754473140,756.36151,758.65381
1754473200,756.99597,758.65381
1754473260,756.99597,758.65381
1754473320,756.36151,758.65381
1754473380,756.36151,758.65381
1754473440,756.99597,758.65381
1754473500,756.36151,758.65381
1754473560,756.99597,758.65381
1754473620,756.99597,758.55286
1754473680,756.99597,758.55286
1754473740,756.99597,758.55286
1754473800,756.99597,758.55286
1754473860,756.36151,758.55286
1754473920,756.36151,758.55286
1754473980,756.36151,758.55286
1754474040,756.36151,758.55286
1754474100,756.99597,758.55286
1754474160,756.99597,758.55286
1754474220,756.36151,758.55286
1754474280,756.36151,758.55286
1754474340,756.36151,758.55286
1754474400,756.99597,758.55286
1754474460,756.99597,758.55286
1754474520,756.36151,758.55286
1754474580,756.99597,758.55286
1754474640,756.99597,758.55286
1754474700,756.36151,758.45184
1754474760,756.99597,758.45184
1754474820,756.99597,758.55286
1754474880,756.99597,758.55286
1754474940,756.99597,758.45184
1754475000,756.36151,758.45184
1754475060,756.99597,758.45184
1754475120,756.99597,758.55286
1754475180,756.99597,758.55286
1754475240,756.99597,758.55286
1754475300,756.99597,758.55286
1754475360,756.99597,758.55286
1754475420,756.99597,758.55286
1754475480,756.36151,758.55286
1754475540,756.99597,758.55286
1754475600,756.99597,758.55286
1754475660,756.99597,758.55286
1754475720,756.99597,758.55286
1754475780,756.99597,758.55286
1754475840,756.99597,758.55286
1754475900,756.36151,758.55286
1754475960,756.99597,758.65381
1754476020,756.99597,758.65381
1754476080,756.36151,758.65381
1754476140,756.36151,758.65381
1754476200,756.36151,758.65381
1754476260,756.99597,758.65381
1754476320,756.99597,758.65381
1754476380,756.99597,758.65381
1754476440,756.99597,758.65381
1754476500,756.99597,758.65381
1754476560,756.99597,758.65381
1754476620,756.99597,758.65381
1754476680,756.99597,758.65381
1754476740,756.99597,758.65381
1754476800,756.99597,758.65381
1754476860,756.99597,758.65381
1754476920,756.99597,758.65381
1754476980,756.36151,758.65381
1754477040,756.36151,758.65381
1754477100,756.99597,758.65381
1754477160,756.36151,758.65381
1754477220,756.36151,758.65381
1754477280,756.36151,758.65381
1754477340,756.99597,758.65381
1754477400,756.99597,758.65381
1754477460,756.99597,758.65381
1754477520,756.36151,758.65381
1754477580,756.36151,758.55286
1754477640,756.36151,758.55286
1754477700,756.36151,758.55286
1754477760,756.36151,758.55286
1754477820,756.36151,758.55286
1754477880,756.99597,758.55286
1754477940,756.99597,758.55286
1754478000,756.36151,758.55286
1754478060,756.36151,758.55286
1754478120,756.36151,758.55286
1754478180,756.36151,758.55286
1754478240,756.36151,758.55286
1754478300,756.36151,758.55286
1754478360,756.36151,758.55286
1754478420,756.36151,758.55286
1754478480,756.36151,758.55286
1754478540,756.99597,758.55286
1754478600,756.36151,758.55286
1754478660,756.99597,758.55286
1754478720,756.99597,758.55286
1754478780,756.99597,758.65381
1754478840,756.36151,758.65381
1754478900,756.99597,758.65381
1754478960,756.99597,758.65381
1754479020,756.36151,758.65381
1754479080,756.36151,758.65381
1754479140,756.99597,758.65381
1754479200,756.36151,758.65381
1754479260,756.99597,758.65381
1754479320,756.99597,758.65381
1754479380,756.36151,758.65381
1754479440,756.99597,758.65381
1754479500,756.99597,758.65381
1754479560,756.99597,758.65381
1754479620,756.99597,758.65381
1754479680,756.99597,758.65381
1754479740,756.99597,758.65381
1754479800,756.99597,758.65381
1754479860,756.99597,758.65381
1754479920,756.99597,758.75482
1754479980,756.99597,758.75482
1754480040,756.99597,758.75482
1754480100,756.99597,758.75482
1754480160,756.99597,758.75482
1754480220,756.99597,758.75482
1754480280,756.99597,758.75482
1754480340,756.99597,758.75482
1754480400,756.99597,758.75482
1754480460,756.99597,758.75482
1754480520,756.99597,758.75482
1754480580,756.99597,758.75482
1754480640,756.99597,758.75482
1754480700,756.99597,758.75482
1754480760,756.99597,758.75482
1754480820,756.99597,758.75482
1754480880,756.99597,758.75482
1754480940,756.99597,758.75482
1754481000,756.99597,758.85583
1754481060,756.99597,758.85583
1754481120,756.99597,758.75482
1754481180,756.99597,758.75482
1754481240,756.99597,758.75482
1754481300,756.99597,758.75482
1754481360,756.99597,758.75482
1754481420,756.99597,758.75482
1754481480,756.99597,758.75482
1754481540,756.99597,758.75482
1754481600,756.99597,758.75482
1754481660,756.99597,758.75482
1754481720,756.99597,758.75482
1754481780,756.99597,758.75482
1754481840,756.99597,758.75482
1754481900,756.99597,758.75482
1754481960,756.99597,758.75482
1754482020,756.99597,758.75482
1754482080,756.99597,758.75482
1754482140,756.99597,758.75482
1754482200,756.99597,758.75482
1754482260,756.99597,758.75482
1754482320,756.99597,758.75482
1754482380,756.99597,758.75482
1754482440,756.99597,758.75482
1754482500,756.99597,758.75482
1754482560,756.99597,758.75482
1754482620,756.99597,758.75482
1754482680,756.99597,758.75482
1754482740,756.99597,758.75482
1754482800,756.99597,758.65381
1754482860,756.36151,758.65381
1754482920,756.99597,758.65381
1754482980,756.99597,758.65381
1754483040,756.99597,758.65381
1754483100,756.99597,758.65381
1754483160,756.99597,758.65381
1754483220,756.36151,758.65381
1754483280,756.99597,758.65381
1754483340,756.36151,758.65381
1754483400,756.99597,758.65381
1754483460,756.99597,758.65381
1754483520,756.99597,758.65381
1754483580,756.36151,758.65381
1754483640,756.99597,758.65381
1754483700,756.99597,758.65381
1754483760,756.36151,758.65381
1754483820,756.99597,758.65381
1754483880,756.36151,758.65381
1754483940,756.99597,758.65381
1754484000,756.99597,758.65381
1754484060,756.99597,758.65381
1754484120,756.36151,758.65381
1754484180,756.99597,758.65381
1754484240,756.36151,758.65381
1754484300,756.99597,758.65381
1754484360,756.36151,758.65381
1754484420,756.36151,758.65381
1754484480,756.36151,758.65381
1754484540,756.36151,758.65381
1754484600,756.36151,758.65381
1754484660,756.36151,758.65381
1754484720,756.36151,758.65381
1754484780,756.36151,758.65381
1754484840,756.99597,758.65381
1754484900,756.99597,758.65381
1754484960,756.36151,758.65381
1754485020,756.99597,758.65381
1754485080,756.36151,758.65381
1754485140,756.36151,758.65381
1754485200,756.99597,758.65381
1754485260,756.99597,758.65381
1754485320,756.99597,758.65381
1754485380,756.99597,758.65381
1754485440,756.99597,758.75482
1754485500,756.99597,758.75482
1754485560,756.99597,758.75482
1754485620,756.99597,758.75482
1754485680,756.99597,758.75482
1754485740,756.99597,758.75482
1754485800,756.99597,758.75482
1754485860,756.99597,758.75482
1754485920,756.99597,758.75482
1754485980,756.99597,758.75482
1754486040,757.63049,758.75482
1754486100,756.99597,758.75482
1754486160,756.99597,758.75482
1754486220,756.99597,758.65381
1754486280,756.99597,758.65381
1754486340,756.99597,758.65381
1754486400,756.99597,758.65381
1754486460,756.99597,758.65381
1754486520,756.99597,758.65381
1754486580,756.99597,758.65381
1754486640,756.99597,758.65381
1754486700,756.99597,758.65381
1754486760,756.99597,758.65381
1754486820,756.99597,758.65381
1754486880,756.99597,758.65381
1754486940,756.99597,758.65381
1754487000,756.99597,758.65381
1754487060,756.99597,758.65381
1754487120,756.99597,758.65381
1754487180,756.99597,758.65381
1754487240,756.99597,758.65381
1754487300,756.99597,758.65381
1754487360,756.99597,758.75482
1754487420,756.99597,758.75482
1754487480,756.99597,758.75482
1754487540,756.99597,758.75482
1754487600,756.99597,758.75482
1754487660,756.99597,758.75482
1754487720,756.99597,758.75482
1754487780,756.99597,758.75482
1754487840,756.99597,758.75482
1754487900,756.99597,758.75482
1754487960,756.99597,758.75482
1754488020,756.99597,758.75482
1754488080,756.99597,758.75482
1754488140,756.99597,758.75482
1754488200,756.99597,758.75482
1754488260,756.99597,758.75482
1754488320,756.99597,758.85583
1754488380,756.99597,758.85583
1754488440,756.99597,758.85583
1754488500,756.99597,758.85583
1754488560,756.99597,758.85583
1754488620,756.99597,758.85583
1754488680,756.36151,758.85583
1754488740,756.99597,758.85583
1754488800,757.63049,758.85583
1754488860,756.99597,758.85583
1754488920,756.99597,758.85583
1754488980,756.99597,758.85583
1754489040,756.99597,758.85583
1754489100,756.99597,758.75482
1754489160,756.99597,758.75482
1754489220,756.36151,758.75482
1754489280,756.99597,758.75482
1754489340,756.99597,758.75482
1754489400,756.36151,758.75482
1754489460,756.99597,758.75482
1754489520,756.99597,758.75482
1754489580,756.99597,758.85583
1754489640,756.99597,758.85583
1754489700,756.99597,758.85583
1754489760,756.99597,758.85583
1754489820,756.99597,758.85583
1754489880,756.99597,758.85583
1754489940,756.99597,758.85583
1754490000,756.99597,758.85583
1754490060,756.99597,758.85583
1754490120,756.99597,758.85583
1754490180,756.99597,758.85583
1754490240,756.99597,758.85583
1754490300,756.99597,758.85583
1754490360,756.99597,758.85583
1754490420,756.99597,758.85583
1754490480,756.99597,758.85583
1754490540,756.99597,758.85583
1754490600,756.99597,758.85583
1754490660,756.99597,758.85583
1754490720,756.99597,758.85583
1754490780,756.99597,758.85583
1754490840,756.99597,758.85583
1754490900,756.99597,758.85583
1754490960,756.99597,758.85583
1754491020,756.99597,758.85583
1754491080,756.99597,758.85583
1754491140,756.99597,758.85583
1754491200,756.99597,758.85583
1754491260,756.99597,758.85583
1754491320,756.99597,758.85583
1754491380,756.99597,758.85583
1754491440,756.99597,758.85583
1754491500,756.99597,758.85583
1754491560,757.63049,758.85583
1754491620,757.63049,758.85583
1754491680,757.63049,758.85583
1754491740,757.63049,758.85583
1754491800,756.99597,758.85583
1754491860,757.63049,758.85583
1754491920,757.63049,758.85583
1754491980,757.63049,758.85583
1754492040,757.63049,758.85583
1754492100,757.63049,758.85583
1754492160,757.63049,758.85583
1754492220,757.63049,758.85583
1754492280,757.63049,758.85583
1754492340,757.63049,758.85583
1754492400,756.99597,758.85583
1754492460,757.63049,758.85583
1754492520,757.63049,758.85583
1754492580,757.63049,758.85583
1754492640,757.63049,758.85583
1754492700,756.99597,758.85583
1754492760,757.63049,758.85583
1754492820,757.63049,758.85583
1754492880,757.63049,758.85583
1754492940,757.63049,758.95685
1754493000,756.99597,758.95685
1754493060,757.63049,758.95685
1754493120,757.63049,758.95685
1754493180,756.99597,758.95685
1754493240,757.63049,758.95685
1754493300,757.63049,758.95685
1754493360,756.99597,758.95685
1754493420,756.99597,758.95685
1754493480,757.63049,758.95685
1754493540,757.63049,758.95685
1754493600,756.99597,758.95685
1754493660,756.99597,758.95685
1754493720,756.99597,758.95685
1754493780,756.99597,758.95685
1754493840,756.99597,758.95685
1754493900,756.99597,758.95685
1754493960,756.99597,758.95685
1754494020,756.99597,758.95685
1754494080,756.99597,758.95685
1754494140,757.63049,758.95685
1754494200,756.99597,758.95685
1754494260,756.99597,758.95685
1754494320,756.99597,758.95685
1754494380,756.99597,758.95685
1754494440,756.99597,758.95685
1754494500,756.99597,758.95685
1754494560,757.63049,758.95685
1754494620,757.63049,758.95685
1754494680,756.99597,758.95685
1754494740,756.99597,758.95685
1754494800,757.63049,758.95685
1754494860,756.99597,758.95685
1754494920,756.99597,758.95685
1754494980,756.99597,758.95685
1754495040,756.99597,758.95685
1754495100,756.99597,758.95685
1754495160,756.99597,758.95685
1754495220,756.99597,758.95685
1754495280,756.99597,758.95685
1754495340,756.99597,758.95685
1754495400,756.99597,758.95685
1754495460,756.99597,758.95685
1754495520,756.99597,758.95685
1754495580,756.99597,758.95685
1754495640,756.99597,758.95685
1754495700,756.99597,758.85583
1754495760,756.99597,758.85583
1754495820,756.99597,758.85583
1754495880,756.99597,758.85583
1754495940,756.99597,758.85583
1754496000,756.99597,758.85583
1754496060,756.99597,758.85583
1754496120,756.99597,758.85583
1754496180,756.99597,758.85583
1754496240,756.99597,758.85583
1754496300,756.99597,758.85583
1754496360,756.99597,758.85583
1754496420,756.99597,758.85583
1754496480,756.99597,758.85583
1754496540,756.99597,758.85583
1754496600,756.99597,758.85583
1754496660,756.99597,758.85583
1754496720,756.99597,758.85583
1754496780,756.99597,758.85583
1754496840,756.99597,758.85583
1754496900,756.99597,758.85583
1754496960,756.99597,758.85583
1754497020,756.99597,758.85583
1754497080,756.99597,758.85583
1754497140,756.99597,758.85583
1754497200,756.99597,758.85583
1754497260,756.99597,758.85583
1754497320,756.99597,758.85583
1754497380,756.99597,758.85583
1754497440,756.99597,758.85583
1754497500,756.99597,758.85583
1754497560,756.99597,758.85583
1754497620,756.99597,758.85583
1754497680,756.99597,758.85583
1754497740,756.99597,758.85583
1754497800,756.99597,758.85583
1754497860,756.99597,758.85583
1754497920,756.99597,758.85583
1754497980,756.99597,758.75482
1754498040,756.99597,758.75482
1754498100,756.99597,758.75482
1754498160,756.99597,758.75482
1754498220,756.99597,758.75482
1754498280,756.99597,758.75482
1754498340,756.99597,758.75482
1754498400,756.99597,758.75482
1754498460,756.99597,758.75482
1754498520,756.99597,758.75482
1754498580,756.99597,758.75482
1754498640,756.99597,758.75482
1754498700,756.99597,758.75482
1754498760,756.99597,758.75482
1754498820,756.99597,758.75482
1754498880,756.99597,758.75482
1754498940,756.99597,758.75482
1754499000,756.99597,758.75482
1754499060,756.99597,758.75482
1754499120,756.99597,758.75482
1754499180,756.99597,758.85583
1754499240,756.99597,758.85583
1754499300,756.99597,758.85583
1754499360,756.99597,758.85583
1754499420,756.99597,758.85583
1754499480,756.99597,758.85583
1754499540,756.99597,758.85583
1754499600,756.99597,758.85583
1754499660,756.99597,758.85583
1754499720,756.99597,758.95685
1754499780,756.99597,758.95685
1754499840,756.99597,758.95685
1754499900,756.99597,758.95685
1754499960,756.99597,758.95685
1754500020,757.63049,758.95685
1754500080,757.63049,758.95685
1754500140,756.99597,758.95685
1754500200,756.99597,758.95685
1754500260,756.99597,758.95685
1754500320,756.99597,758.95685
1754500380,757.63049,758.95685
1754500440,756.99597,758.95685
1754500500,756.99597,758.95685
1754500560,756.99597,758.95685
1754500620,756.99597,758.95685
1754500680,756.99597,758.95685
1754500740,756.99597,758.95685
1754500800,756.99597,758.95685
1754500860,756.99597,758.95685
1754500920,756.99597,758.95685
1754500980,757.63049,758.95685
1754501040,757.63049,758.95685
1754501100,756.99597,758.95685
1754501160,756.99597,758.95685
1754501220,756.99597,758.95685
1754501280,756.99597,758.95685
1754501340,756.99597,758.95685
1754501400,756.99597,758.95685
1754501460,756.99597,758.85583
1754501520,756.99597,758.85583
1754501580,756.99597,758.85583
1754501640,756.99597,758.85583
1754501700,756.99597,758.85583
1754501760,756.99597,758.85583
1754501820,756.99597,758.85583
1754501880,756.99597,758.85583
1754501940,756.99597,758.85583
1754502000,756.99597,758.85583
1754502060,756.99597,758.85583
1754502120,756.99597,758.85583
1754502180,756.99597,758.85583
1754502240,756.99597,758.85583
1754502300,756.99597,758.85583
1754502360,756.99597,758.85583
1754502420,756.99597,758.85583
1754502480,756.99597,758.85583
1754502540,756.99597,758.85583
1754502600,756.99597,758.85583
1754502660,756.99597,758.85583
1754502720,756.99597,758.85583
1754502780,756.99597,758.85583
1754502840,756.99597,758.85583
1754502900,756.99597,758.85583
1754502960,756.99597,758.85583
1754503020,757.63049,758.85583
1754503080,756.99597,758.85583
1754503140,756.99597,758.85583
1754503200,756.99597,758.85583
1754503260,756.99597,758.85583
1754503320,756.99597,758.85583
1754503380,756.99597,758.85583
1754503440,756.99597,758.95685
1754503500,756.99597,758.95685
1754503560,757.63049,758.95685
1754503620,757.63049,758.95685
1754503680,757.63049,758.95685
1754503740,756.99597,758.95685
1754503800,757.63049,758.85583
1754503860,757.63049,758.95685
1754503920,757.63049,758.95685
1754503980,757.63049,758.95685
1754504040,757.63049,758.95685
1754504100,757.63049,758.95685
1754504160,756.99597,758.95685
1754504220,756.99597,758.95685
1754504280,756.99597,758.95685
1754504340,756.99597,758.95685
1754504400,757.63049,758.95685
1754504460,756.99597,759.05786
1754504520,757.63049,758.95685
1754504580,757.63049,759.05786
1754504640,756.99597,759.05786
1754504700,757.63049,759.05786
1754504760,757.63049,759.15887
1754504820,757.63049,759.15887
1754504880,757.63049,759.15887
1754504940,756.99597,759.15887
1754505000,756.99597,759.15887
1754505060,757.63049,759.15887
1754505120,757.63049,759.15887
1754505180,757.63049,759.15887
1754505240,757.63049,759.25989
1754505300,757.63049,759.25989
1754505360,757.63049,759.25989
1754505420,757.63049,759.25989
1754505480,757.63049,759.25989
1754505540,757.63049,759.25989
1754505600,757.63049,759.25989
1754505660,757.63049,759.25989
1754505720,757.63049,759.25989
1754505780,757.63049,759.25989
1754505840,756.99597,759.25989
1754505900,757.63049,759.25989
1754505960,757.63049,759.25989
1754506020,756.99597,759.25989
1754506080,757.63049,759.25989
1754506140,757.63049,759.25989
1754506200,757.63049,759.15887
1754506260,756.99597,759.15887
1754506320,757.63049,759.15887
1754506380,757.63049,759.15887
1754506440,756.99597,759.15887
1754506500,756.99597,759.15887
1754506560,756.99597,759.15887
1754506620,757.63049,759.15887
1754506680,757.63049,759.15887
1754506740,757.63049,759.15887
1754506800,757.63049,759.15887
1754506860,757.63049,759.05786
1754506920,756.99597,759.05786
1754506980,756.99597,759.15887
1754507040,757.63049,759.05786
1754507100,756.99597,759.05786
1754507160,756.99597,759.05786
1754507220,756.99597,759.05786
1754507280,757.63049,759.05786
1754507340,756.99597,759.05786
1754507400,757.63049,759.05786
1754507460,756.99597,759.05786
1754507520,757.63049,759.05786
1754507580,757.63049,759.05786
1754507640,756.99597,759.05786
1754507700,756.99597,759.05786
1754507760,756.99597,759.05786
1754507820,756.99597,759.05786
1754507880,757.63049,759.05786
1754507940,756.99597,759.05786
1754508000,756.99597,758.95685
1754508060,757.63049,758.95685
1754508120,757.63049,758.95685
1754508180,757.63049,758.95685
1754508240,757.63049,759.05786
1754508300,757.63049,759.05786
1754508360,757.63049,759.05786
1754508420,756.99597,759.05786
1754508480,756.99597,759.05786
1754508540,756.99597,759.05786
1754508600,757.63049,758.95685
1754508660,756.99597,758.95685
1754508720,757.63049,758.95685
1754508780,756.99597,759.05786
1754508840,757.63049,759.05786
1754508900,757.63049,759.05786
1754508960,757.63049,759.05786
1754509020,757.63049,759.05786
1754509080,757.63049,759.05786
1754509140,757.63049,759.05786
1754509200,757.63049,759.05786
1754509260,757.63049,759.05786
1754509320,757.63049,759.05786
1754509380,757.63049,759.15887
1754509440,756.99597,759.05786
1754509500,757.63049,759.15887
1754509560,757.63049,759.15887
1754509620,757.63049,759.15887
1754509680,757.63049,759.15887
1754509740,757.63049,759.15887
1754509800,757.63049,759.15887
1754509860,756.99597,759.15887
1754509920,757.63049,759.15887
1754509980,757.63049,759.15887
1754510040,757.63049,759.15887
1754510100,757.63049,759.15887
1754510160,757.63049,759.15887
1754510220,757.63049,759.15887
1754510280,757.63049,759.15887
1754510340,757.63049,759.15887
1754510400,757.63049,759.15887
1754510460,757.63049,759.15887
1754510520,757.63049,759.15887
1754510580,756.99597,759.05786
1754510640,757.63049,759.05786
1754510700,756.99597,759.05786
1754510760,756.99597,759.05786
1754510820,757.63049,759.05786
1754510880,757.63049,759.05786
1754510940,757.63049,759.05786
1754511000,757.63049,759.05786
1754511060,757.63049,759.05786
1754511120,756.99597,759.05786
1754511180,757.63049,759.05786
1754511240,757.63049,759.05786
1754511300,756.99597,759.05786
1754511360,756.99597,759.05786
1754511420,757.63049,759.05786
1754511480,756.99597,759.05786
1754511540,756.99597,759.05786
1754511600,756.99597,758.95685
1754511660,756.99597,758.95685
1754511720,756.99597,758.95685
1754511780,756.99597,758.95685
1754511840,756.99597,758.95685
1754511900,756.99597,758.95685
1754511960,756.99597,758.95685
1754512020,756.99597,758.95685
1754512080,756.99597,758.95685
1754512140,756.99597,758.95685
1754512200,756.99597,758.95685
1754512260,756.99597,758.95685
1754512320,756.99597,758.95685
1754512380,756.99597,758.95685
1754512440,756.99597,758.95685
1754512500,756.99597,758.95685
1754512560,756.99597,758.95685
1754512620,756.99597,758.85583
1754512680,756.99597,758.85583
1754512740,756.99597,758.85583
1754512800,756.99597,758.85583
1754512860,756.99597,758.85583
1754512920,756.99597,758.85583
1754512980,756.99597,758.85583
1754513040,756.99597,758.85583
1754513100,756.99597,758.85583
1754513160,756.99597,758.85583
1754513220,756.99597,758.85583
1754513280,756.99597,758.85583
1754513340,756.99597,758.95685
1754513400,756.99597,758.95685
1754513460,756.99597,758.95685
1754513520,756.99597,758.95685
1754513580,757.63049,758.95685
1754513640,757.63049,758.95685
1754513700,756.99597,758.95685
1754513760,756.99597,758.95685
1754513820,756.99597,758.95685
1754513880,756.99597,758.95685
1754513940,756.99597,758.95685
1754514000,756.99597,758.95685
1754514060,757.63049,759.05786
1754514120,757.63049,759.05786
1754514180,757.63049,759.05786
1754514240,757.63049,759.05786
1754514300,756.99597,759.05786
1754514360,756.99597,759.05786
1754514420,756.99597,759.05786
1754514480,757.63049,759.15887
1754514540,757.63049,759.15887
1754514600,757.63049,759.15887
1754514660,757.63049,759.15887
1754514720,757.63049,759.15887
1754514780,757.63049,759.15887
1754514840,757.63049,759.15887
1754514900,757.63049,759.15887
1754514960,757.63049,759.15887
1754515020,757.63049,759.15887
1754515080,757.63049,759.15887
1754515140,757.63049,759.15887
1754515200,757.63049,759.15887
1754515260,757.63049,759.15887
1754515320,757.63049,759.15887
1754515380,757.63049,759.15887
1754515440,756.99597,759.15887
1754515500,756.99597,759.15887
1754515560,757.63049,759.15887
1754515620,757.63049,759.15887
1754515680,757.63049,759.15887
1754515740,757.63049,759.15887
1754515800,757.63049,759.15887
1754515860,757.63049,759.15887
1754515920,757.63049,759.15887
1754515980,757.63049,759.15887
1754516040,757.63049,759.15887
1754516100,757.63049,759.15887
1754516160,757.63049,759.05786
1754516220,757.63049,759.05786
1754516280,757.63049,759.05786
1754516340,757.63049,759.05786
1754516400,757.63049,759.05786
1754516460,757.63049,759.05786
1754516520,757.63049,759.05786
1754516580,756.99597,759.05786
1754516640,756.99597,759.05786
1754516700,756.99597,759.05786
1754516760,756.99597,759.05786
1754516820,756.99597,759.05786
1754516880,757.63049,758.95685
1754516940,756.99597,758.95685
1754517000,756.99597,758.95685
1754517060,756.99597,758.95685
1754517120,757.63049,758.95685
1754517180,756.99597,758.95685
1754517240,756.99597,758.95685
1754517300,756.99597,758.95685
1754517360,756.99597,758.95685
1754517420,756.99597,758.95685
1754517480,756.99597,758.95685
1754517540,756.99597,758.95685
1754517600,756.99597,758.85583
1754517660,756.99597,758.85583
1754517720,756.99597,758.85583
1754517780,756.99597,758.85583
1754517840,756.99597,758.85583
1754517900,756.99597,758.85583
1754517960,756.99597,758.85583
1754518020,756.99597,758.85583
1754518080,756.99597,758.85583
1754518140,756.99597,758.85583
1754518200,756.99597,758.85583
1754518260,756.99597,758.85583
1754518320,756.99597,758.85583
1754518380,756.99597,758.85583
1754518440,756.99597,758.85583
1754518500,756.99597,758.85583
1754518560,756.99597,758.85583
1754518620,756.99597,758.85583
1754518680,756.99597,758.85583
1754518740,756.36151,758.85583
1754518800,756.99597,758.85583
1754518860,756.99597,758.85583
1754518920,756.99597,758.85583
1754518980,756.99597,758.85583
1754519040,757.63049,758.85583
1754519100,756.99597,758.85583
1754519160,756.99597,758.85583
1754519220,756.99597,758.85583
1754519280,756.99597,758.85583
1754519340,756.99597,758.85583
1754519400,756.99597,758.85583
1754519460,756.99597,758.85583
1754519520,756.99597,758.85583
1754519580,756.99597,758.85583
1754519640,756.99597,758.85583
1754519700,756.99597,758.85583
1754519760,756.99597,758.85583
1754519820,756.99597,758.85583
1754519880,756.99597,758.85583
1754519940,756.99597,758.85583
1754520000,756.99597,758.85583
1754520060,756.99597,758.85583
1754520120,756.99597,758.85583
1754520180,756.99597,758.75482
1754520240,756.99597,758.75482
1754520300,756.99597,758.75482
1754520360,756.99597,758.75482
1754520420,756.99597,758.75482
1754520480,756.99597,758.75482
1754520540,756.99597,758.75482
1754520600,756.99597,758.75482
1754520660,756.99597,758.75482
1754520720,756.99597,758.75482
1754520780,756.99597,758.75482
1754520840,756.99597,758.75482
1754520900,756.99597,758.75482
1754520960,756.99597,758.75482
1754521020,756.99597,758.75482
1754521080,756.99597,758.75482
1754521140,756.99597,758.75482
1754521200,756.99597,758.65381
1754521260,756.99597,758.65381
1754521320,756.99597,758.65381
1754521380,756.99597,758.65381
1754521440,756.99597,758.65381
1754521500,756.99597,758.65381
1754521560,756.99597,758.65381
1754521620,756.99597,758.65381
1754521680,756.99597,758.65381
1754521740,756.99597,758.65381
1754521800,756.99597,758.65381
1754521860,756.99597,758.65381
1754521920,756.99597,758.75482
1754521980,756.99597,758.75482
1754522040,756.99597,758.75482
1754522100,756.99597,758.75482
1754522160,756.99597,758.75482
1754522220,756.99597,758.75482
1754522280,756.99597,758.75482
1754522340,756.99597,758.75482
1754522400,756.99597,758.75482
1754522460,756.99597,758.75482
1754522520,756.99597,758.75482
1754522580,756.99597,758.75482
1754522640,756.99597,758.75482
1754522700,756.99597,758.75482
1754522760,756.99597,758.75482
1754522820,756.99597,758.75482
1754522880,756.36151,758.75482
1754522940,756.99597,758.75482
1754523000,756.99597,758.75482
1754523060,756.99597,758.75482
1754523120,756.99597,758.75482
1754523180,756.99597,758.75482
1754523240,756.99597,758.75482
1754523300,756.99597,758.75482
1754523360,756.99597,758.75482
1754523420,756.99597,758.75482
1754523480,756.99597,758.75482
1754523540,756.99597,758.75482
1754523600,756.99597,758.75482
1754523660,756.99597,758.75482
1754523720,756.99597,758.75482
1754523780,756.99597,758.75482
1754523840,756.99597,758.75482
1754523900,756.99597,758.75482
1754523960,756.99597,758.75482
1754524020,756.99597,758.75482
1754524080,756.99597,758.75482
1754524140,756.99597,758.75482
1754524200,756.99597,758.75482
1754524260,756.99597,758.75482
1754524320,756.99597,758.75482
1754524380,756.99597,758.75482
1754524440,756.99597,758.65381
1754524500,756.99597,758.65381
1754524560,756.36151,758.65381
1754524620,756.99597,758.65381
1754524680,756.99597,758.65381
1754524740,756.99597,758.65381
1754524800,756.99597,758.65381
1754524860,756.99597,758.65381
1754524920,756.99597,758.65381
1754524980,756.99597,758.65381
1754525040,756.99597,758.65381
1754525100,756.99597,758.55286
1754525160,756.99597,758.55286
1754525220,756.99597,758.55286
1754525280,756.99597,758.55286
1754525340,756.99597,758.55286
1754525400,756.99597,758.55286
1754525460,756.99597,758.55286
1754525520,756.99597,758.55286
1754525580,756.99597,758.55286
1754525640,756.99597,758.55286
1754525700,756.99597,758.55286
1754525760,756.99597,758.55286
1754525820,756.99597,758.55286
1754525880,756.99597,758.55286
1754525940,756.99597,758.55286
1754526000,756.99597,758.55286
1754526060,756.99597,758.55286
1754526120,756.99597,758.55286
1754526180,756.99597,758.55286
1754526240,756.99597,758.55286
1754526300,756.99597,758.55286
1754526360,756.99597,758.55286
1754526420,756.99597,758.55286
1754526480,756.99597,758.55286
1754526540,756.99597,758.55286
1754526600,756.36151,758.55286
1754526660,756.99597,758.55286
1754526720,756.99597,758.55286
1754526780,756.99597,758.55286
1754526840,756.99597,758.45184
1754526900,756.99597,758.45184
1754526960,756.99597,758.45184
1754527020,756.99597,758.45184
1754527080,756.99597,758.45184
1754527140,756.99597,758.45184
1754527200,756.99597,758.45184
1754527260,756.36151,758.45184
1754527320,756.36151,758.45184
1754527380,756.36151,758.45184
1754527440,756.99597,758.45184
1754527500,756.99597,758.45184
1754527560,756.99597,758.45184
1754527620,756.99597,758.45184
1754527680,756.99597,758.45184
1754527740,756.99597,758.45184
1754527800,756.99597,758.45184
1754527860,756.99597,758.45184
1754527920,756.99597,758.45184
1754527980,756.99597,758.45184
1754528040,756.99597,758.45184
1754528100,756.36151,758.45184
1754528160,756.99597,758.45184
1754528220,756.36151,758.45184
1754528280,756.99597,758.45184
1754528340,756.99597,758.45184
1754528400,756.99597,758.45184
1754528460,756.99597,758.45184
1754528520,756.99597,758.45184
1754528580,756.99597,758.45184
1754528640,756.99597,758.45184
1754528700,756.99597,758.55286
1754528760,756.99597,758.55286
1754528820,756.99597,758.55286
1754528880,756.99597,758.55286
1754528940,756.99597,758.55286
1754529000,756.99597,758.55286
1754529060,756.99597,758.55286
1754529120,756.36151,758.45184
1754529180,756.36151,758.45184
1754529240,756.36151,758.45184
1754529300,756.36151,758.45184
1754529360,756.36151,758.45184
1754529420,756.36151,758.45184
1754529480,756.36151,758.45184
1754529540,756.36151,758.45184
1754529600,756.36151,758.45184
1754529660,756.36151,758.45184
1754529720,756.36151,758.45184
1754529780,756.36151,758.45184
1754529840,756.36151,758.45184
1754529900,756.36151,758.45184
1754529960,756.36151,758.45184
1754530020,756.36151,758.45184
1754530080,756.36151,758.45184
1754530140,756.36151,758.45184
1754530200,756.36151,758.35083
1754530260,756.36151,758.35083
1754530320,756.36151,758.35083
1754530380,756.36151,758.35083
1754530440,756.99597,758.35083
1754530500,756.36151,758.35083
1754530560,756.99597,758.35083
1754530620,756.99597,758.35083
1754530680,756.99597,758.35083
1754530740,756.99597,758.35083
1754530800,756.36151,758.35083
1754530860,756.36151,758.35083
1754530920,756.36151,758.35083
1754530980,756.36151,758.35083
1754531040,756.36151,758.35083
1754531100,756.99597,758.35083
1754531160,756.36151,758.35083
1754531220,756.99597,758.35083
1754531280,756.99597,758.35083
1754531340,756.36151,758.35083
1754531400,756.99597,758.35083
1754531460,756.99597,758.35083
1754531520,756.99597,758.35083
1754531580,756.36151,758.35083
1754531640,756.99597,758.45184
1754531700,756.99597,758.45184
1754531760,756.99597,758.35083
1754531820,756.99597,758.35083
1754531880,756.99597,758.35083
1754531940,756.99597,758.35083
1754532000,756.99597,758.35083
1754532060,756.36151,758.35083
1754532120,756.99597,758.45184
1754532180,756.99597,758.45184
1754532240,756.99597,758.45184
1754532300,756.99597,758.45184
1754532360,756.99597,758.45184
1754532420,756.36151,758.45184
1754532480,756.99597,758.45184
1754532540,756.99597,758.45184
1754532600,756.99597,758.45184
1754532660,756.99597,758.45184
1754532720,756.36151,758.45184
1754532780,756.36151,758.45184
1754532840,756.36151,758.45184
1754532900,756.99597,758.45184
1754532960,756.36151,758.45184
1754533020,756.36151,758.45184
1754533080,756.99597,758.45184
1754533140,756.99597,758.45184
1754533200,756.99597,758.45184
1754533260,756.99597,758.45184
1754533320,756.99597,758.45184
1754533380,756.36151,758.45184
1754533440,756.99597,758.45184
1754533500,756.36151,758.45184
1754533560,756.36151,758.45184
1754533620,756.99597,758.45184
1754533680,756.99597,758.45184
1754533740,756.99597,758.45184
1754533800,756.99597,758.45184
1754533860,756.99597,758.45184
1754533920,756.36151,758.45184
1754533980,756.36151,758.45184
1754534040,756.99597,758.45184
1754534100,756.36151,758.45184
1754534160,756.36151,758.45184
1754534220,756.36151,758.45184
1754534280,756.99597,758.45184
1754534340,756.99597,758.45184
1754534400,756.99597,758.45184
1754534460,756.36151,758.45184
1754534520,756.99597,758.45184
1754534580,756.36151,758.45184
1754534640,756.36151,758.45184
1754534700,756.99597,758.45184
1754534760,756.36151,758.45184
1754534820,756.99597,758.45184
1754534880,756.99597,758.45184
1754534940,756.99597,758.45184
1754535000,756.99597,758.45184
1754535060,756.99597,758.45184
1754535120,756.36151,758.45184
1754535180,756.36151,758.45184
1754535240,756.36151,758.45184
1754535300,756.36151,758.45184
1754535360,756.36151,758.45184
1754535420,756.36151,758.45184
1754535480,756.36151,758.45184
1754535540,756.36151,758.45184
1754535600,756.36151,758.45184
1754535660,756.36151,758.45184
1754535720,756.36151,758.45184
1754535780,756.36151,758.45184
1754535840,756.36151,758.45184
1754535900,756.36151,758.45184
1754535960,756.36151,758.45184
1754536020,756.36151,758.45184
1754536080,756.36151,758.45184
1754536140,756.36151,758.45184
1754536200,756.36151,758.45184
1754536260,756.36151,758.45184
1754536320,756.36151,758.45184
1754536380,756.99597,758.35083
1754536440,756.36151,758.35083
1754536500,756.36151,758.35083
1754536560,756.36151,758.35083
1754536620,756.36151,758.35083
1754536680,756.36151,758.35083
1754536740,756.99597,758.35083
1754536800,756.99597,758.35083
1754536860,756.36151,758.35083
1754536920,756.36151,758.35083
1754536980,756.36151,758.35083
1754537040,756.99597,758.35083
1754537100,756.99597,758.35083
1754537160,756.99597,758.35083
1754537220,756.99597,758.35083
1754537280,756.36151,758.35083
1754537340,756.99597,758.35083
1754537400,756.36151,758.35083
1754537460,756.36151,758.35083
1754537520,756.99597,758.35083
1754537580,756.99597,758.35083
1754537640,756.99597,758.35083
1754537700,756.36151,758.45184
1754537760,756.99597,758.45184
1754537820,756.36151,758.45184
1754537880,756.99597,758.45184
1754537940,756.99597,758.45184
1754538000,756.36151,758.45184
1754538060,756.99597,758.45184
1754538120,756.99597,758.45184
1754538180,756.99597,758.45184
1754538240,756.36151,758.45184
1754538300,756.99597,758.45184
1754538360,756.99597,758.45184
1754538420,756.99597,758.45184
1754538480,756.36151,758.45184
1754538540,756.36151,758.45184
1754538600,756.99597,758.45184
1754538660,756.36151,758.45184
1754538720,756.99597,758.45184
1754538780,756.36151,758.45184
1754538840,756.36151,758.45184
1754538900,756.36151,758.45184
1754538960,756.36151,758.45184
1754539020,756.99597,758.45184
1754539080,756.99597,758.45184
1754539140,756.99597,758.45184
1754539200,756.99597,758.45184
1754539260,756.99597,758.45184
1754539320,756.99597,758.45184
1754539380,756.36151,758.45184
1754539440,756.99597,758.45184
1754539500,756.99597,758.45184
1754539560,756.99597,758.45184
1754539620,756.99597,758.45184
1754539680,756.36151,758.45184
1754539740,756.99597,758.45184
1754539800,756.36151,758.45184
1754539860,756.99597,758.45184
1754539920,756.99597,758.45184
1754539980,756.99597,758.45184
1754540040,756.99597,758.45184
1754540100,756.36151,758.45184
1754540160,756.99597,758.45184
1754540220,756.36151,758.45184
1754540280,756.36151,758.45184
1754540340,756.36151,758.45184
1754540400,756.99597,758.45184
1754540460,756.99597,758.45184
1754540520,756.99597,758.45184
1754540580,756.36151,758.45184
1754540640,756.36151,758.45184
1754540700,756.36151,758.45184
1754540760,756.99597,758.35083
1754540820,756.99597,758.35083
1754540880,756.36151,758.35083
1754540940,756.36151,758.35083
1754541000,756.36151,758.35083
1754541060,756.36151,758.35083
1754541120,756.36151,758.35083
1754541180,756.36151,758.35083
1754541240,756.36151,758.35083
1754541300,756.36151,758.35083
1754541360,756.36151,758.35083
1754541420,756.36151,758.35083
1754541480,756.36151,758.24982
1754541540,756.36151,758.24982
1754541600,756.36151,758.24982
1754541660,756.36151,758.24982
1754541720,756.36151,758.24982
1754541780,756.36151,758.24982
1754541840,756.36151,758.24982
1754541900,756.36151,758.24982
1754541960,756.36151,758.24982
1754542020,756.36151,758.24982
1754542080,756.36151,758.24982
1754542140,756.36151,758.24982
1754542200,756.36151,758.24982
1754542260,756.36151,758.24982
1754542320,756.36151,758.24982
1754542380,756.36151,758.24982
1754542440,756.36151,758.24982
1754542500,756.36151,758.24982
1754542560,756.36151,758.24982
1754542620,756.36151,758.24982
1754542680,756.99597,758.24982
1754542740,756.36151,758.24982
1754542800,756.36151,758.24982
1754542860,756.99597,758.35083
1754542920,756.36151,758.35083
1754542980,756.36151,758.35083
1754543040,756.36151,758.35083
1754543100,756.36151,758.35083
1754543160,756.99597,758.35083
1754543220,756.36151,758.35083
1754543280,756.36151,758.35083
1754543340,756.36151,758.35083
1754543400,756.36151,758.35083
1754543460,756.99597,758.35083
1754543520,756.99597,758.35083
1754543580,756.36151,758.35083
1754543640,756.36151,758.35083
1754543700,756.99597,758.35083
1754543760,756.36151,758.35083
1754543820,756.36151,758.35083
1754543880,756.36151,758.35083
1754543940,756.36151,758.35083
1754544000,756.99597,758.35083
1754544060,756.36151,758.35083
1754544120,756.36151,758.35083
1754544180,756.36151,758.35083
1754544240,756.36151,758.35083
1754544300,756.36151,758.35083
1754544360,756.36151,758.35083
1754544420,756.36151,758.35083
1754544480,756.36151,758.24982
1754544540,756.36151,758.24982
1754544600,756.36151,758.24982
1754544660,756.36151,758.24982
1754544720,756.99597,758.24982
1754544780,756.36151,758.24982
1754544840,756.36151,758.24982
1754544900,756.36151,758.24982
1754544960,756.36151,758.24982
1754545020,756.36151,758.24982
1754545080,756.36151,758.24982
1754545140,756.36151,758.24982
1754545200,756.36151,758.24982
1754545260,756.36151,758.24982
1754545320,756.36151,758.24982
1754545380,756.36151,758.24982
1754545440,756.36151,758.24982
1754545500,756.36151,758.1488
1754545560,756.36151,758.1488
1754545620,756.36151,758.1488
1754545680,756.36151,758.1488
1754545740,756.36151,758.1488
1754545800,756.36151,758.1488
1754545860,756.36151,758.1488
1754545920,756.36151,758.1488
1754545980,756.36151,758.1488
1754546040,756.36151,758.1488
1754546100,756.36151,758.1488
1754546160,756.36151,758.1488
1754546220,756.36151,758.1488
1754546280,756.36151,758.1488
1754546340,756.36151,758.1488
1754546400,756.36151,758.1488
1754546460,755.72699,758.04779
1754546520,756.36151,758.04779
1754546580,756.36151,758.04779
1754546640,756.36151,758.04779
1754546700,756.36151,758.04779
1754546760,756.36151,758.04779
1754546820,756.36151,758.04779
1754546880,756.36151,758.04779
1754546940,756.36151,758.04779
1754547000,756.36151,758.04779
1754547060,756.36151,758.04779
1754547120,756.36151,758.04779
1754547180,756.36151,758.04779
1754547240,756.36151,758.04779
1754547300,756.36151,758.1488
1754547360,756.36151,758.1488
1754547420,756.36151,758.1488
1754547480,756.36151,758.1488
1754547540,756.36151,758.1488
1754547600,756.36151,758.1488
1754547660,756.36151,758.1488
1754547720,756.36151,758.1488
1754547780,756.36151,758.1488
1754547840,756.36151,758.1488
1754547900,756.36151,758.1488
1754547960,756.36151,758.1488
1754548020,756.36151,758.24982
1754548080,756.36151,758.35083
1754548140,756.99597,758.35083
1754548200,756.36151,758.35083
1754548260,756.36151,758.35083
1754548320,756.99597,758.35083
1754548380,756.36151,758.35083
1754548440,756.99597,758.35083
1754548500,756.36151,758.35083
1754548560,756.36151,758.35083
1754548620,756.99597,758.35083
1754548680,756.99597,758.35083
1754548740,756.36151,758.35083
1754548800,756.99597,758.35083
1754548860,756.99597,758.35083
1754548920,756.99597,758.35083
1754548980,756.36151,758.35083
1754549040,756.99597,758.35083
1754549100,756.36151,758.45184
1754549160,756.36151,758.45184
1754549220,756.99597,758.45184
1754549280,756.36151,758.45184
1754549340,756.99597,758.45184
1754549400,756.36151,758.45184
1754549460,756.99597,758.45184
1754549520,756.36151,758.45184
1754549580,756.99597,758.45184
1754549640,756.99597,758.45184
1754549700,756.36151,758.45184
1754549760,756.36151,758.45184
1754549820,756.36151,758.45184
1754549880,756.36151,758.45184
1754549940,756.36151,758.45184
1754550000,756.99597,758.45184
1754550060,756.36151,758.45184
1754550120,756.36151,758.45184
1754550180,756.36151,758.45184
1754550240,756.36151,758.45184
1754550300,756.36151,758.45184
1754550360,756.36151,758.45184
1754550420,756.36151,758.45184
1754550480,756.36151,758.45184
1754550540,756.36151,758.45184
1754550600,756.36151,758.45184
1754550660,756.36151,758.45184
1754550720,756.36151,758.35083
1754550780,756.36151,758.35083
1754550840,756.36151,758.35083
1754550900,756.36151,758.35083
1754550960,756.36151,758.35083
1754551020,756.36151,758.35083
1754551080,756.36151,758.45184
1754551140,756.99597,758.45184
1754551200,756.36151,758.35083
1754551260,756.36151,758.45184
1754551320,756.36151,758.45184
1754551380,756.36151,758.45184
1754551440,756.36151,758.45184
1754551500,756.99597,758.45184
1754551560,756.36151,758.45184
1754551620,756.36151,758.45184
1754551680,756.36151,758.45184
1754551740,756.36151,758.45184
1754551800,756.36151,758.45184
1754551860,756.36151,758.45184
1754551920,756.36151,758.45184
1754551980,756.36151,758.45184
1754552040,756.99597,758.45184
1754552100,756.36151,758.45184
1754552160,756.99597,758.45184
1754552220,756.36151,758.55286
1754552280,756.99597,758.55286
1754552340,756.36151,758.45184
1754552400,756.36151,758.45184
1754552460,756.36151,758.45184
1754552520,756.36151,758.55286
1754552580,756.36151,758.55286
1754552640,756.36151,758.55286
1754552700,756.36151,758.55286
1754552760,756.36151,758.55286
1754552820,756.99597,758.55286
1754552880,756.99597,758.55286
1754552940,756.99597,758.55286
1754553000,756.36151,758.55286
1754553060,756.99597,758.55286
1754553120,756.36151,758.55286
1754553180,756.36151,758.55286
1754553240,756.99597,758.55286
1754553300,756.99597,758.55286
1754553360,756.99597,758.55286
1754553420,756.36151,758.45184
1754553480,756.36151,758.45184
1754553540,756.36151,758.45184
1754553600,756.36151,758.45184
1754553660,756.36151,758.45184
1754553720,756.36151,758.45184
1754553780,756.36151,758.45184
1754553840,756.99597,758.45184
1754553900,756.99597,758.45184
1754553960,756.36151,758.45184
1754554020,756.36151,758.45184
1754554080,756.36151,758.45184
1754554140,756.99597,758.45184
1754554200,756.36151,758.45184
1754554260,756.99597,758.45184
1754554320,756.99597,758.45184
1754554380,756.36151,758.45184
1754554440,756.36151,758.45184
1754554500,756.36151,758.45184
1754554560,756.36151,758.45184
1754554620,756.99597,758.45184
1754554680,756.99597,758.45184
1754554740,756.36151,758.45184
1754554800,756.99597,758.45184
1754554860,756.36151,758.45184
1754554920,756.36151,758.45184
1754554980,756.36151,758.45184
1754555040,756.99597,758.45184
1754555100,756.36151,758.45184
1754555160,756.36151,758.45184
1754555220,756.36151,758.45184
1754555280,756.36151,758.45184
1754555340,756.36151,758.35083
1754555400,756.36151,758.35083
1754555460,756.36151,758.35083
1754555520,756.36151,758.35083
1754555580,756.36151,758.35083
1754555640,756.36151,758.35083
1754555700,756.36151,758.35083
1754555760,756.36151,758.35083
1754555820,756.36151,758.35083
1754555880,756.36151,758.35083
1754555940,756.36151,758.35083
1754556000,756.36151,758.35083
1754556060,756.36151,758.24982
1754556120,756.36151,758.24982
1754556180,756.36151,758.24982
1754556240,756.36151,758.24982
1754556300,756.36151,758.24982
1754556360,756.36151,758.24982
1754556420,756.36151,758.24982
1754556480,756.36151,758.35083
1754556540,756.36151,758.35083
1754556600,756.36151,758.35083
1754556660,756.36151,758.35083
1754556720,756.36151,758.35083
1754556780,756.36151,758.35083
1754556840,756.36151,758.45184
1754556900,756.36151,758.45184
1754556960,756.36151,758.45184
1754557020,756.36151,758.45184
1754557080,756.36151,758.45184
1754557140,756.36151,758.45184
1754557200,756.36151,758.45184
1754557260,756.99597,758.45184
1754557320,756.36151,758.45184
1754557380,756.36151,758.45184
1754557440,756.99597,758.45184
1754557500,756.36151,758.45184
1754557560,756.36151,758.45184
1754557620,756.99597,758.45184
1754557680,756.36151,758.45184
1754557740,756.99597,758.45184
1754557800,756.36151,758.45184
1754557860,756.36151,758.45184
1754557920,756.36151,758.55286
1754557980,756.36151,758.45184
1754558040,756.99597,758.45184
1754558100,756.99597,758.45184
1754558160,756.99597,758.45184
1754558220,756.99597,758.45184
1754558280,756.99597,758.45184
1754558340,756.99597,758.45184
1754558400,756.99597,758.45184
1754558460,756.36151,758.45184
1754558520,756.99597,758.45184
1754558580,756.99597,758.45184
1754558640,756.36151,758.45184
1754558700,756.99597,758.45184
1754558760,756.99597,758.45184
1754558820,756.36151,758.45184
1754558880,756.99597,758.45184
1754558940,756.36151,758.45184
1754559000,756.36151,758.45184
1754559060,756.99597,758.45184
1754559120,756.99597,758.45184
1754559180,756.99597,758.45184
1754559240,756.36151,758.45184
1754559300,756.36151,758.45184
1754559360,756.36151,758.45184
1754559420,756.36151,758.45184
1754559480,756.36151,758.45184
1754559540,756.36151,758.45184
1754559600,756.36151,758.45184
1754559660,756.36151,758.45184
1754559720,756.99597,758.45184
1754559780,756.36151,758.45184
1754559840,756.99597,758.45184
1754559900,756.36151,758.45184
1754559960,756.99597,758.45184
1754560020,756.36151,758.45184
1754560080,756.36151,758.55286
1754560140,756.36151,758.45184
1754560200,756.36151,758.45184
1754560260,756.99597,758.45184
1754560320,756.99597,758.45184
1754560380,756.36151,758.45184
1754560440,756.99597,758.45184
1754560500,756.36151,758.45184
1754560560,756.36151,758.45184
1754560620,756.36151,758.55286
1754560680,756.36151,758.45184
1754560740,756.36151,758.45184
1754560800,756.36151,758.45184
1754560860,756.36151,758.55286
1754560920,756.99597,758.55286
1754560980,756.36151,758.45184
1754561040,756.36151,758.45184
1754561100,756.36151,758.45184
1754561160,756.36151,758.55286
1754561220,756.36151,758.45184
1754561280,756.99597,758.45184
1754561340,756.36151,758.45184
1754561400,756.36151,758.45184
1754561460,756.99597,758.55286
1754561520,756.99597,758.55286
1754561580,756.36151,758.55286
1754561640,756.36151,758.55286
1754561700,756.36151,758.55286
1754561760,756.99597,758.55286
1754561820,756.99597,758.55286
1754561880,756.99597,758.55286
1754561940,756.36151,758.55286
1754562000,756.36151,758.55286
1754562060,756.36151,758.55286
1754562120,756.36151,758.55286
1754562180,756.36151,758.55286
1754562240,756.36151,758.55286
1754562300,756.99597,758.55286
1754562360,756.36151,758.55286
1754562420,756.36151,758.55286
1754562480,756.99597,758.55286
1754562540,756.99597,758.55286
1754562600,756.99597,758.55286
1754562660,756.36151,758.55286
1754562720,756.99597,758.55286
1754562780,756.36151,758.55286
1754562840,756.99597,758.55286
1754562900,756.36151,758.55286
1754562960,756.36151,758.45184
1754563020,756.99597,758.45184
1754563080,756.99597,758.45184
1754563140,756.99597,758.45184
1754563200,756.36151,758.45184
1754563260,756.36151,758.45184
1754563320,756.36151,758.45184
1754563380,756.36151,758.45184
1754563440,756.99597,758.45184
1754563500,756.36151,758.45184
1754563560,756.36151,758.45184
1754563620,756.99597,758.45184
1754563680,756.36151,758.45184
1754563740,756.99597,758.45184
1754563800,756.36151,758.45184
1754563860,756.99597,758.35083
1754563920,756.36151,758.35083
1754563980,756.99597,758.45184
1754564040,756.36151,758.45184
1754564100,756.99597,758.45184
1754564160,756.99597,758.45184
1754564220,756.99597,758.45184
1754564280,756.36151,758.45184
1754564340,756.36151,758.45184
1754564400,756.36151,758.45184
1754564460,756.36151,758.45184
1754564520,756.36151,758.45184
1754564580,756.36151,758.45184
1754564640,756.36151,758.45184
1754564700,756.36151,758.35083
1754564760,756.36151,758.35083
1754564820,756.36151,758.35083
1754564880,756.36151,758.35083
1754564940,756.36151,758.35083
1754565000,756.36151,758.35083
1754565060,756.99597,758.35083
1754565120,756.36151,758.35083
1754565180,756.36151,758.35083
1754565240,756.36151,758.35083
1754565300,756.36151,758.35083
1754565360,756.36151,758.35083
1754565420,756.36151,758.35083
1754565480,756.36151,758.35083
1754565540,756.36151,758.35083
1754565600,756.36151,758.35083
1754565660,756.36151,758.35083
1754565720,756.36151,758.35083
1754565780,756.36151,758.35083
1754565840,756.36151,758.35083
1754565900,756.36151,758.45184
1754565960,756.36151,758.45184
1754566020,756.36151,758.45184
1754566080,756.36151,758.45184
1754566140,756.36151,758.45184
1754566200,756.36151,758.45184
1754566260,756.36151,758.45184
1754566320,756.36151,758.45184
1754566380,756.99597,758.55286
1754566440,756.36151,758.55286
1754566500,756.36151,758.55286
1754566560,756.99597,758.55286
1754566620,756.99597,758.55286
1754566680,756.99597,758.55286
1754566740,756.36151,758.55286
1754566800,756.36151,758.55286
1754566860,756.36151,758.55286
1754566920,756.36151,758.55286
1754566980,756.36151,758.55286
1754567040,756.36151,758.55286
1754567100,756.36151,758.55286
1754567160,756.99597,758.65381
1754567220,756.36151,758.65381
1754567280,756.99597,758.65381
1754567340,756.36151,758.65381
1754567400,756.99597,758.65381
1754567460,756.99597,758.65381
1754567520,756.99597,758.65381
1754567580,756.99597,758.65381
1754567640,756.99597,758.65381
1754567700,756.36151,758.65381
1754567760,756.99597,758.55286
1754567820,756.36151,758.55286
1754567880,756.99597,758.55286
1754567940,756.99597,758.55286
1754568000,756.99597,758.55286
1754568060,756.99597,758.55286
1754568120,756.36151,758.55286
1754568180,756.99597,758.55286
1754568240,756.36151,758.55286
1754568300,756.99597,758.55286
1754568360,756.99597,758.55286
1754568420,756.99597,758.55286
1754568480,756.99597,758.55286
1754568540,756.99597,758.55286
1754568600,756.99597,758.55286
1754568660,756.99597,758.55286
1754568720,756.99597,758.55286
1754568780,756.99597,758.55286
1754568840,756.99597,758.55286
1754568900,756.99597,758.55286
1754568960,756.36151,758.55286
1754569020,756.36151,758.55286
1754569080,756.99597,758.55286
1754569140,756.99597,758.45184
1754569200,756.99597,758.45184
1754569260,756.36151,758.45184
1754569320,756.99597,758.55286
1754569380,756.99597,758.45184
1754569440,756.99597,758.45184
1754569500,756.36151,758.45184
1754569560,756.99597,758.45184
1754569620,756.99597,758.45184
1754569680,756.99597,758.45184
1754569740,756.36151,758.55286
1754569800,756.36151,758.55286
1754569860,756.99597,758.55286
1754569920,756.99597,758.55286
1754569980,756.99597,758.55286
1754570040,756.99597,758.55286
1754570100,756.36151,758.55286
1754570160,756.99597,758.55286
1754570220,756.99597,758.55286
1754570280,756.99597,758.55286
1754570340,756.99597,758.45184
1754570400,756.36151,758.45184
1754570460,756.99597,758.45184
1754570520,756.99597,758.45184
1754570580,756.99597,758.45184
1754570640,756.99597,758.45184
1754570700,756.99597,758.45184
1754570760,756.99597,758.45184
1754570820,756.99597,758.45184
1754570880,756.99597,758.45184
1754570940,756.99597,758.45184
1754571000,756.99597,758.45184
1754571060,756.36151,758.45184
1754571120,756.99597,758.45184
1754571180,756.36151,758.45184
1754571240,756.99597,758.55286
1754571300,756.36151,758.55286
1754571360,756.99597,758.55286
1754571420,756.99597,758.55286
1754571480,756.99597,758.55286
1754571540,756.36151,758.55286
1754571600,756.99597,758.55286
1754571660,756.36151,758.55286
1754571720,756.36151,758.55286
1754571780,756.99597,758.65381
1754571840,756.99597,758.65381
1754571900,756.99597,758.65381
1754571960,756.99597,758.65381
1754572020,756.36151,758.65381
1754572080,756.99597,758.65381
1754572140,756.99597,758.65381
1754572200,756.36151,758.65381
1754572260,756.36151,758.65381
1754572320,756.36151,758.65381
1754572380,756.36151,758.65381
1754572440,756.99597,758.65381
1754572500,756.36151,758.65381
1754572560,756.36151,758.65381
1754572620,756.99597,758.65381
1754572680,756.99597,758.65381
1754572740,756.99597,758.65381
1754572800,756.36151,758.55286
1754572860,756.36151,758.55286
1754572920,756.36151,758.55286
1754572980,756.36151,758.55286
1754573040,756.99597,758.55286
1754573100,756.36151,758.55286
1754573160,756.36151,758.55286
1754573220,756.36151,758.55286
1754573280,756.99597,758.55286
1754573340,756.36151,758.55286
1754573400,756.99597,758.55286
1754573460,756.36151,758.55286
1754573520,756.99597,758.55286
1754573580,756.99597,758.55286
1754573640,756.36151,758.55286
1754573700,756.99597,758.55286
1754573760,756.36151,758.55286
1754573820,756.99597,758.55286
1754573880,756.99597,758.55286
1754573940,756.99597,758.65381
1754574000,756.36151,758.65381
1754574060,756.99597,758.65381
1754574120,756.99597,758.65381
1754574180,756.36151,758.65381
1754574240,756.99597,758.55286
1754574300,756.36151,758.55286
1754574360,756.99597,758.65381
1754574420,756.99597,758.55286
1754574480,756.99597,758.55286
1754574540,756.99597,758.55286
1754574600,756.99597,758.65381
1754574660,756.99597,758.55286
1754574720,756.36151,758.55286
1754574780,756.99597,758.65381
1754574840,756.99597,758.55286
1754574900,756.99597,758.55286
1754574960,756.99597,758.55286
1754575020,756.36151,758.55286
1754575080,756.99597,758.65381
1754575140,756.99597,758.65381
1754575200,756.36151,758.65381
1754575260,756.99597,758.65381
1754575320,756.99597,758.55286
1754575380,756.99597,758.65381
1754575440,756.99597,758.65381
1754575500,756.99597,758.65381
1754575560,756.99597,758.65381
1754575620,756.99597,758.65381
1754575680,756.99597,758.55286
1754575740,756.36151,758.55286
1754575800,756.36151,758.55286
1754575860,756.36151,758.55286
1754575920,756.99597,758.55286
1754575980,756.99597,758.55286
1754576040,756.99597,758.65381
1754576100,756.99597,758.65381
1754576160,756.99597,758.65381
1754576220,756.99597,758.65381
1754576280,756.99597,758.65381
1754576340,756.99597,758.65381
1754576400,756.99597,758.65381
1754576460,756.99597,758.65381
1754576520,756.99597,758.65381
1754576580,756.99597,758.65381
1754576640,756.99597,758.75482
1754576700,756.99597,758.75482
1754576760,756.99597,758.75482
1754576820,756.99597,758.75482
1754576880,756.99597,758.75482
1754576940,756.99597,758.75482
1754577000,756.99597,758.75482
1754577060,756.99597,758.75482
1754577120,756.99597,758.75482
1754577180,756.99597,758.75482
1754577240,756.99597,758.75482
1754577300,756.99597,758.75482
1754577360,756.99597,758.65381
1754577420,756.99597,758.65381
1754577480,756.99597,758.65381
1754577540,756.99597,758.65381
1754577600,756.99597,758.65381
1754577660,756.99597,758.65381
1754577720,756.99597,758.65381
1754577780,756.99597,758.65381
1754577840,756.99597,758.65381
1754577900,756.36151,758.65381
1754577960,756.99597,758.65381
1754578020,756.99597,758.65381
1754578080,756.99597,758.65381
1754578140,756.99597,758.65381
1754578200,756.99597,758.65381
1754578260,756.99597,758.65381
1754578320,756.99597,758.65381
1754578380,756.99597,758.65381
1754578440,756.36151,758.65381
1754578500,756.99597,758.65381
1754578560,756.36151,758.55286
1754578620,756.36151,758.55286
1754578680,756.36151,758.55286
1754578740,756.36151,758.55286
1754578800,756.36151,758.55286
1754578860,756.99597,758.55286
1754578920,756.99597,758.55286
1754578980,756.36151,758.55286
1754579040,756.36151,758.55286
1754579100,756.36151,758.55286
1754579160,756.36151,758.55286
1754579220,756.36151,758.55286
1754579280,756.99597,758.55286
1754579340,756.36151,758.55286
1754579400,756.36151,758.55286
1754579460,756.99597,758.55286
1754579520,756.36151,758.55286
1754579580,756.36151,758.55286
1754579640,756.99597,758.45184
1754579700,756.36151,758.45184
1754579760,756.99597,758.45184
1754579820,756.36151,758.45184
1754579880,756.99597,758.45184
1754579940,756.36151,758.45184
1754580000,756.36151,758.45184
1754580060,756.99597,758.45184
1754580120,756.36151,758.45184
1754580180,756.36151,758.45184
1754580240,756.36151,758.45184
1754580300,756.36151,758.35083
1754580360,756.99597,758.35083
1754580420,756.36151,758.35083
1754580480,756.36151,758.35083
1754580540,756.36151,758.35083
1754580600,756.36151,758.35083
1754580660,756.99597,758.35083
1754580720,756.36151,758.35083
1754580780,756.36151,758.45184
1754580840,756.99597,758.45184
1754580900,756.99597,758.45184
1754580960,756.36151,758.45184
1754581020,756.99597,758.45184
1754581080,756.99597,758.45184
1754581140,756.99597,758.45184
1754581200,756.99597,758.45184
1754581260,756.99597,758.45184
1754581320,756.36151,758.45184
1754581380,756.36151,758.45184
1754581440,756.99597,758.45184
1754581500,756.99597,758.55286
1754581560,756.99597,758.55286
1754581620,756.99597,758.55286
1754581680,756.99597,758.55286
1754581740,756.99597,758.55286
1754581800,756.99597,758.55286
1754581860,756.99597,758.55286
1754581920,756.99597,758.55286
1754581980,756.99597,758.55286
1754582040,756.99597,758.55286
1754582100,756.99597,758.55286
1754582160,756.99597,758.55286
1754582220,756.99597,758.55286
1754582280,756.99597,758.55286
1754582340,756.99597,758.55286
1754582400,756.99597,758.65381
1754582460,756.99597,758.65381
1754582520,756.99597,758.65381
1754582580,756.99597,758.65381
1754582640,756.99597,758.65381
1754582700,756.99597,758.65381
1754582760,756.99597,758.65381
1754582820,756.99597,758.65381
1754582880,756.99597,758.65381
1754582940,756.36151,758.65381
1754583000,756.99597,758.65381
1754583060,756.99597,758.65381
1754583120,756.99597,758.65381
1754583180,756.99597,758.65381
1754583240,756.99597,758.65381
1754583300,756.99597,758.65381
1754583360,756.99597,758.65381
1754583420,756.99597,758.65381
1754583480,756.99597,758.65381
1754583540,756.99597,758.65381
1754583600,756.99597,758.65381
1754583660,756.99597,758.65381
1754583720,756.99597,758.65381
1754583780,756.99597,758.65381
1754583840,756.36151,758.65381
1754583900,756.99597,758.65381
1754583960,756.99597,758.65381
1754584020,756.99597,758.65381
1754584080,756.99597,758.65381
1754584140,756.99597,758.55286
1754584200,756.36151,758.55286
1754584260,756.36151,758.55286
1754584320,756.36151,758.55286
1754584380,756.99597,758.55286
1754584440,756.99597,758.55286
1754584500,756.36151,758.55286
1754584560,756.36151,758.55286
1754584620,756.36151,758.55286
1754584680,756.36151,758.55286
1754584740,756.99597,758.55286
1754584800,756.36151,758.45184
1754584860,756.36151,758.45184
1754584920,756.36151,758.45184
1754584980,756.36151,758.45184
1754585040,756.36151,758.45184
1754585100,756.36151,758.45184
1754585160,756.36151,758.45184
1754585220,756.36151,758.45184
1754585280,756.36151,758.45184
1754585340,756.36151,758.45184
1754585400,756.36151,758.45184
1754585460,756.36151,758.45184
1754585520,756.36151,758.45184
1754585580,756.99597,758.45184
1754585640,756.36151,758.45184
1754585700,756.36151,758.45184
1754585760,756.36151,758.45184
1754585820,756.36151,758.45184
1754585880,756.99597,758.45184
1754585940,756.99597,758.45184
1754586000,756.36151,758.45184
1754586060,756.36151,758.45184
1754586120,756.99597,758.45184
1754586180,756.99597,758.45184
1754586240,756.36151,758.45184
1754586300,756.99597,758.45184
1754586360,756.99597,758.45184
1754586420,756.99597,758.45184
1754586480,756.99597,758.55286
1754586540,756.99597,758.45184
1754586600,756.99597,758.55286
1754586660,756.99597,758.55286
1754586720,756.99597,758.55286
1754586780,756.99597,758.55286
1754586840,756.36151,758.55286
1754586900,756.36151,758.55286
1754586960,756.99597,758.55286
1754587020,756.99597,758.55286
1754587080,756.99597,758.55286
1754587140,756.99597,758.55286
1754587200,756.99597,758.55286
1754587260,756.36151,758.55286
1754587320,756.99597,758.55286
1754587380,756.36151,758.55286
1754587440,756.36151,758.55286
1754587500,756.99597,758.55286
1754587560,756.36151,758.55286
1754587620,756.99597,758.55286
1754587680,756.99597,758.55286
1754587740,756.36151,758.55286
1754587800,756.36151,758.55286
1754587860,756.36151,758.55286
1754587920,756.99597,758.55286
1754587980,756.99597,758.55286
1754588040,756.99597,758.55286
1754588100,756.99597,758.55286
1754588160,756.36151,758.55286
1754588220,756.99597,758.55286
1754588280,756.36151,758.55286
1754588340,756.99597,758.55286
1754588400,756.99597,758.55286
1754588460,756.99597,758.55286
1754588520,756.99597,758.55286
1754588580,756.99597,758.55286
1754588640,756.99597,758.55286
1754588700,756.36151,758.55286
1754588760,756.99597,758.55286
1754588820,756.36151,758.55286
1754588880,756.99597,758.55286
1754588940,756.36151,758.55286
1754589000,756.99597,758.55286
1754589060,756.99597,758.55286
1754589120,756.99597,758.65381
1754589180,756.99597,758.55286
1754589240,756.99597,758.55286
1754589300,756.99597,758.55286
1754589360,756.99597,758.55286
1754589420,756.99597,758.55286
1754589480,756.99597,758.55286
1754589540,756.99597,758.55286
1754589600,756.99597,758.55286
1754589660,756.36151,758.55286
1754589720,756.36151,758.45184
1754589780,756.36151,758.55286
1754589840,756.36151,758.45184
1754589900,756.36151,758.45184
1754589960,756.36151,758.45184
1754590020,756.99597,758.45184
1754590080,756.36151,758.45184
1754590140,756.36151,758.45184
1754590200,756.36151,758.45184
1754590260,756.36151,758.45184
1754590320,756.36151,758.45184
1754590380,756.36151,758.45184
1754590440,756.36151,758.45184
1754590500,756.99597,758.45184
1754590560,756.36151,758.55286
1754590620,756.36151,758.55286
1754590680,756.36151,758.55286
1754590740,756.99597,758.45184
1754590800,756.36151,758.45184
1754590860,756.36151,758.55286
1754590920,756.36151,758.45184
1754590980,756.36151,758.55286
1754591040,756.99597,758.55286
1754591100,756.36151,758.55286
1754591160,756.99597,758.65381
1754591220,756.36151,758.65381
1754591280,756.36151,758.65381
1754591340,756.99597,758.65381
1754591400,756.99597,758.65381
1754591460,756.99597,758.65381
1754591520,756.36151,758.65381
1754591580,756.99597,758.65381
1754591640,756.99597,758.65381
1754591700,756.99597,758.65381
1754591760,756.99597,758.65381
1754591820,756.99597,758.65381
1754591880,756.99597,758.65381
1754591940,756.36151,758.65381
1754592000,756.99597,758.65381
1754592060,756.36151,758.65381
1754592120,756.99597,758.65381
1754592180,756.99597,758.55286
1754592240,756.99597,758.65381
1754592300,756.99597,758.65381
1754592360,756.99597,758.65381
1754592420,756.99597,758.65381
1754592480,756.99597,758.65381
1754592540,756.99597,758.65381
1754592600,756.36151,758.65381
1754592660,756.99597,758.65381
1754592720,756.99597,758.65381
1754592780,756.99597,758.65381
1754592840,756.99597,758.55286
1754592900,756.36151,758.55286
1754592960,756.36151,758.55286
1754593020,756.99597,758.55286
1754593080,756.99597,758.55286
1754593140,756.99597,758.55286
1754593200,756.99597,758.55286
1754593260,756.99597,758.55286
1754593320,756.36151,758.55286
1754593380,756.99597,758.55286
1754593440,756.99597,758.55286
1754593500,756.99597,758.55286
1754593560,756.99597,758.55286
1754593620,756.36151,758.55286
1754593680,756.99597,758.55286
1754593740,756.99597,758.55286
1754593800,756.99597,758.55286
1754593860,756.99597,758.55286
1754593920,756.36151,758.55286
1754593980,756.99597,758.55286
1754594040,756.36151,758.55286
1754594100,756.99597,758.55286
1754594160,756.99597,758.55286
1754594220,756.36151,758.55286
1754594280,756.36151,758.55286
1754594340,756.36151,758.55286
1754594400,756.99597,758.55286
1754594460,756.99597,758.55286
1754594520,756.99597,758.55286
1754594580,756.36151,758.55286
1754594640,756.36151,758.55286
1754594700,756.36151,758.45184
1754594760,756.36151,758.45184
1754594820,756.36151,758.45184
1754594880,756.36151,758.45184
1754594940,756.99597,758.45184
1754595000,756.36151,758.45184
1754595060,756.36151,758.55286
1754595120,756.36151,758.45184
1754595180,756.36151,758.45184
1754595240,756.36151,758.45184
1754595300,756.36151,758.45184
1754595360,756.36151,758.45184
1754595420,756.36151,758.45184
1754595480,756.36151,758.45184
1754595540,756.36151,758.55286
1754595600,756.99597,758.55286
1754595660,756.36151,758.55286
1754595720,756.36151,758.55286
1754595780,756.36151,758.55286
1754595840,756.36151,758.55286
1754595900,756.36151,758.55286
1754595960,756.36151,758.55286
1754596020,756.36151,758.55286
1754596080,756.36151,758.55286
1754596140,756.99597,758.55286
1754596200,756.99597,758.55286
1754596260,756.99597,758.55286
1754596320,756.99597,758.55286
1754596380,756.99597,758.55286
1754596440,756.36151,758.55286
1754596500,756.36151,758.55286
1754596560,756.36151,758.55286
1754596620,756.99597,758.55286
1754596680,756.36151,758.45184
1754596740,756.36151,758.45184
1754596800,756.36151,758.45184
1754596860,756.36151,758.45184
1754596920,756.36151,758.45184
1754596980,756.36151,758.45184
1754597040,756.36151,758.45184
1754597100,756.36151,758.45184
1754597160,756.99597,758.45184
1754597220,756.36151,758.45184
1754597280,756.36151,758.45184
1754597340,756.36151,758.45184
1754597400,756.36151,758.45184
1754597460,756.36151,758.45184
1754597520,756.99597,758.45184
1754597580,756.99597,758.45184
1754597640,756.99597,758.45184
1754597700,756.99597,758.45184
1754597760,756.36151,758.45184
1754597820,756.36151,758.45184
1754597880,756.36151,758.45184
1754597940,756.36151,758.45184
1754598000,756.36151,758.45184
1754598060,756.99597,758.45184
1754598120,756.99597,758.45184
1754598180,756.99597,758.45184
1754598240,756.99597,758.45184
1754598300,756.36151,758.45184
1754598360,756.99597,758.45184
1754598420,756.99597,758.45184
1754598480,756.36151,758.45184
1754598540,756.36151,758.45184
1754598600,756.36151,758.45184
1754598660,756.99597,758.45184
1754598720,756.36151,758.45184
1754598780,756.36151,758.45184
1754598840,756.36151,758.45184
1754598900,756.99597,758.45184
1754598960,756.36151,758.45184
1754599020,756.99597,758.45184
1754599080,756.36151,758.45184
1754599140,756.36151,758.45184
1754599200,756.36151,758.45184
1754599260,756.99597,758.45184
1754599320,756.36151,758.45184
1754599380,756.99597,758.45184
1754599440,756.36151,758.45184
1754599500,756.99597,758.45184
1754599560,756.36151,758.45184
1754599620,756.36151,758.45184
1754599680,756.36151,758.45184
1754599740,756.99597,758.55286
1754599800,756.99597,758.55286
1754599860,756.99597,758.55286
1754599920,756.99597,758.55286
1754599980,756.99597,758.55286
1754600040,756.36151,758.55286
1754600100,756.99597,758.55286
1754600160,756.99597,758.55286
1754600220,756.36151,758.65381
1754600280,756.99597,758.65381
1754600340,756.99597,758.55286
1754600400,756.99597,758.55286
1754600460,756.99597,758.55286
1754600520,756.36151,758.65381
1754600580,756.99597,758.55286
1754600640,756.36151,758.65381
1754600700,756.99597,758.65381
1754600760,756.36151,758.65381
1754600820,756.99597,758.65381
1754600880,756.99597,758.65381
1754600940,756.99597,758.65381
1754601000,756.99597,758.65381
1754601060,756.99597,758.65381
1754601120,756.99597,758.65381
1754601180,756.99597,758.65381
1754601240,756.99597,758.65381
1754601300,756.99597,758.65381
1754601360,756.99597,758.65381
1754601420,756.99597,758.65381
1754601480,756.99597,758.65381
1754601540,756.36151,758.55286
1754601600,756.36151,758.55286
1754601660,756.36151,758.55286
1754601720,756.36151,758.55286
1754601780,756.36151,758.55286
1754601840,756.36151,758.55286
1754601900,756.36151,758.45184
1754601960,756.36151,758.45184
1754602020,756.36151,758.45184
1754602080,756.36151,758.45184
1754602140,756.36151,758.45184
1754602200,756.36151,758.45184
1754602260,756.36151,758.45184
1754602320,756.36151,758.45184
1754602380,756.36151,758.45184
1754602440,756.36151,758.45184
1754602500,756.99597,758.45184
1754602560,756.36151,758.45184
1754602620,756.36151,758.45184
1754602680,756.36151,758.45184
1754602740,756.36151,758.45184
1754602800,756.36151,758.35083
1754602860,756.36151,758.35083
1754602920,756.36151,758.35083
1754602980,756.36151,758.35083
1754603040,756.36151,758.35083
1754603100,756.99597,758.35083
1754603160,756.36151,758.35083
1754603220,756.99597,758.35083
1754603280,756.99597,758.35083
1754603340,756.36151,758.35083
1754603400,756.99597,758.35083
1754603460,756.36151,758.45184
1754603520,756.99597,758.35083
1754603580,756.36151,758.35083
1754603640,756.36151,758.35083
1754603700,756.36151,758.35083
1754603760,756.36151,758.35083
1754603820,756.99597,758.35083
1754603880,756.36151,758.35083
1754603940,756.36151,758.35083
1754604000,756.36151,758.35083
1754604060,756.36151,758.35083
1754604120,756.36151,758.35083
1754604180,756.99597,758.35083
1754604240,756.99597,758.35083
1754604300,756.36151,758.35083
1754604360,756.36151,758.35083
1754604420,756.36151,758.35083
1754604480,756.36151,758.35083
1754604540,756.99597,758.35083
1754604600,756.36151,758.35083
1754604660,756.99597,758.35083
1754604720,756.36151,758.35083
1754604780,756.36151,758.35083
1754604840,756.99597,758.35083
1754604900,756.99597,758.45184
1754604960,756.99597,758.45184
1754605020,756.36151,758.45184
1754605080,756.36151,758.45184
1754605140,756.36151,758.45184
1754605200,756.36151,758.45184
1754605260,756.36151,758.45184
1754605320,756.36151,758.45184
1754605380,756.99597,758.45184
1754605440,756.99597,758.45184
1754605500,756.36151,758.45184
1754605560,756.99597,758.45184
1754605620,756.36151,758.45184
1754605680,756.36151,758.45184
1754605740,756.36151,758.45184
1754605800,756.36151,758.45184
1754605860,756.36151,758.45184
1754605920,756.99597,758.45184
1754605980,756.99597,758.45184
1754606040,756.99597,758.45184
1754606100,756.36151,758.45184
1754606160,756.36151,758.45184
1754606220,756.36151,758.45184
1754606280,756.36151,758.45184
1754606340,756.36151,758.35083
1754606400,756.36151,758.35083
1754606460,756.36151,758.35083
1754606520,756.36151,758.35083
1754606580,756.36151,758.35083
1754606640,756.36151,758.35083
1754606700,756.36151,758.35083
1754606760,756.36151,758.35083
1754606820,756.36151,758.35083
1754606880,756.36151,758.24982
1754606940,756.36151,758.24982
1754607000,756.36151,758.24982
1754607060,756.36151,758.24982
1754607120,756.36151,758.24982
1754607180,756.36151,758.24982
1754607240,756.36151,758.24982
1754607300,756.36151,758.24982
1754607360,756.36151,758.24982
1754607420,756.36151,758.24982
1754607480,756.36151,758.24982
1754607540,756.36151,758.24982
1754607600,756.36151,758.24982
1754607660,756.36151,758.24982
1754607720,756.36151,758.24982
1754607780,756.36151,758.24982
1754607840,756.36151,758.1488
1754607900,756.36151,758.24982
1754607960,756.36151,758.24982
1754608020,756.36151,758.24982
1754608080,756.36151,758.1488
1754608140,756.36151,758.1488
1754608200,756.36151,758.1488
1754608260,756.36151,758.24982
1754608320,756.36151,758.24982
1754608380,756.36151,758.24982
1754608440,756.36151,758.24982
1754608500,756.36151,758.24982
1754608560,756.36151,758.24982
1754608620,756.36151,758.24982
1754608680,756.99597,758.24982
1754608740,756.36151,758.24982
1754608800,756.36151,758.24982
1754608860,756.36151,758.24982
1754608920,756.36151,758.24982
1754608980,756.36151,758.24982
1754609040,756.36151,758.24982
1754609100,756.36151,758.35083
1754609160,756.36151,758.35083
1754609220,756.99597,758.35083
1754609280,756.36151,758.35083
1754609340,756.36151,758.35083
1754609400,756.36151,758.35083
1754609460,756.36151,758.35083
1754609520,756.36151,758.35083
1754609580,756.36151,758.35083
1754609640,756.36151,758.35083
1754609700,756.99597,758.35083
1754609760,756.36151,758.35083
1754609820,756.36151,758.45184
1754609880,756.36151,758.45184
1754609940,756.36151,758.35083
1754610000,756.99597,758.45184
1754610060,756.36151,758.45184
1754610120,756.36151,758.45184
1754610180,756.99597,758.45184
1754610240,756.36151,758.45184
1754610300,756.36151,758.45184
1754610360,756.36151,758.45184
1754610420,756.36151,758.45184
1754610480,756.36151,758.45184
1754610540,756.36151,758.45184
1754610600,756.99597,758.45184
1754610660,756.36151,758.45184
1754610720,756.36151,758.45184
1754610780,756.36151,758.45184
1754610840,756.36151,758.45184
1754610900,756.36151,758.45184
1754610960,756.36151,758.45184
1754611020,756.36151,758.45184
1754611080,756.36151,758.45184
1754611140,756.36151,758.45184
1754611200,756.36151,758.45184
