1754470860,758.35083,23.63766
1754470920,758.45184,23.70053
1754470980,758.45184,23.70053
1754471040,758.45184,23.70053
1754471100,758.45184,23.76339
1754471160,758.45184,23.76339
1754471220,758.45184,23.76339
1754471280,758.55286,23.82626
1754471340,758.55286,23.82626
1754471400,758.55286,23.82626
1754471460,758.55286,23.76339
1754471520,758.55286,23.70053
1754471580,758.55286,23.70053
1754471640,758.55286,23.70053
1754471700,758.55286,23.63766
1754471760,758.55286,23.63766
1754471820,758.55286,23.57479
1754471880,758.45184,23.57479
1754471940,758.45184,23.63766
1754472000,758.45184,23.63766
1754472060,758.45184,23.57479
1754472120,758.45184,23.57479
1754472180,758.45184,23.51193
1754472240,758.45184,23.51193
1754472300,758.45184,23.57479
1754472360,758.45184,23.51193
1754472420,758.45184,23.51193
1754472480,758.45184,23.51193
1754472540,758.45184,23.51193
1754472600,758.45184,23.51193
1754472660,758.45184,23.51193
1754472720,758.45184,23.51193
1754472780,758.45184,23.51193
1754472840,758.45184,23.51193
1754472900,758.35083,23.51193
1754472960,758.35083,23.51193
1754473020,758.35083,23.51193
1754473080,758.35083,23.51193
1754473140,758.35083,23.51193
1754473200,758.35083,23.51193
1754473260,758.35083,23.44906
1754473320,758.35083,23.44906
1754473380,758.35083,23.44906
1754473440,758.35083,23.44906
1754473500,758.35083,23.44906
1754473560,758.35083,23.44906
1754473620,758.35083,23.3862
1754473680,758.35083,23.3862
1754473740,758.35083,23.3862
1754473800,758.24982,23.3862
1754473860,758.24982,23.3862
1754473920,758.24982,23.3862
1754473980,758.24982,23.3862
1754474040,758.24982,23.3862
1754474100,758.24982,23.3862
1754474160,758.24982,23.3862
1754474220,758.24982,23.3862
1754474280,758.24982,23.3862
1754474340,758.24982,23.32333
1754474400,758.24982,23.3862
1754474460,758.24982,23.3862
1754474520,758.24982,23.3862
1754474580,758.24982,23.3862
1754474640,758.24982,23.32333
1754474700,758.24982,23.32333
1754474760,758.24982,23.32333
1754474820,758.24982,23.3862
1754474880,758.24982,23.3862
1754474940,758.24982,23.3862
1754475000,758.24982,23.3862
1754475060,758.24982,23.44906
1754475120,758.24982,23.44906
1754475180,758.24982,23.44906
1754475240,758.24982,23.3862
1754475300,758.24982,23.3862
1754475360,758.24982,23.44906
1754475420,758.24982,23.44906
1754475480,758.24982,23.44906
1754475540,758.24982,23.51193
1754475600,758.24982,23.57479
1754475660,758.24982,23.63766
1754475720,758.35083,23.63766
1754475780,758.35083,23.70053
1754475840,758.35083,23.70053
1754475900,758.35083,23.70053
1754475960,758.35083,23.70053
1754476020,758.35083,23.70053
1754476080,758.35083,23.70053
1754476140,758.35083,23.70053
1754476200,758.35083,23.70053
1754476260,758.35083,23.70053
1754476320,758.35083,23.63766
1754476380,758.35083,23.63766
1754476440,758.35083,23.63766
1754476500,758.35083,23.57479
1754476560,758.35083,23.57479
1754476620,758.35083,23.57479
1754476680,758.35083,23.57479
1754476740,758.35083,23.57479
1754476800,758.35083,23.57479
1754476860,758.35083,23.57479
1754476920,758.35083,23.51193
1754476980,758.35083,23.44906
1754477040,758.35083,23.44906
1754477100,758.35083,23.44906
1754477160,758.35083,23.44906
1754477220,758.35083,23.3862
1754477280,758.35083,23.3862
1754477340,758.35083,23.3862
1754477400,758.35083,23.3862
1754477460,758.35083,23.3862
1754477520,758.35083,23.3862
1754477580,758.35083,23.3862
1754477640,758.35083,23.3862
1754477700,758.35083,23.44906
1754477760,758.35083,23.44906
1754477820,758.35083,23.51193
1754477880,758.35083,23.51193
1754477940,758.35083,23.51193
1754478000,758.35083,23.51193
1754478060,758.35083,23.44906
1754478120,758.24982,23.44906
1754478180,758.24982,23.44906
1754478240,758.24982,23.44906
1754478300,758.24982,23.44906
1754478360,758.24982,23.44906
1754478420,758.24982,23.44906
1754478480,758.24982,23.3862
1754478540,758.24982,23.44906
1754478600,758.24982,23.44906
1754478660,758.24982,23.44906
1754478720,758.35083,23.51193
1754478780,758.35083,23.51193
1754478840,758.35083,23.44906
1754478900,758.35083,23.44906
1754478960,758.35083,23.51193
1754479020,758.35083,23.51193
1754479080,758.35083,23.57479
1754479140,758.35083,23.51193
1754479200,758.35083,23.57479
1754479260,758.35083,23.57479
1754479320,758.35083,23.57479
1754479380,758.35083,23.63766
1754479440,758.35083,23.63766
1754479500,758.35083,23.63766
1754479560,758.35083,23.63766
1754479620,758.35083,23.70053
1754479680,758.35083,23.70053
1754479740,758.35083,23.70053
1754479800,758.35083,23.76339
1754479860,758.45184,23.76339
1754479920,758.45184,23.76339
1754479980,758.45184,23.76339
1754480040,758.45184,23.82626
1754480100,758.45184,23.82626
1754480160,758.45184,23.88913
1754480220,758.45184,23.88913
1754480280,758.45184,23.88913
1754480340,758.45184,23.82626
1754480400,758.45184,23.76339
1754480460,758.45184,23.76339
1754480520,758.45184,23.76339
1754480580,758.45184,23.70053
1754480640,758.45184,23.70053
1754480700,758.45184,23.70053
1754480760,758.45184,23.63766
1754480820,758.45184,23.57479
1754480880,758.45184,23.51193
1754480940,758.55286,23.51193
1754481000,758.55286,23.51193
1754481060,758.55286,23.51193
1754481120,758.55286,23.44906
1754481180,758.55286,23.44906
1754481240,758.55286,23.44906
1754481300,758.55286,23.3862
1754481360,758.55286,23.3862
1754481420,758.55286,23.3862
1754481480,758.55286,23.3862
1754481540,758.45184,23.3862
1754481600,758.45184,23.3862
1754481660,758.45184,23.32333
1754481720,758.45184,23.32333
1754481780,758.45184,23.32333
1754481840,758.45184,23.32333
1754481900,758.45184,23.32333
1754481960,758.45184,23.32333
1754482020,758.45184,23.32333
1754482080,758.45184,23.32333
1754482140,758.45184,23.32333
1754482200,758.45184,23.32333
1754482260,758.45184,23.32333
1754482320,758.45184,23.26046
1754482380,758.45184,23.26046
1754482440,758.45184,23.32333
1754482500,758.45184,23.32333
1754482560,758.45184,23.32333
1754482620,758.45184,23.32333
1754482680,758.45184,23.26046
1754482740,758.45184,23.26046
1754482800,758.45184,23.26046
1754482860,758.45184,23.26046
1754482920,758.45184,23.26046
1754482980,758.35083,23.26046
1754483040,758.35083,23.26046
1754483100,758.35083,23.26046
1754483160,758.35083,23.26046
1754483220,758.35083,23.26046
1754483280,758.35083,23.26046
1754483340,758.35083,23.1976
1754483400,758.35083,23.1976
1754483460,758.35083,23.1976
1754483520,758.35083,23.1976
1754483580,758.35083,23.26046
1754483640,758.35083,23.26046
1754483700,758.35083,23.26046
1754483760,758.35083,23.26046
1754483820,758.35083,23.26046
1754483880,758.35083,23.32333
1754483940,758.35083,23.26046
1754484000,758.35083,23.32333
1754484060,758.35083,23.32333
1754484120,758.35083,23.26046
1754484180,758.35083,23.26046
1754484240,758.35083,23.26046
1754484300,758.35083,23.32333
1754484360,758.35083,23.32333
1754484420,758.35083,23.32333
1754484480,758.35083,23.32333
1754484540,758.35083,23.32333
1754484600,758.35083,23.3862
1754484660,758.35083,23.3862
1754484720,758.35083,23.3862
1754484780,758.35083,23.3862
1754484840,758.35083,23.44906
1754484900,758.35083,23.44906
1754484960,758.35083,23.44906
1754485020,758.35083,23.44906
1754485080,758.35083,23.51193
1754485140,758.35083,23.51193
1754485200,758.35083,23.51193
1754485260,758.35083,23.57479
1754485320,758.45184,23.57479
1754485380,758.45184,23.63766
1754485440,758.45184,23.63766
1754485500,758.45184,23.70053
1754485560,758.45184,23.70053
1754485620,758.45184,23.70053
1754485680,758.45184,23.70053
1754485740,758.45184,23.76339
1754485800,758.45184,23.70053
1754485860,758.45184,23.70053
1754485920,758.45184,23.70053
1754485980,758.45184,23.63766
1754486040,758.45184,23.63766
1754486100,758.45184,23.57479
1754486160,758.45184,23.63766
1754486220,758.45184,23.63766
1754486280,758.45184,23.57479
1754486340,758.45184,23.57479
1754486400,758.45184,23.51193
1754486460,758.45184,23.51193
1754486520,758.45184,23.51193
1754486580,758.45184,23.44906
1754486640,758.35083,23.51193
1754486700,758.35083,23.44906
1754486760,758.35083,23.44906
1754486820,758.35083,23.44906
1754486880,758.35083,23.44906
1754486940,758.35083,23.44906
1754487000,758.35083,23.44906
1754487060,758.35083,23.44906
1754487120,758.35083,23.51193
1754487180,758.35083,23.44906
1754487240,758.35083,23.51193
1754487300,758.35083,23.51193
1754487360,758.45184,23.44906
1754487420,758.45184,23.51193
1754487480,758.45184,23.57479
1754487540,758.45184,23.51193
1754487600,758.45184,23.51193
1754487660,758.45184,23.51193
1754487720,758.45184,23.51193
1754487780,758.45184,23.51193
1754487840,758.45184,23.44906
1754487900,758.45184,23.44906
1754487960,758.45184,23.51193
1754488020,758.55286,23.51193
1754488080,758.55286,23.44906
1754488140,758.55286,23.44906
1754488200,758.55286,23.51193
1754488260,758.55286,23.44906
1754488320,758.55286,23.44906
1754488380,758.55286,23.44906
1754488440,758.55286,23.44906
1754488500,758.55286,23.44906
1754488560,758.55286,23.44906
1754488620,758.55286,23.3862
1754488680,758.55286,23.44906
1754488740,758.55286,23.44906
1754488800,758.55286,23.44906
1754488860,758.55286,23.44906
1754488920,758.55286,23.44906
1754488980,758.55286,23.51193
1754489040,758.55286,23.51193
1754489100,758.55286,23.51193
1754489160,758.55286,23.44906
1754489220,758.55286,23.44906
1754489280,758.55286,23.44906
1754489340,758.55286,23.44906
1754489400,758.55286,23.51193
1754489460,758.55286,23.57479
1754489520,758.55286,23.57479
1754489580,758.55286,23.57479
1754489640,758.55286,23.57479
1754489700,758.55286,23.57479
1754489760,758.55286,23.51193
1754489820,758.55286,23.51193
1754489880,758.55286,23.57479
1754489940,758.55286,23.57479
1754490000,758.55286,23.57479
1754490060,758.55286,23.57479
1754490120,758.55286,23.57479
1754490180,758.55286,23.63766
1754490240,758.55286,23.63766
1754490300,758.55286,23.63766
1754490360,758.55286,23.70053
1754490420,758.55286,23.70053
1754490480,758.55286,23.63766
1754490540,758.55286,23.63766
1754490600,758.55286,23.63766
1754490660,758.55286,23.63766
1754490720,758.55286,23.63766
1754490780,758.55286,23.63766
1754490840,758.55286,23.63766
1754490900,758.55286,23.57479
1754490960,758.55286,23.51193
1754491020,758.55286,23.57479
1754491080,758.55286,23.51193
1754491140,758.55286,23.51193
1754491200,758.55286,23.51193
1754491260,758.55286,23.51193
1754491320,758.55286,23.57479
1754491380,758.55286,23.63766
1754491440,758.55286,23.57479
1754491500,758.55286,23.57479
1754491560,758.55286,23.57479
1754491620,758.55286,23.57479
1754491680,758.55286,23.63766
1754491740,758.55286,23.57479
1754491800,758.55286,23.63766
1754491860,758.55286,23.57479
1754491920,758.55286,23.63766
1754491980,758.55286,23.57479
1754492040,758.65381,23.63766
1754492100,758.65381,23.63766
1754492160,758.65381,23.63766
1754492220,758.65381,23.63766
1754492280,758.65381,23.63766
1754492340,758.55286,23.57479
1754492400,758.65381,23.57479
1754492460,758.55286,23.51193
1754492520,758.55286,23.51193
1754492580,758.55286,23.51193
1754492640,758.55286,23.44906
1754492700,758.55286,23.44906
1754492760,758.65381,23.44906
1754492820,758.65381,23.51193
1754492880,758.65381,23.51193
1754492940,758.65381,23.51193
1754493000,758.65381,23.51193
1754493060,758.65381,23.51193
1754493120,758.65381,23.44906
1754493180,758.65381,23.51193
1754493240,758.65381,23.51193
1754493300,758.65381,23.44906
1754493360,758.65381,23.51193
1754493420,758.65381,23.51193
1754493480,758.65381,23.51193
1754493540,758.65381,23.51193
1754493600,758.65381,23.51193
1754493660,758.65381,23.44906
1754493720,758.65381,23.44906
1754493780,758.65381,23.44906
1754493840,758.65381,23.44906
1754493900,758.65381,23.44906
1754493960,758.65381,23.44906
1754494020,758.65381,23.44906
1754494080,758.65381,23.3862
1754494140,758.65381,23.3862
1754494200,758.65381,23.3862
1754494260,758.65381,23.44906
1754494320,758.65381,23.44906
1754494380,758.65381,23.3862
1754494440,758.65381,23.3862
1754494500,758.65381,23.44906
1754494560,758.65381,23.44906
1754494620,758.65381,23.44906
1754494680,758.65381,23.44906
1754494740,758.65381,23.44906
1754494800,758.65381,23.44906
1754494860,758.65381,23.57479
1754494920,758.65381,23.57479
1754494980,758.65381,23.63766
1754495040,758.65381,23.70053
1754495100,758.65381,23.76339
1754495160,758.65381,23.76339
1754495220,758.65381,23.70053
1754495280,758.65381,23.76339
1754495340,758.65381,23.76339
1754495400,758.65381,23.76339
1754495460,758.65381,23.70053
1754495520,758.65381,23.63766
1754495580,758.65381,23.63766
1754495640,758.65381,23.63766
1754495700,758.65381,23.63766
1754495760,758.65381,23.63766
1754495820,758.55286,23.63766
1754495880,758.55286,23.57479
1754495940,758.55286,23.63766
1754496000,758.55286,23.63766
1754496060,758.55286,23.57479
1754496120,758.55286,23.57479
1754496180,758.65381,23.57479
1754496240,758.55286,23.63766
1754496300,758.55286,23.63766
1754496360,758.55286,23.63766
1754496420,758.65381,23.63766
1754496480,758.55286,23.63766
1754496540,758.55286,23.63766
1754496600,758.55286,23.63766
1754496660,758.55286,23.63766
1754496720,758.55286,23.70053
1754496780,758.55286,23.70053
1754496840,758.55286,23.70053
1754496900,758.55286,23.70053
1754496960,758.55286,23.70053
1754497020,758.65381,23.76339
1754497080,758.65381,23.70053
1754497140,758.65381,23.70053
1754497200,758.55286,23.76339
1754497260,758.55286,23.76339
1754497320,758.55286,23.70053
1754497380,758.55286,23.70053
1754497440,758.55286,23.70053
1754497500,758.55286,23.63766
1754497560,758.55286,23.70053
1754497620,758.55286,23.63766
1754497680,758.55286,23.63766
1754497740,758.55286,23.57479
1754497800,758.55286,23.51193
1754497860,758.55286,23.44906
1754497920,758.55286,23.44906
1754497980,758.55286,23.44906
1754498040,758.55286,23.44906
1754498100,758.55286,23.44906
1754498160,758.45184,23.44906
1754498220,758.45184,23.44906
1754498280,758.45184,23.3862
1754498340,758.45184,23.32333
1754498400,758.45184,23.32333
1754498460,758.45184,23.3862
1754498520,758.45184,23.3862
1754498580,758.45184,23.3862
1754498640,758.45184,23.32333
1754498700,758.45184,23.3862
1754498760,758.45184,23.3862
1754498820,758.45184,23.32333
1754498880,758.45184,23.32333
1754498940,758.45184,23.32333
1754499000,758.45184,23.32333
1754499060,758.45184,23.26046
1754499120,758.55286,23.32333
1754499180,758.55286,23.32333
1754499240,758.55286,23.32333
1754499300,758.55286,23.32333
1754499360,758.55286,23.32333
1754499420,758.55286,23.3862
1754499480,758.55286,23.32333
1754499540,758.55286,23.32333
1754499600,758.65381,23.3862
1754499660,758.65381,23.3862
1754499720,758.65381,23.3862
1754499780,758.65381,23.44906
1754499840,758.65381,23.51193
1754499900,758.65381,23.57479
1754499960,758.65381,23.51193
1754500020,758.65381,23.57479
1754500080,758.75482,23.57479
1754500140,758.75482,23.57479
1754500200,758.75482,23.51193
1754500260,758.75482,23.51193
1754500320,758.65381,23.51193
1754500380,758.65381,23.51193
1754500440,758.65381,23.44906
1754500500,758.75482,23.44906
1754500560,758.75482,23.44906
1754500620,758.75482,23.3862
1754500680,758.65381,23.3862
1754500740,758.65381,23.3862
1754500800,758.65381,23.44906
1754500860,758.65381,23.44906
1754500920,758.65381,23.44906
1754500980,758.65381,23.44906
1754501040,758.65381,23.44906
1754501100,758.65381,23.44906
1754501160,758.65381,23.44906
1754501220,758.65381,23.44906
1754501280,758.65381,23.44906
1754501340,758.65381,23.44906
1754501400,758.65381,23.44906
1754501460,758.65381,23.51193
1754501520,758.65381,23.51193
1754501580,758.65381,23.51193
1754501640,758.55286,23.51193
1754501700,758.55286,23.57479
1754501760,758.55286,23.57479
1754501820,758.55286,23.57479
1754501880,758.55286,23.57479
1754501940,758.55286,23.57479
1754502000,758.55286,23.63766
1754502060,758.55286,23.70053
1754502120,758.55286,23.63766
1754502180,758.55286,23.70053
1754502240,758.55286,23.70053
1754502300,758.55286,23.76339
1754502360,758.55286,23.76339
1754502420,758.55286,23.76339
1754502480,758.55286,23.76339
1754502540,758.55286,23.76339
1754502600,758.55286,23.82626
1754502660,758.55286,23.82626
1754502720,758.55286,23.82626
1754502780,758.55286,23.82626
1754502840,758.55286,23.88913
1754502900,758.55286,23.82626
1754502960,758.55286,23.76339
1754503020,758.55286,23.76339
1754503080,758.55286,23.76339
1754503140,758.55286,23.76339
1754503200,758.55286,23.76339
1754503260,758.55286,23.82626
1754503320,758.55286,23.76339
1754503380,758.65381,23.63766
1754503440,758.65381,23.57479
1754503500,758.65381,23.57479
1754503560,758.65381,23.51193
1754503620,758.65381,23.51193
1754503680,758.65381,23.51193
1754503740,758.65381,23.51193
1754503800,758.65381,23.51193
1754503860,758.65381,23.51193
1754503920,758.65381,23.51193
1754503980,758.65381,23.51193
1754504040,758.65381,23.51193
1754504100,758.65381,23.51193
1754504160,758.75482,23.51193
1754504220,758.75482,23.51193
1754504280,758.75482,23.51193
1754504340,758.75482,23.57479
1754504400,758.75482,23.57479
1754504460,758.75482,23.57479
1754504520,758.75482,23.63766
1754504580,758.75482,23.70053
1754504640,758.75482,23.70053
1754504700,758.85583,23.76339
1754504760,758.85583,23.70053
1754504820,758.85583,23.70053
1754504880,758.85583,23.70053
1754504940,758.95685,23.70053
1754505000,758.95685,23.70053
1754505060,758.95685,23.70053
1754505120,758.95685,23.70053
1754505180,758.95685,23.63766
1754505240,758.95685,23.63766
1754505300,758.95685,23.63766
1754505360,758.95685,23.63766
1754505420,758.95685,23.76339
1754505480,758.95685,23.70053
1754505540,758.95685,23.63766
1754505600,758.95685,23.63766
1754505660,758.95685,23.70053
1754505720,758.95685,23.70053
1754505780,758.95685,23.70053
1754505840,758.95685,23.70053
1754505900,758.95685,23.63766
1754505960,758.95685,23.63766
1754506020,758.95685,23.70053
1754506080,758.95685,23.63766
1754506140,758.95685,23.63766
1754506200,758.95685,23.63766
1754506260,758.95685,23.57479
1754506320,758.95685,23.57479
1754506380,758.85583,23.51193
1754506440,758.85583,23.44906
1754506500,758.85583,23.3862
1754506560,758.85583,23.32333
1754506620,758.85583,23.3862
1754506680,758.85583,23.26046
1754506740,758.85583,23.1976
1754506800,758.85583,23.1976
1754506860,758.85583,23.1976
1754506920,758.85583,23.13473
1754506980,758.85583,23.13473
1754507040,758.85583,23.1976
1754507100,758.75482,23.1976
1754507160,758.75482,23.1976
1754507220,758.75482,23.13473
1754507280,758.85583,23.13473
1754507340,758.75482,23.1976
1754507400,758.85583,23.1976
1754507460,758.75482,23.1976
1754507520,758.75482,23.1976
1754507580,758.75482,23.1976
1754507640,758.75482,23.1976
1754507700,758.75482,23.26046
1754507760,758.75482,23.32333
1754507820,758.75482,23.32333
1754507880,758.75482,23.26046
1754507940,758.75482,23.26046
1754508000,758.75482,23.26046
1754508060,758.75482,23.26046
1754508120,758.75482,23.26046
1754508180,758.75482,23.1976
1754508240,758.75482,23.1976
1754508300,758.75482,23.1976
1754508360,758.75482,23.1976
1754508420,758.75482,23.1976
1754508480,758.75482,23.26046
1754508540,758.75482,23.26046
1754508600,758.75482,23.32333
1754508660,758.75482,23.32333
1754508720,758.75482,23.32333
1754508780,758.75482,23.32333
1754508840,758.75482,23.32333
1754508900,758.75482,23.26046
1754508960,758.75482,23.3862
1754509020,758.75482,23.44906
1754509080,758.75482,23.44906
1754509140,758.85583,23.3862
1754509200,758.75482,23.51193
1754509260,758.75482,23.51193
1754509320,758.85583,23.51193
1754509380,758.85583,23.51193
1754509440,758.85583,23.57479
1754509500,758.85583,23.63766
1754509560,758.85583,23.63766
1754509620,758.85583,23.76339
1754509680,758.85583,23.76339
1754509740,758.85583,23.70053
1754509800,758.85583,23.70053
1754509860,758.85583,23.63766
1754509920,758.85583,23.70053
1754509980,758.85583,23.63766
1754510040,758.85583,23.63766
1754510100,758.85583,23.63766
1754510160,758.85583,23.57479
1754510220,758.85583,23.57479
1754510280,758.85583,23.57479
1754510340,758.85583,23.63766
1754510400,758.85583,23.63766
1754510460,758.85583,23.57479
1754510520,758.85583,23.51193
1754510580,758.85583,23.51193
1754510640,758.85583,23.51193
1754510700,758.85583,23.51193
1754510760,758.85583,23.44906
1754510820,758.85583,23.44906
1754510880,758.85583,23.51193
1754510940,758.85583,23.51193
1754511000,758.85583,23.44906
1754511060,758.85583,23.3862
1754511120,758.75482,23.3862
1754511180,758.75482,23.3862
1754511240,758.75482,23.3862
1754511300,758.75482,23.32333
1754511360,758.75482,23.32333
1754511420,758.75482,23.32333
1754511480,758.75482,23.32333
1754511540,758.75482,23.32333
1754511600,758.75482,23.32333
1754511660,758.75482,23.32333
1754511720,758.65381,23.26046
1754511780,758.65381,23.26046
1754511840,758.65381,23.26046
1754511900,758.65381,23.26046
1754511960,758.65381,23.26046
1754512020,758.65381,23.26046
1754512080,758.65381,23.1976
1754512140,758.65381,23.26046
1754512200,758.65381,23.1976
1754512260,758.65381,23.26046
1754512320,758.65381,23.26046
1754512380,758.65381,23.26046
1754512440,758.65381,23.26046
1754512500,758.65381,23.26046
1754512560,758.65381,23.26046
1754512620,758.65381,23.26046
1754512680,758.65381,23.26046
1754512740,758.55286,23.26046
1754512800,758.55286,23.26046
1754512860,758.55286,23.26046
1754512920,758.55286,23.26046
1754512980,758.55286,23.26046
1754513040,758.55286,23.26046
1754513100,758.55286,23.26046
1754513160,758.55286,23.1976
1754513220,758.55286,23.26046
1754513280,758.65381,23.1976
1754513340,758.65381,23.26046
1754513400,758.65381,23.26046
1754513460,758.65381,23.26046
1754513520,758.65381,23.26046
1754513580,758.65381,23.32333
1754513640,758.65381,23.32333
1754513700,758.75482,23.32333
1754513760,758.75482,23.32333
1754513820,758.75482,23.3862
1754513880,758.75482,23.3862
1754513940,758.75482,23.3862
1754514000,758.75482,23.3862
1754514060,758.75482,23.44906
1754514120,758.75482,23.44906
1754514180,758.75482,23.51193
1754514240,758.75482,23.57479
1754514300,758.75482,23.57479
1754514360,758.75482,23.63766
1754514420,758.85583,23.63766
1754514480,758.85583,23.70053
1754514540,758.85583,23.70053
1754514600,758.85583,23.70053
1754514660,758.85583,23.76339
1754514720,758.85583,23.70053
1754514780,758.85583,23.63766
1754514840,758.85583,23.63766
1754514900,758.85583,23.57479
1754514960,758.85583,23.57479
1754515020,758.85583,23.70053
1754515080,758.85583,23.70053
1754515140,758.95685,23.70053
1754515200,758.85583,23.70053
1754515260,758.85583,23.70053
1754515320,758.85583,23.63766
1754515380,758.85583,23.63766
1754515440,758.95685,23.63766
1754515500,758.95685,23.63766
1754515560,758.85583,23.70053
1754515620,758.85583,23.76339
1754515680,758.85583,23.76339
1754515740,758.85583,23.70053
1754515800,758.85583,23.70053
1754515860,758.85583,23.70053
1754515920,758.85583,23.63766
1754515980,758.85583,23.63766
1754516040,758.85583,23.63766
1754516100,758.85583,23.63766
1754516160,758.85583,23.63766
1754516220,758.85583,23.63766
1754516280,758.75482,23.63766
1754516340,758.75482,23.63766
1754516400,758.75482,23.63766
1754516460,758.75482,23.63766
1754516520,758.75482,23.63766
1754516580,758.75482,23.63766
1754516640,758.75482,23.57479
1754516700,758.75482,23.57479
1754516760,758.75482,23.57479
1754516820,758.75482,23.57479
1754516880,758.75482,23.63766
1754516940,758.75482,23.57479
1754517000,758.75482,23.57479
1754517060,758.75482,23.57479
1754517120,758.65381,23.57479
1754517180,758.65381,23.57479
1754517240,758.65381,23.57479
1754517300,758.65381,23.51193
1754517360,758.65381,23.51193
1754517420,758.65381,23.51193
1754517480,758.65381,23.51193
1754517540,758.65381,23.51193
1754517600,758.65381,23.51193
1754517660,758.65381,23.51193
1754517720,758.65381,23.44906
1754517780,758.55286,23.44906
1754517840,758.55286,23.44906
1754517900,758.55286,23.44906
1754517960,758.55286,23.44906
1754518020,758.55286,23.44906
1754518080,758.55286,23.44906
1754518140,758.55286,23.51193
1754518200,758.55286,23.44906
1754518260,758.55286,23.44906
1754518320,758.55286,23.44906
1754518380,758.55286,23.44906
1754518440,758.55286,23.51193
1754518500,758.65381,23.51193
1754518560,758.55286,23.57479
1754518620,758.65381,23.51193
1754518680,758.55286,23.51193
1754518740,758.55286,23.51193
1754518800,758.55286,23.51193
1754518860,758.65381,23.51193
1754518920,758.65381,23.57479
1754518980,758.65381,23.57479
1754519040,758.65381,23.63766
1754519100,758.65381,23.70053
1754519160,758.65381,23.76339
1754519220,758.65381,23.82626
1754519280,758.65381,23.76339
1754519340,758.65381,23.76339
1754519400,758.65381,23.76339
1754519460,758.65381,23.76339
1754519520,758.65381,23.76339
1754519580,758.65381,23.70053
1754519640,758.55286,23.70053
1754519700,758.55286,23.63766
1754519760,758.55286,23.63766
1754519820,758.55286,23.63766
1754519880,758.55286,23.57479
1754519940,758.55286,23.51193
1754520000,758.55286,23.51193
1754520060,758.55286,23.51193
1754520120,758.55286,23.44906
1754520180,758.55286,23.44906
1754520240,758.55286,23.44906
1754520300,758.55286,23.44906
1754520360,758.55286,23.44906
1754520420,758.55286,23.44906
1754520480,758.45184,23.3862
1754520540,758.45184,23.3862
1754520600,758.45184,23.3862
1754520660,758.45184,23.3862
1754520720,758.45184,23.44906
1754520780,758.45184,23.44906
1754520840,758.45184,23.44906
1754520900,758.45184,23.44906
1754520960,758.45184,23.44906
1754521020,758.45184,23.3862
1754521080,758.45184,23.3862
1754521140,758.45184,23.3862
1754521200,758.45184,23.3862
1754521260,758.45184,23.3862
1754521320,758.45184,23.3862
1754521380,758.45184,23.3862
1754521440,758.45184,23.3862
1754521500,758.04779,23.3862
1754521560,758.45184,23.3862
1754521620,758.35083,23.3862
1754521680,758.35083,23.3862
1754521740,758.35083,23.3862
1754521800,758.35083,23.3862
1754521860,758.45184,23.44906
1754521920,758.45184,23.3862
1754521980,758.45184,23.3862
1754522040,758.45184,23.3862
1754522100,758.45184,23.32333
1754522160,758.45184,23.32333
1754522220,758.45184,23.32333
1754522280,758.45184,23.32333
1754522340,758.45184,23.32333
1754522400,758.45184,23.32333
1754522460,758.45184,23.32333
1754522520,758.45184,23.26046
1754522580,758.45184,23.26046
1754522640,758.45184,23.26046
1754522700,758.45184,23.32333
1754522760,758.45184,23.32333
1754522820,758.45184,23.26046
1754522880,758.45184,23.3862
1754522940,758.45184,23.32333
1754523000,758.45184,23.32333
1754523060,758.45184,23.3862
1754523120,758.45184,23.32333
1754523180,758.45184,23.44906
1754523240,758.45184,23.3862
1754523300,758.45184,23.3862
1754523360,758.45184,23.3862
1754523420,758.45184,23.3862
1754523480,758.45184,23.32333
1754523540,758.45184,23.32333
1754523600,758.45184,23.32333
1754523660,758.45184,23.3862
1754523720,758.45184,23.44906
1754523780,758.45184,23.44906
1754523840,758.45184,23.44906
1754523900,758.45184,23.51193
1754523960,758.45184,23.51193
1754524020,758.45184,23.57479
1754524080,758.45184,23.57479
1754524140,758.45184,23.57479
1754524200,758.45184,23.57479
1754524260,758.45184,23.51193
1754524320,758.45184,23.51193
1754524380,758.45184,23.51193
1754524440,758.45184,23.44906
1754524500,758.45184,23.44906
1754524560,758.45184,23.3862
1754524620,758.35083,23.3862
1754524680,758.35083,23.3862
1754524740,758.35083,23.3862
1754524800,758.35083,23.3862
1754524860,758.35083,23.3862
1754524920,758.35083,23.3862
1754524980,758.35083,23.3862
1754525040,758.35083,23.3862
1754525100,758.35083,23.32333
1754525160,758.35083,23.32333
1754525220,758.35083,23.32333
1754525280,758.24982,23.32333
1754525340,758.24982,23.32333
1754525400,758.24982,23.32333
1754525460,758.24982,23.32333
1754525520,758.24982,23.32333
1754525580,758.24982,23.32333
1754525640,758.24982,23.32333
1754525700,758.24982,23.32333
1754525760,758.24982,23.32333
1754525820,758.24982,23.32333
1754525880,758.24982,23.32333
1754525940,758.24982,23.32333
1754526000,758.24982,23.3862
1754526060,758.24982,23.32333
1754526120,758.24982,23.32333
1754526180,758.24982,23.32333
1754526240,758.24982,23.32333
1754526300,758.24982,23.32333
1754526360,758.24982,23.32333
1754526420,758.24982,23.32333
1754526480,758.24982,23.32333
1754526540,758.24982,23.32333
1754526600,758.24982,23.26046
1754526660,758.24982,23.32333
1754526720,758.24982,23.32333
1754526780,758.24982,23.32333
1754526840,758.24982,23.26046
1754526900,758.24982,23.32333
1754526960,758.24982,23.32333
1754527020,758.24982,23.32333
1754527080,758.24982,23.32333
1754527140,758.24982,23.32333
1754527200,758.1488,23.32333
1754527260,758.1488,23.32333
1754527320,758.1488,23.32333
1754527380,758.1488,23.32333
1754527440,758.1488,23.26046
1754527500,758.1488,23.32333
1754527560,758.1488,23.32333
1754527620,758.1488,23.32333
1754527680,758.1488,23.32333
1754527740,758.1488,23.32333
1754527800,758.1488,23.32333
1754527860,758.1488,23.32333
1754527920,758.1488,23.32333
1754527980,758.24982,23.32333
1754528040,758.24982,23.3862
1754528100,758.24982,23.3862
1754528160,758.24982,23.3862
1754528220,758.24982,23.3862
1754528280,758.24982,23.3862
1754528340,758.24982,23.3862
1754528400,758.24982,23.3862
1754528460,758.24982,23.44906
1754528520,758.24982,23.51193
1754528580,758.24982,23.51193
1754528640,758.24982,23.57479
1754528700,758.24982,23.63766
1754528760,758.24982,23.63766
1754528820,758.24982,23.63766
1754528880,758.24982,23.63766
1754528940,758.24982,23.63766
1754529000,758.24982,23.63766
1754529060,758.24982,23.63766
1754529120,758.24982,23.63766
1754529180,758.1488,23.57479
1754529240,758.1488,23.57479
1754529300,758.1488,23.57479
1754529360,758.1488,23.57479
1754529420,758.1488,23.57479
1754529480,758.1488,23.57479
1754529540,758.1488,23.57479
1754529600,758.1488,23.57479
1754529660,758.1488,23.57479
1754529720,758.1488,23.57479
1754529780,758.1488,23.57479
1754529840,758.1488,23.57479
1754529900,758.1488,23.57479
1754529960,758.1488,23.57479
1754530020,758.1488,23.57479
1754530080,758.1488,23.57479
1754530140,758.1488,23.57479
1754530200,758.04779,23.44906
1754530260,758.04779,23.44906
1754530320,758.04779,23.44906
1754530380,758.04779,23.44906
1754530440,758.04779,23.44906
1754530500,758.04779,23.44906
1754530560,758.04779,23.3862
1754530620,758.1488,23.44906
1754530680,758.1488,23.3862
1754530740,758.1488,23.44906
1754530800,758.1488,23.3862
1754530860,758.1488,23.3862
1754530920,758.04779,23.44906
1754530980,758.04779,23.3862
1754531040,758.04779,23.3862
1754531100,758.04779,23.3862
1754531160,758.04779,23.3862
1754531220,758.1488,23.3862
1754531280,758.1488,23.3862
1754531340,758.1488,23.3862
1754531400,758.1488,23.3862
1754531460,758.1488,23.44906
1754531520,758.1488,23.3862
1754531580,758.1488,23.3862
1754531640,758.1488,23.44906
1754531700,758.1488,23.44906
1754531760,758.1488,23.44906
1754531820,758.1488,23.44906
1754531880,758.1488,23.44906
1754531940,758.1488,23.44906
1754532000,758.1488,23.44906
1754532060,758.1488,23.44906
1754532120,758.1488,23.44906
1754532180,758.1488,23.44906
1754532240,758.1488,23.44906
1754532300,758.1488,23.44906
1754532360,758.1488,23.44906
1754532420,758.1488,23.44906
1754532480,758.1488,23.44906
1754532540,758.1488,23.44906
1754532600,758.1488,23.44906
1754532660,758.1488,23.44906
1754532720,758.1488,23.51193
1754532780,758.1488,23.51193
1754532840,758.1488,23.51193
1754532900,758.24982,23.51193
1754532960,758.24982,23.51193
1754533020,758.24982,23.51193
1754533080,758.24982,23.51193
1754533140,758.24982,23.51193
1754533200,758.24982,23.57479
1754533260,758.24982,23.57479
1754533320,758.24982,23.63766
1754533380,758.24982,23.70053
1754533440,758.24982,23.70053
1754533500,758.24982,23.76339
1754533560,758.24982,23.82626
1754533620,758.24982,23.82626
1754533680,758.24982,23.88913
1754533740,758.24982,23.82626
1754533800,758.24982,23.82626
1754533860,758.24982,23.82626
1754533920,758.24982,23.76339
1754533980,758.24982,23.76339
1754534040,758.24982,23.76339
1754534100,758.1488,23.70053
1754534160,758.1488,23.70053
1754534220,758.1488,23.63766
1754534280,758.1488,23.63766
1754534340,758.1488,23.63766
1754534400,758.1488,23.63766
1754534460,758.1488,23.63766
1754534520,758.1488,23.63766
1754534580,758.1488,23.63766
1754534640,758.1488,23.63766
1754534700,758.1488,23.57479
1754534760,758.1488,23.57479
1754534820,758.1488,23.63766
1754534880,758.1488,23.63766
1754534940,758.1488,23.63766
1754535000,758.1488,23.57479
1754535060,758.1488,23.57479
1754535120,758.1488,23.63766
1754535180,758.1488,23.57479
1754535240,758.1488,23.63766
1754535300,758.1488,23.63766
1754535360,758.1488,23.63766
1754535420,758.1488,23.63766
1754535480,758.1488,23.63766
1754535540,758.1488,23.63766
1754535600,758.1488,23.63766
1754535660,758.1488,23.63766
1754535720,758.1488,23.63766
1754535780,758.1488,23.63766
1754535840,758.1488,23.63766
1754535900,758.1488,23.63766
1754535960,758.1488,23.63766
1754536020,758.1488,23.63766
1754536080,758.1488,23.63766
1754536140,758.1488,23.63766
1754536200,758.1488,23.63766
1754536260,758.1488,23.63766
1754536320,758.1488,23.63766
1754536380,758.04779,23.63766
1754536440,758.04779,23.57479
1754536500,758.04779,23.63766
1754536560,758.04779,23.57479
1754536620,758.04779,23.63766
1754536680,758.04779,23.57479
1754536740,758.04779,23.63766
1754536800,758.04779,23.63766
1754536860,758.04779,23.63766
1754536920,758.04779,23.57479
1754536980,758.04779,23.57479
1754537040,758.04779,23.57479
1754537100,758.04779,23.63766
1754537160,758.04779,23.63766
1754537220,758.04779,23.63766
1754537280,758.04779,23.63766
1754537340,758.04779,23.57479
1754537400,758.04779,23.57479
1754537460,758.04779,23.57479
1754537520,758.04779,23.57479
1754537580,758.04779,23.57479
1754537640,758.04779,23.57479
1754537700,758.1488,23.63766
1754537760,758.1488,23.63766
1754537820,758.1488,23.63766
1754537880,758.1488,23.63766
1754537940,758.1488,23.63766
1754538000,758.1488,23.63766
1754538060,758.1488,23.70053
1754538120,758.1488,23.70053
1754538180,758.1488,23.76339
1754538240,758.1488,23.76339
1754538300,758.1488,23.82626
1754538360,758.1488,23.82626
1754538420,758.1488,23.82626
1754538480,758.24982,23.82626
1754538540,758.24982,23.82626
1754538600,758.24982,23.82626
1754538660,758.24982,23.82626
1754538720,758.1488,23.76339
1754538780,758.1488,23.76339
1754538840,758.1488,23.76339
1754538900,758.1488,23.70053
1754538960,758.1488,23.70053
1754539020,758.1488,23.63766
1754539080,758.1488,23.63766
1754539140,758.1488,23.63766
1754539200,758.1488,23.57479
1754539260,758.24982,23.57479
1754539320,758.24982,23.57479
1754539380,758.24982,23.51193
1754539440,758.24982,23.57479
1754539500,758.24982,23.51193
1754539560,758.24982,23.51193
1754539620,758.24982,23.51193
1754539680,758.24982,23.51193
1754539740,758.24982,23.51193
1754539800,758.1488,23.44906
1754539860,758.1488,23.51193
1754539920,758.1488,23.51193
1754539980,758.1488,23.44906
1754540040,758.1488,23.44906
1754540100,758.1488,23.44906
1754540160,758.1488,23.44906
1754540220,758.1488,23.44906
1754540280,758.1488,23.44906
1754540340,758.1488,23.44906
1754540400,758.1488,23.44906
1754540460,758.1488,23.44906
1754540520,758.1488,23.44906
1754540580,758.1488,23.44906
1754540640,758.1488,23.44906
1754540700,758.1488,23.44906
1754540760,758.1488,23.44906
1754540820,758.1488,23.3862
1754540880,758.1488,23.3862
1754540940,758.1488,23.3862
1754541000,758.04779,23.3862
1754541060,758.04779,23.3862
1754541120,758.04779,23.3862
1754541180,758.04779,23.3862
1754541240,758.04779,23.3862
1754541300,758.04779,23.3862
1754541360,758.04779,23.3862
1754541420,758.04779,23.3862
1754541480,758.04779,23.3862
1754541540,758.04779,23.3862
1754541600,758.04779,23.3862
1754541660,758.04779,23.3862
1754541720,758.04779,23.3862
1754541780,758.04779,23.3862
1754541840,758.04779,23.3862
1754541900,758.04779,23.3862
1754541960,758.04779,23.3862
1754542020,758.04779,23.3862
1754542080,758.04779,23.3862
1754542140,758.04779,23.3862
1754542200,757.94678,23.32333
1754542260,757.94678,23.32333
1754542320,757.94678,23.32333
1754542380,757.94678,23.32333
1754542440,758.04779,23.3862
1754542500,758.04779,23.3862
1754542560,758.04779,23.3862
1754542620,758.04779,23.3862
1754542680,758.04779,23.3862
1754542740,758.04779,23.3862
1754542800,758.04779,23.3862
1754542860,758.04779,23.44906
1754542920,758.04779,23.44906
1754542980,758.04779,23.51193
1754543040,758.04779,23.57479
1754543100,758.04779,23.57479
1754543160,758.04779,23.63766
1754543220,758.04779,23.63766
1754543280,758.04779,23.63766
1754543340,758.04779,23.63766
1754543400,758.04779,23.63766
1754543460,758.04779,23.63766
1754543520,758.04779,23.57479
1754543580,758.04779,23.57479
1754543640,758.04779,23.57479
1754543700,758.04779,23.51193
1754543760,758.04779,23.51193
1754543820,758.04779,23.44906
1754543880,758.04779,23.51193
1754543940,758.04779,23.44906
1754544000,758.04779,23.44906
1754544060,758.04779,23.44906
1754544120,758.04779,23.44906
1754544180,758.04779,23.44906
1754544240,758.04779,23.44906
1754544300,758.04779,23.3862
1754544360,758.04779,23.3862
1754544420,758.04779,23.3862
1754544480,758.04779,23.3862
1754544540,758.04779,23.3862
1754544600,758.04779,23.3862
1754544660,758.04779,23.3862
1754544720,757.94678,23.3862
1754544780,757.94678,23.32333
1754544840,757.94678,23.32333
1754544900,757.94678,23.3862
1754544960,757.94678,23.3862
1754545020,757.94678,23.32333
1754545080,757.94678,23.32333
1754545140,757.94678,23.32333
1754545200,757.94678,23.32333
1754545260,757.94678,23.32333
1754545320,757.94678,23.32333
1754545380,757.94678,23.32333
1754545440,757.94678,23.32333
1754545500,757.94678,23.32333
1754545560,757.94678,23.32333
1754545620,757.94678,23.32333
1754545680,757.94678,23.32333
1754545740,757.94678,23.32333
1754545800,757.94678,23.32333
1754545860,757.94678,23.32333
1754545920,757.84576,23.32333
1754545980,757.84576,23.26046
1754546040,757.84576,23.32333
1754546100,757.84576,23.32333
1754546160,757.84576,23.32333
1754546220,757.84576,23.32333
1754546280,757.84576,23.32333
1754546340,757.84576,23.32333
1754546400,757.84576,23.32333
1754546460,757.84576,23.32333
1754546520,757.84576,23.32333
1754546580,757.84576,23.32333
1754546640,757.84576,23.32333
1754546700,757.84576,23.32333
1754546760,757.84576,23.32333
1754546820,757.84576,23.32333
1754546880,757.74481,23.32333
1754546940,757.74481,23.32333
