1754470860,82.86894,82.86894,17.29564,4.5
1754470920,82.86894,82.86894,17.29564,4.5
1754470980,82.89542,82.86894,17.35854,4.5625
1754471040,82.86894,82.86894,17.35854,4.5625
1754471100,82.86894,82.86894,17.35854,4.5625
1754471160,82.86894,82.86894,17.35854,4.5
1754471220,82.86894,82.86894,17.42143,4.5625
1754471280,82.86894,82.86894,17.42143,4.5625
1754471340,82.84247,82.86894,17.42143,4.5
1754471400,82.81599,82.86894,17.42143,4.5625
1754471460,82.78951,82.86894,17.42143,4.5
1754471520,82.78951,82.84247,17.42143,4.5
1754471580,82.78951,82.86894,17.42143,4.4375
1754471640,82.78951,82.86894,17.35854,4.4375
1754471700,82.78951,82.86894,17.35854,4.4375
1754471760,82.78951,82.84247,17.35854,4.375
1754471820,82.78951,82.86894,17.29564,4.375
1754471880,82.76304,82.84247,17.29564,4.375
1754471940,82.76304,82.86894,17.29564,4.375
1754472000,82.76304,82.84247,17.29564,4.4375
1754472060,82.78951,82.84247,17.29564,4.4375
1754472120,82.78951,82.86894,17.29564,4.4375
1754472180,82.78951,82.86894,17.29564,4.4375
1754472240,82.78951,82.86894,17.23275,4.375
1754472300,82.78951,82.84247,17.23275,4.3125
1754472360,82.81599,82.86894,17.23275,4.25
1754472420,82.78951,82.86894,17.23275,4.1875
1754472480,82.81599,82.86894,17.23275,4.125
1754472540,82.81599,82.84247,17.23275,4.125
1754472600,82.81599,82.86894,17.23275,4.125
1754472660,82.78951,82.86894,17.23275,4.125
1754472720,82.78951,82.86894,17.23275,4.125
1754472780,82.78951,82.84247,17.16986,4.125
1754472840,82.76304,82.86894,17.16986,4.125
1754472900,82.76304,82.86894,17.16986,4.125
1754472960,82.78951,82.86894,17.16986,4.125
1754473020,82.78951,82.86894,17.16986,4.125
1754473080,82.78951,82.84247,17.16986,4.125
1754473140,82.78951,82.86894,17.10696,4.125
1754473200,82.78951,82.86894,17.10696,4.125
1754473260,82.84247,82.84247,17.10696,4.125
1754473320,82.78951,82.86894,17.10696,4.125
1754473380,82.81599,82.86894,17.10696,4.125
1754473440,82.78951,82.86894,17.10696,4.125
1754473500,82.81599,82.86894,17.10696,4.125
1754473560,82.81599,82.86894,17.10696,4.125
1754473620,82.81599,82.86894,17.04407,4.125
1754473680,82.81599,82.86894,17.10696,4.125
1754473740,82.78951,82.86894,17.04407,4.125
1754473800,82.78951,82.84247,17.04407,4.125
1754473860,82.81599,82.86894,17.04407,4.125
1754473920,82.78951,82.86894,17.04407,4.125
1754473980,82.78951,82.86894,17.04407,4.1875
1754474040,82.78951,82.86894,17.04407,4.1875
1754474100,82.78951,82.86894,17.04407,4.25
1754474160,82.78951,82.86894,17.04407,4.1875
1754474220,82.81599,82.86894,17.04407,4.1875
1754474280,82.81599,82.86894,17.04407,4.1875
1754474340,82.81599,82.86894,17.04407,4.125
1754474400,82.81599,82.86894,17.04407,4.125
1754474460,82.81599,82.86894,17.04407,4.1875
1754474520,82.81599,82.86894,17.04407,4.125
1754474580,82.81599,82.86894,17.04407,4.125
1754474640,82.81599,82.86894,17.04407,4.1875
1754474700,82.81599,82.86894,17.04407,4.1875
1754474760,82.78951,82.86894,17.04407,4.125
1754474820,82.78951,82.86894,17.04407,4.1875
1754474880,82.78951,82.86894,17.04407,4.1875
1754474940,82.78951,82.86894,17.04407,4.1875
1754475000,82.76304,82.86894,17.04407,4.1875
1754475060,82.78951,82.86894,16.98118,4.1875
1754475120,82.76304,82.86894,16.98118,4.25
1754475180,82.78951,82.86894,16.98118,4.25
1754475240,82.78951,82.86894,16.98118,4.3125
1754475300,82.78951,82.86894,16.98118,4.3125
1754475360,82.78951,82.86894,17.04407,4.4375
1754475420,82.78951,82.86894,17.04407,4.4375
1754475480,82.81599,82.86894,17.04407,4.5
1754475540,82.81599,82.86894,17.10696,4.5
1754475600,82.81599,82.86894,17.10696,4.5
1754475660,82.81599,82.86894,17.10696,4.5
1754475720,82.81599,82.86894,17.16986,4.5
1754475780,82.81599,82.86894,17.16986,4.5625
1754475840,82.84247,82.86894,17.23275,4.5
1754475900,82.84247,82.86894,17.23275,4.5625
1754475960,82.84247,82.86894,17.23275,4.5
1754476020,82.81599,82.86894,17.23275,4.5625
1754476080,82.84247,82.86894,17.23275,4.5
1754476140,82.84247,82.86894,17.23275,4.5
1754476200,82.84247,82.86894,17.23275,4.5
1754476260,82.81599,82.86894,17.23275,4.5
1754476320,82.78951,82.86894,17.23275,4.5625
1754476380,82.78951,82.86894,17.23275,4.5
1754476440,82.81599,82.86894,17.29564,4.5625
1754476500,82.81599,82.86894,17.29564,4.5625
1754476560,82.78951,82.86894,17.29564,4.5
1754476620,82.84247,82.86894,17.29564,4.5
1754476680,82.81599,82.86894,17.29564,4.5
1754476740,82.81599,82.86894,17.29564,4.5
1754476800,82.84247,82.86894,17.29564,4.5
1754476860,82.81599,82.86894,17.29564,4.5
1754476920,82.84247,82.86894,17.29564,4.4375
1754476980,82.81599,82.86894,17.29564,4.4375
1754477040,82.81599,82.86894,17.29564,4.375
1754477100,82.84247,82.86894,17.29564,4.375
1754477160,82.81599,82.86894,17.29564,4.3125
1754477220,82.84247,82.84247,17.29564,4.25
1754477280,82.84247,82.86894,17.23275,4.1875
1754477340,82.84247,82.86894,17.29564,4.1875
1754477400,82.84247,82.86894,17.23275,4.1875
1754477460,82.84247,82.86894,17.23275,4.1875
1754477520,82.84247,82.86894,17.23275,4.1875
1754477580,82.84247,82.86894,17.23275,4.1875
1754477640,82.84247,82.86894,17.23275,4.25
1754477700,82.84247,82.86894,17.23275,4.25
1754477760,82.84247,82.86894,17.23275,4.25
1754477820,82.84247,82.86894,17.23275,4.25
1754477880,82.81599,82.86894,17.23275,4.1875
1754477940,82.84247,82.86894,17.23275,4.1875
1754478000,82.84247,82.84247,17.23275,4.0625
1754478060,82.84247,82.86894,17.16986,4.0625
1754478120,82.84247,82.86894,17.16986,4.0625
1754478180,82.84247,82.86894,17.16986,4.125
1754478240,82.86894,82.86894,17.16986,4.125
1754478300,82.86894,82.86894,17.16986,4.125
1754478360,82.86894,82.86894,17.23275,4.0625
1754478420,82.86894,82.86894,17.23275,4.125
1754478480,82.86894,82.86894,17.23275,4.0625
1754478540,82.84247,82.86894,17.23275,4.125
1754478600,82.84247,82.84247,17.23275,4.125
1754478660,82.86894,82.86894,17.23275,4.125
1754478720,82.86894,82.86894,17.23275,4.125
1754478780,82.84247,82.84247,17.23275,4.125
1754478840,82.84247,82.86894,17.23275,4.0625
1754478900,82.84247,82.86894,17.23275,4.125
1754478960,82.84247,82.86894,17.23275,4.0625
1754479020,82.84247,82.86894,17.16986,4.125
1754479080,82.84247,82.86894,17.16986,4.125
1754479140,82.86894,82.86894,17.16986,4.125
1754479200,82.86894,82.86894,17.16986,4.125
1754479260,82.84247,82.86894,17.16986,4.125
1754479320,82.86894,82.86894,17.16986,4.125
1754479380,82.84247,82.86894,17.16986,4.125
1754479440,82.84247,82.86894,17.23275,4.125
1754479500,82.86894,82.86894,17.23275,4.1875
1754479560,82.84247,82.86894,17.16986,4.1875
1754479620,82.84247,82.86894,17.23275,4.1875
1754479680,82.84247,82.86894,17.23275,4.1875
1754479740,82.86894,82.86894,17.23275,4.1875
1754479800,82.84247,82.86894,17.23275,4.1875
1754479860,82.84247,82.86894,17.23275,4.25
1754479920,82.84247,82.86894,17.16986,4.25
1754479980,82.84247,82.86894,17.16986,4.1875
1754480040,82.86894,82.86894,17.23275,4.1875
1754480100,82.84247,82.86894,17.23275,4.1875
1754480160,82.86894,82.86894,17.23275,4.1875
1754480220,82.86894,82.86894,17.23275,4.25
1754480280,82.86894,82.86894,17.29564,4.25
1754480340,82.86894,82.86894,17.35854,4.3125
1754480400,82.86894,82.86894,17.42143,4.3125
1754480460,82.86894,82.86894,17.42143,4.375
1754480520,82.84247,82.86894,17.48433,4.375
1754480580,82.86894,82.86894,17.48433,4.4375
1754480640,82.86894,82.86894,17.54722,4.4375
1754480700,82.84247,82.86894,17.54722,4.5
1754480760,82.81599,82.86894,17.54722,4.5625
1754480820,82.81599,82.86894,17.48433,4.625
1754480880,82.81599,82.86894,17.48433,4.6875
1754480940,82.81599,82.86894,17.48433,4.6875
1754481000,82.78951,82.84247,17.48433,4.625
1754481060,82.78951,82.86894,17.48433,4.625
1754481120,82.78951,82.86894,17.48433,4.625
1754481180,82.78951,82.86894,17.48433,4.625
1754481240,82.78951,82.86894,17.48433,4.625
1754481300,82.78951,82.86894,17.48433,4.625
1754481360,82.81599,82.86894,17.48433,4.625
1754481420,82.78951,82.84247,17.42143,4.6875
1754481480,82.78951,82.84247,17.42143,4.6875
1754481540,82.81599,82.86894,17.42143,4.625
1754481600,82.81599,82.86894,17.42143,4.6875
1754481660,82.81599,82.86894,17.42143,4.625
1754481720,82.81599,82.86894,17.42143,4.625
1754481780,82.81599,82.86894,17.42143,4.625
1754481840,82.81599,82.86894,17.42143,4.625
1754481900,82.81599,82.86894,17.42143,4.625
1754481960,82.81599,82.86894,17.42143,4.625
1754482020,82.81599,82.86894,17.42143,4.625
1754482080,82.81599,82.86894,17.42143,4.625
1754482140,82.81599,82.86894,17.42143,4.625
1754482200,82.81599,82.86894,17.42143,4.625
1754482260,82.81599,82.86894,17.42143,4.625
1754482320,82.78951,82.86894,17.42143,4.6875
1754482380,82.78951,82.86894,17.42143,4.6875
1754482440,82.76304,82.86894,17.42143,4.6875
1754482500,82.76304,82.86894,17.42143,4.625
1754482560,82.76304,82.84247,17.42143,4.625
1754482620,82.76304,82.86894,17.42143,4.5625
1754482680,82.78951,82.86894,17.35854,4.5
1754482740,82.76304,82.86894,17.35854,4.5
1754482800,82.78951,82.86894,17.29564,4.5
1754482860,82.78951,82.84247,17.29564,4.5
1754482920,82.76304,82.86894,17.29564,4.4375
1754482980,82.78951,82.86894,17.29564,4.4375
1754483040,82.76304,82.86894,17.29564,4.4375
1754483100,82.76304,82.86894,17.29564,4.4375
1754483160,82.78951,82.86894,17.29564,4.5
1754483220,82.78951,82.86894,17.29564,4.5
1754483280,82.78951,82.86894,17.29564,4.5
1754483340,82.78951,82.86894,17.29564,4.5
1754483400,82.78951,82.86894,17.29564,4.4375
1754483460,82.78951,82.84247,17.29564,4.375
1754483520,82.78951,82.86894,17.23275,4.3125
1754483580,82.78951,82.86894,17.23275,4.1875
1754483640,82.76304,82.86894,17.16986,4.1875
1754483700,82.76304,82.86894,17.16986,4.25
1754483760,82.76304,82.84247,17.16986,4.25
1754483820,82.76304,82.86894,17.16986,4.1875
1754483880,82.76304,82.86894,17.16986,4.25
1754483940,82.76304,82.86894,17.10696,4.25
1754484000,82.78951,82.86894,17.10696,4.1875
1754484060,82.78951,82.86894,17.10696,4.25
1754484120,82.78951,82.86894,17.10696,4.25
1754484180,82.81599,82.84247,17.16986,4.25
1754484240,82.81599,82.86894,17.10696,4.25
1754484300,82.81599,82.86894,17.16986,4.25
1754484360,82.81599,82.84247,17.16986,4.3125
1754484420,82.81599,82.86894,17.10696,4.25
1754484480,82.78951,82.86894,17.16986,4.25
1754484540,82.78951,82.86894,17.10696,4.25
1754484600,82.78951,82.86894,17.10696,4.25
1754484660,82.78951,82.84247,17.10696,4.25
1754484720,82.78951,82.86894,17.04407,4.25
1754484780,82.78951,82.86894,17.04407,4.25
1754484840,82.78951,82.84247,17.04407,4.25
1754484900,82.81599,82.84247,17.10696,4.25
1754484960,82.78951,82.86894,17.10696,4.25
1754485020,82.78951,82.86894,17.04407,4.25
1754485080,82.81599,82.84247,17.04407,4.25
1754485140,82.81599,82.86894,17.10696,4.25
1754485200,82.78951,82.86894,17.10696,4.25
1754485260,82.78951,82.84247,17.10696,4.25
1754485320,82.78951,82.86894,17.16986,4.25
1754485380,82.78951,82.86894,17.16986,4.25
1754485440,82.81599,82.86894,17.23275,4.3125
1754485500,82.81599,82.86894,17.23275,4.3125
1754485560,82.81599,82.86894,17.23275,4.3125
1754485620,82.81599,82.86894,17.23275,4.3125
1754485680,82.81599,82.86894,17.23275,4.375
1754485740,82.81599,82.86894,17.23275,4.375
1754485800,82.81599,82.86894,17.23275,4.375
1754485860,82.81599,82.86894,17.23275,4.375
1754485920,82.81599,82.86894,17.23275,4.375
1754485980,82.81599,82.86894,17.23275,4.4375
1754486040,82.81599,82.86894,17.23275,4.4375
1754486100,82.84247,82.86894,17.23275,4.4375
1754486160,82.84247,82.86894,17.23275,4.4375
1754486220,82.84247,82.86894,17.29564,4.5
1754486280,82.84247,82.86894,17.29564,4.5
1754486340,82.84247,82.86894,17.29564,4.5625
1754486400,82.84247,82.86894,17.29564,4.5625
1754486460,82.84247,82.86894,17.29564,4.625
1754486520,82.86894,82.84247,17.29564,4.625
1754486580,82.86894,82.84247,17.29564,4.625
1754486640,82.84247,82.86894,17.29564,4.625
1754486700,82.84247,82.86894,17.29564,4.625
1754486760,82.81599,82.86894,17.29564,4.625
1754486820,82.86894,82.86894,17.29564,4.625
1754486880,82.86894,82.86894,17.29564,4.625
1754486940,82.84247,82.86894,17.29564,4.5625
1754487000,82.84247,82.84247,17.29564,4.625
1754487060,82.86894,82.86894,17.29564,4.625
1754487120,82.86894,82.84247,17.29564,4.5625
1754487180,82.86894,82.86894,17.29564,4.625
1754487240,82.86894,82.86894,17.29564,4.5625
1754487300,82.86894,82.86894,17.29564,4.5625
1754487360,82.86894,82.86894,17.29564,4.5625
1754487420,82.86894,82.86894,17.29564,4.5625
1754487480,82.84247,82.84247,17.23275,4.5625
1754487540,82.86894,82.86894,17.23275,4.5625
1754487600,82.86894,82.86894,17.23275,4.5625
1754487660,82.86894,82.86894,17.23275,4.5625
1754487720,82.84247,82.86894,17.23275,4.5625
1754487780,82.86894,82.86894,17.23275,4.5625
1754487840,82.86894,82.86894,17.23275,4.5625
1754487900,82.84247,82.86894,17.23275,4.5625
1754487960,82.86894,82.86894,17.23275,4.5625
1754488020,82.86894,82.86894,17.23275,4.5625
1754488080,82.86894,82.86894,17.23275,4.5
1754488140,82.86894,82.86894,17.23275,4.5
1754488200,82.86894,82.86894,17.29564,4.5
1754488260,82.86894,82.86894,17.29564,4.5
1754488320,82.86894,82.84247,17.29564,4.5
1754488380,82.86894,82.86894,17.29564,4.4375
1754488440,82.86894,82.86894,17.29564,4.4375
1754488500,82.86894,82.86894,17.23275,4.4375
1754488560,82.86894,82.86894,17.23275,4.4375
1754488620,82.86894,82.86894,17.23275,4.4375
1754488680,82.86894,82.86894,17.23275,4.4375
1754488740,82.86894,82.86894,17.23275,4.4375
1754488800,82.84247,82.86894,17.23275,4.4375
1754488860,82.84247,82.86894,17.23275,4.5
1754488920,82.84247,82.86894,17.23275,4.4375
1754488980,82.86894,82.86894,17.16986,4.3125
1754489040,82.84247,82.84247,17.16986,4.25
1754489100,82.84247,82.84247,17.10696,4.125
1754489160,82.84247,82.86894,17.10696,4.125
1754489220,82.84247,82.86894,17.10696,4.125
1754489280,82.84247,82.86894,17.10696,4.125
1754489340,82.84247,82.86894,17.10696,4.125
1754489400,82.84247,82.84247,17.10696,4.125
1754489460,82.84247,82.86894,17.04407,4.125
1754489520,82.81599,82.86894,17.04407,4.125
1754489580,82.84247,82.86894,16.98118,4.125
1754489640,82.81599,82.86894,17.04407,4.125
1754489700,82.81599,82.86894,17.04407,4.125
1754489760,82.81599,82.86894,17.04407,4.125
1754489820,82.81599,82.86894,17.04407,4.125
1754489880,82.81599,82.86894,16.98118,4.125
1754489940,82.81599,82.86894,17.04407,4.0625
1754490000,82.81599,82.86894,17.04407,4.0625
1754490060,82.81599,82.86894,17.04407,4.125
1754490120,82.81599,82.86894,17.10696,4.125
1754490180,82.84247,82.86894,17.16986,4.125
1754490240,82.81599,82.84247,17.16986,4.125
1754490300,82.84247,82.86894,17.23275,4.125
1754490360,82.81599,82.86894,17.23275,4.125
1754490420,82.84247,82.84247,17.23275,4.125
1754490480,82.84247,82.86894,17.23275,4.125
1754490540,82.84247,82.86894,17.23275,4.125
1754490600,82.84247,82.86894,17.16986,4.125
1754490660,82.84247,82.86894,17.16986,4.125
1754490720,82.84247,82.86894,17.16986,4.1875
1754490780,82.81599,82.84247,17.16986,4.1875
1754490840,82.84247,82.86894,17.16986,4.125
1754490900,82.81599,82.86894,17.10696,4.125
1754490960,82.84247,82.86894,17.10696,4.125
1754491020,82.81599,82.86894,17.10696,4.125
1754491080,82.84247,82.84247,17.10696,4.125
1754491140,82.84247,82.86894,17.10696,4.125
1754491200,82.84247,82.86894,17.10696,4.125
1754491260,82.84247,82.86894,17.10696,4.125
1754491320,82.84247,82.86894,17.10696,4.125
1754491380,82.84247,82.86894,17.10696,4.125
1754491440,82.81599,82.86894,17.10696,4.1875
1754491500,82.84247,82.86894,17.10696,4.1875
1754491560,82.81599,82.86894,17.10696,4.1875
1754491620,82.81599,82.84247,17.10696,4.1875
1754491680,82.81599,82.84247,17.10696,4.25
1754491740,82.81599,82.86894,17.10696,4.25
1754491800,82.84247,82.86894,17.10696,4.3125
1754491860,82.84247,82.86894,17.10696,4.3125
1754491920,82.84247,82.84247,17.10696,4.375
1754491980,82.84247,82.86894,17.10696,4.375
1754492040,82.84247,82.86894,17.10696,4.4375
1754492100,82.84247,82.86894,17.16986,4.4375
1754492160,82.84247,82.84247,17.16986,4.4375
1754492220,82.84247,82.86894,17.16986,4.4375
1754492280,82.84247,82.86894,17.16986,4.4375
1754492340,82.84247,82.86894,17.16986,4.4375
1754492400,82.86894,82.86894,17.16986,4.5
1754492460,82.84247,82.86894,17.16986,4.4375
1754492520,82.84247,82.84247,17.16986,4.5
1754492580,82.86894,82.86894,17.16986,4.5
1754492640,82.86894,82.86894,17.16986,4.5
1754492700,82.84247,82.86894,17.16986,4.5
1754492760,82.86894,82.86894,17.16986,4.4375
1754492820,82.84247,82.86894,17.16986,4.5
1754492880,82.84247,82.86894,17.16986,4.5
1754492940,82.84247,82.86894,17.16986,4.4375
1754493000,82.84247,82.84247,17.16986,4.5
1754493060,82.84247,82.86894,17.16986,4.5
1754493120,82.86894,82.86894,17.16986,4.4375
1754493180,82.84247,82.86894,17.16986,4.5
1754493240,82.86894,82.86894,17.16986,4.5
1754493300,82.86894,82.86894,17.16986,4.5
1754493360,82.86894,82.86894,17.16986,4.5
1754493420,82.84247,82.86894,17.16986,4.4375
1754493480,82.84247,82.86894,17.16986,4.4375
1754493540,82.86894,82.84247,17.16986,4.4375
1754493600,82.86894,82.86894,17.16986,4.5
1754493660,82.86894,82.86894,17.16986,4.4375
1754493720,82.86894,82.86894,17.16986,4.4375
1754493780,82.86894,82.84247,17.16986,4.4375
1754493840,82.86894,82.86894,17.16986,4.375
1754493900,82.84247,82.86894,17.16986,4.375
1754493960,82.84247,82.86894,17.16986,4.375
1754494020,82.86894,82.86894,17.16986,4.375
1754494080,82.84247,82.86894,17.16986,4.375
1754494140,82.89542,82.86894,17.16986,4.375
1754494200,82.84247,82.84247,17.16986,4.4375
1754494260,82.84247,82.86894,17.16986,4.375
1754494320,82.86894,82.86894,17.16986,4.4375
1754494380,82.86894,82.86894,17.10696,4.375
1754494440,82.86894,82.86894,17.16986,4.375
1754494500,82.86894,82.86894,17.16986,4.375
1754494560,82.86894,82.86894,17.10696,4.3125
1754494620,82.86894,82.86894,17.10696,4.25
1754494680,82.86894,82.86894,17.10696,4.1875
1754494740,82.86894,82.84247,17.10696,4.0625
1754494800,82.84247,82.86894,17.10696,4.0625
1754494860,82.84247,82.86894,17.10696,4.0625
1754494920,82.86894,82.86894,17.10696,4.125
1754494980,82.86894,82.86894,17.16986,4.125
1754495040,82.86894,82.86894,17.16986,4.0625
1754495100,82.84247,82.84247,17.16986,4.125
1754495160,82.84247,82.86894,17.16986,4.125
1754495220,82.84247,82.86894,17.16986,4.125
1754495280,82.84247,82.86894,17.16986,4.125
1754495340,82.84247,82.86894,17.16986,4.125
1754495400,82.84247,82.86894,17.16986,4.125
1754495460,82.86894,82.86894,17.16986,4.125
1754495520,82.84247,82.86894,17.10696,4.125
1754495580,82.84247,82.86894,17.10696,4.125
1754495640,82.84247,82.86894,17.10696,4.1875
1754495700,82.84247,82.86894,17.10696,4.1875
1754495760,82.84247,82.86894,17.10696,4.1875
1754495820,82.84247,82.86894,17.10696,4.1875
1754495880,82.84247,82.86894,17.10696,4.1875
1754495940,82.86894,82.86894,17.10696,4.1875
1754496000,82.86894,82.86894,17.10696,4.1875
1754496060,82.86894,82.86894,17.16986,4.125
1754496120,82.86894,82.86894,17.16986,4.1875
1754496180,82.84247,82.86894,17.16986,4.1875
1754496240,82.86894,82.86894,17.16986,4.1875
1754496300,82.86894,82.86894,17.16986,4.1875
1754496360,82.84247,82.84247,17.16986,4.1875
1754496420,82.86894,82.86894,17.16986,4.1875
1754496480,82.86894,82.86894,17.16986,4.1875
1754496540,82.84247,82.86894,17.16986,4.1875
1754496600,82.84247,82.86894,17.10696,4.1875
1754496660,82.84247,82.84247,17.10696,4.1875
1754496720,82.84247,82.84247,17.16986,4.1875
1754496780,82.84247,82.86894,17.10696,4.1875
1754496840,82.86894,82.86894,17.10696,4.25
1754496900,82.84247,82.84247,17.10696,4.25
1754496960,82.86894,82.86894,17.16986,4.3125
1754497020,82.86894,82.86894,17.16986,4.3125
1754497080,82.86894,82.86894,17.16986,4.375
1754497140,82.86894,82.86894,17.16986,4.375
1754497200,82.86894,82.86894,17.16986,4.4375
1754497260,82.86894,82.86894,17.16986,4.4375
1754497320,82.86894,82.86894,17.23275,4.5
1754497380,82.86894,82.86894,17.23275,4.5625
1754497440,82.86894,82.86894,17.23275,4.6875
1754497500,82.86894,82.86894,17.29564,4.625
1754497560,82.89542,82.86894,17.29564,4.6875
1754497620,82.89542,82.86894,17.29564,4.6875
1754497680,82.89542,82.86894,17.29564,4.6875
1754497740,82.9219,82.86894,17.29564,4.625
1754497800,82.86894,82.84247,17.29564,4.625
1754497860,82.89542,82.86894,17.29564,4.6875
1754497920,82.89542,82.86894,17.29564,4.6875
1754497980,82.89542,82.86894,17.35854,4.6875
1754498040,82.89542,82.86894,17.35854,4.6875
1754498100,82.89542,82.86894,17.35854,4.6875
1754498160,82.89542,82.86894,17.35854,4.6875
1754498220,82.89542,82.86894,17.35854,4.6875
1754498280,82.89542,82.86894,17.35854,4.625
1754498340,82.89542,82.86894,17.35854,4.625
1754498400,82.89542,82.86894,17.35854,4.6875
1754498460,82.89542,82.86894,17.35854,4.625
1754498520,82.89542,82.86894,17.35854,4.6875
1754498580,82.89542,82.86894,17.35854,4.6875
1754498640,82.89542,82.86894,17.35854,4.6875
1754498700,82.89542,82.86894,17.35854,4.6875
1754498760,82.89542,82.86894,17.35854,4.6875
1754498820,82.89542,82.86894,17.35854,4.6875
1754498880,82.89542,82.86894,17.35854,4.625
1754498940,82.89542,82.86894,17.35854,4.6875
1754499000,82.89542,82.84247,17.35854,4.6875
1754499060,82.89542,82.84247,17.35854,4.625
1754499120,82.89542,82.86894,17.29564,4.6875
1754499180,82.89542,82.86894,17.29564,4.625
1754499240,82.89542,82.86894,17.29564,4.625
1754499300,82.89542,82.86894,17.29564,4.625
1754499360,82.89542,82.86894,17.35854,4.625
1754499420,82.89542,82.86894,17.35854,4.625
1754499480,82.89542,82.84247,17.29564,4.625
1754499540,82.89542,82.86894,17.29564,4.5625
1754499600,82.89542,82.86894,17.35854,4.5625
1754499660,82.89542,82.86894,17.35854,4.5625
1754499720,82.89542,82.86894,17.35854,4.5625
1754499780,82.9219,82.84247,17.42143,4.5625
1754499840,82.94838,82.84247,17.42143,4.5625
1754499900,82.94838,82.86894,17.42143,4.625
1754499960,82.9219,82.86894,17.48433,4.625
1754500020,82.9219,82.86894,17.48433,4.5625
1754500080,82.9219,82.84247,17.48433,4.5625
1754500140,82.9219,82.84247,17.48433,4.5
1754500200,82.89542,82.84247,17.48433,4.5
1754500260,82.89542,82.86894,17.48433,4.375
1754500320,82.89542,82.86894,17.42143,4.3125
1754500380,82.86894,82.86894,17.42143,4.25
1754500440,82.86894,82.86894,17.35854,4.25
1754500500,82.86894,82.86894,17.35854,4.25
1754500560,82.86894,82.86894,17.35854,4.25
1754500620,82.86894,82.86894,17.29564,4.25
1754500680,82.86894,82.86894,17.29564,4.25
1754500740,82.86894,82.86894,17.29564,4.25
1754500800,82.86894,82.86894,17.29564,4.25
1754500860,82.84247,82.86894,17.29564,4.25
1754500920,82.86894,82.86894,17.23275,4.25
1754500980,82.86894,82.84247,17.23275,4.25
1754501040,82.81599,82.86894,17.23275,4.25
1754501100,82.81599,82.86894,17.23275,4.25
1754501160,82.81599,82.86894,17.23275,4.25
1754501220,82.84247,82.86894,17.23275,4.25
1754501280,82.81599,82.86894,17.23275,4.25
1754501340,82.81599,82.86894,17.23275,4.25
1754501400,82.81599,82.86894,17.23275,4.25
1754501460,82.81599,82.86894,17.23275,4.3125
1754501520,82.78951,82.86894,17.16986,4.25
1754501580,82.78951,82.86894,17.16986,4.25
1754501640,82.78951,82.84247,17.16986,4.25
1754501700,82.81599,82.86894,17.16986,4.25
1754501760,82.81599,82.86894,17.10696,4.25
1754501820,82.84247,82.86894,17.10696,4.25
1754501880,82.81599,82.86894,17.16986,4.3125
1754501940,82.84247,82.86894,17.23275,4.25
1754502000,82.84247,82.86894,17.23275,4.25
1754502060,82.81599,82.86894,17.23275,4.25
1754502120,82.86894,82.86894,17.23275,4.3125
1754502180,82.81599,82.86894,17.23275,4.3125
1754502240,82.86894,82.86894,17.23275,4.3125
1754502300,82.86894,82.84247,17.23275,4.375
1754502360,82.86894,82.84247,17.23275,4.375
1754502420,82.84247,82.86894,17.23275,4.375
1754502480,82.86894,82.86894,17.23275,4.3125
1754502540,82.86894,82.86894,17.23275,4.3125
1754502600,82.86894,82.86894,17.23275,4.3125
1754502660,82.86894,82.86894,17.29564,4.3125
1754502720,82.86894,82.86894,17.23275,4.375
1754502780,82.86894,82.86894,17.23275,4.375
1754502840,82.86894,82.86894,17.29564,4.375
1754502900,82.86894,82.84247,17.29564,4.4375
1754502960,82.86894,82.86894,17.29564,4.5
1754503020,82.86894,82.86894,17.35854,4.5
1754503080,82.89542,82.84247,17.35854,4.5625
1754503140,82.86894,82.86894,17.35854,4.625
1754503200,82.89542,82.86894,17.35854,4.625
1754503260,82.89542,82.86894,17.35854,4.625
1754503320,82.89542,82.86894,17.35854,4.625
1754503380,82.86894,82.86894,17.42143,4.625
1754503440,82.89542,82.86894,17.42143,4.625
1754503500,82.89542,82.86894,17.42143,4.625
1754503560,82.89542,82.86894,17.42143,4.625
1754503620,82.89542,82.86894,17.42143,4.625
1754503680,82.89542,82.86894,17.42143,4.625
1754503740,82.89542,82.86894,17.42143,4.625
1754503800,82.86894,82.86894,17.42143,4.625
1754503860,82.86894,82.86894,17.42143,4.625
1754503920,82.89542,82.86894,17.42143,4.625
1754503980,82.89542,82.84247,17.42143,4.625
1754504040,82.94838,82.86894,17.42143,4.625
1754504100,82.89542,82.84247,17.42143,4.5625
1754504160,82.9219,82.86894,17.42143,4.625
1754504220,82.89542,82.86894,17.42143,4.625
1754504280,82.89542,82.86894,17.48433,4.625
1754504340,82.86894,82.86894,17.42143,4.625
1754504400,82.9219,82.86894,17.48433,4.625
1754504460,82.89542,82.84247,17.48433,4.5625
1754504520,82.94838,82.86894,17.54722,4.625
1754504580,82.94838,82.86894,17.54722,4.5625
1754504640,82.94838,82.86894,17.54722,4.5625
1754504700,82.94838,82.86894,17.54722,4.5625
1754504760,82.9219,82.86894,17.54722,4.5625
1754504820,82.94838,82.86894,17.54722,4.5625
1754504880,82.9219,82.86894,17.48433,4.5625
1754504940,82.9219,82.86894,17.48433,4.5625
1754505000,82.9219,82.84247,17.48433,4.5
1754505060,82.89542,82.86894,17.48433,4.5
1754505120,82.9219,82.86894,17.42143,4.5
1754505180,82.89542,82.86894,17.42143,4.5
1754505240,82.89542,82.86894,17.42143,4.5625
1754505300,82.86894,82.86894,17.42143,4.5
1754505360,82.89542,82.86894,17.35854,4.5
1754505420,82.86894,82.86894,17.35854,4.5
1754505480,82.86894,82.86894,17.35854,4.5625
1754505540,82.89542,82.86894,17.35854,4.5625
1754505600,82.86894,82.86894,17.35854,4.5
1754505660,82.9219,82.86894,17.35854,4.5
1754505720,82.9219,82.86894,17.35854,4.4375
1754505780,82.9219,82.86894,17.35854,4.4375
1754505840,82.89542,82.86894,17.35854,4.3125
1754505900,82.89542,82.86894,17.35854,4.1875
1754505960,82.86894,82.86894,17.35854,4.1875
1754506020,82.86894,82.84247,17.29564,4.25
1754506080,82.89542,82.86894,17.29564,4.1875
1754506140,82.89542,82.86894,17.29564,4.25
1754506200,82.89542,82.86894,17.29564,4.1875
1754506260,82.86894,82.86894,17.29564,4.1875
1754506320,82.86894,82.86894,17.29564,4.25
1754506380,82.84247,82.86894,17.23275,4.25
1754506440,82.89542,82.84247,17.23275,4.25
1754506500,82.84247,82.86894,17.23275,4.25
1754506560,82.84247,82.86894,17.23275,4.1875
1754506620,82.84247,82.84247,17.23275,4.25
1754506680,82.86894,82.86894,17.23275,4.25
1754506740,82.86894,82.86894,17.23275,4.25
1754506800,82.84247,82.86894,17.23275,4.1875
1754506860,82.81599,82.86894,17.16986,4.1875
1754506920,82.84247,82.86894,17.16986,4.1875
1754506980,82.81599,82.86894,17.16986,4.1875
1754507040,82.86894,82.86894,17.16986,4.1875
1754507100,82.81599,82.86894,17.16986,4.25
1754507160,82.81599,82.86894,17.10696,4.25
1754507220,82.84247,82.86894,17.10696,4.1875
1754507280,82.81599,82.84247,17.10696,4.25
1754507340,82.81599,82.86894,17.10696,4.1875
1754507400,82.81599,82.86894,17.10696,4.1875
1754507460,82.81599,82.86894,17.04407,4.25
1754507520,82.81599,82.86894,17.04407,4.25
1754507580,82.81599,82.86894,17.04407,4.25
1754507640,82.81599,82.86894,17.04407,4.25
1754507700,82.78951,82.86894,17.04407,4.1875
1754507760,82.81599,82.84247,17.04407,4.1875
1754507820,82.81599,82.86894,17.04407,4.25
1754507880,82.78951,82.84247,17.04407,4.1875
1754507940,82.81599,82.86894,17.04407,4.25
1754508000,82.81599,82.86894,17.04407,4.25
1754508060,82.81599,82.86894,17.04407,4.25
1754508120,82.81599,82.86894,16.98118,4.25
1754508180,82.81599,82.86894,16.98118,4.25
1754508240,82.81599,82.86894,16.98118,4.1875
1754508300,82.78951,82.86894,16.98118,4.1875
1754508360,82.78951,82.84247,16.98118,4.1875
1754508420,82.78951,82.86894,16.98118,4.1875
1754508480,82.78951,82.86894,16.98118,4.25
1754508540,82.78951,82.86894,16.98118,4.25
1754508600,82.78951,82.86894,16.91828,4.3125
1754508660,82.78951,82.86894,16.91828,4.3125
1754508720,82.78951,82.86894,16.91828,4.375
1754508780,82.78951,82.84247,16.91828,4.375
1754508840,82.78951,82.86894,16.91828,4.4375
1754508900,82.81599,82.86894,16.91828,4.4375
1754508960,82.78951,82.86894,16.98118,4.5
1754509020,82.78951,82.86894,16.98118,4.5625
1754509080,82.78951,82.86894,16.98118,4.5625
1754509140,82.78951,82.84247,16.98118,4.5625
1754509200,82.81599,82.86894,16.98118,4.5625
1754509260,82.78951,82.86894,17.04407,4.5625
1754509320,82.81599,82.86894,17.04407,4.5625
1754509380,82.78951,82.86894,17.04407,4.5625
1754509440,82.81599,82.86894,17.10696,4.5625
1754509500,82.78951,82.86894,17.10696,4.5625
1754509560,82.78951,82.84247,17.10696,4.5625
1754509620,82.78951,82.86894,17.10696,4.5625
1754509680,82.78951,82.86894,17.16986,4.5625
1754509740,82.78951,82.86894,17.16986,4.5625
1754509800,82.78951,82.86894,17.16986,4.5625
1754509860,82.78951,82.86894,17.16986,4.5625
1754509920,82.78951,82.86894,17.16986,4.5625
1754509980,82.78951,82.86894,17.16986,4.5625
1754510040,82.78951,82.86894,17.16986,4.5625
1754510100,82.81599,82.86894,17.16986,4.5625
1754510160,82.81599,82.86894,17.16986,4.5625
1754510220,82.81599,82.86894,17.16986,4.5625
1754510280,82.78951,82.86894,17.16986,4.5625
1754510340,82.81599,82.86894,17.16986,4.5
1754510400,82.81599,82.86894,17.10696,4.5625
1754510460,82.78951,82.86894,17.10696,4.5625
1754510520,82.81599,82.86894,17.10696,4.5
1754510580,82.81599,82.84247,17.10696,4.5
1754510640,82.81599,82.86894,17.10696,4.4375
1754510700,82.81599,82.86894,17.10696,4.4375
1754510760,82.81599,82.86894,17.10696,4.4375
1754510820,82.78951,82.86894,17.04407,4.4375
1754510880,82.78951,82.84247,17.04407,4.4375
1754510940,82.81599,82.86894,17.04407,4.5
1754511000,82.81599,82.86894,17.04407,4.5
1754511060,82.78951,82.86894,17.04407,4.5
1754511120,82.81599,82.86894,17.04407,4.5
1754511180,82.78951,82.86894,17.04407,4.4375
1754511240,82.78951,82.86894,17.04407,4.4375
1754511300,82.78951,82.86894,17.04407,4.375
1754511360,82.78951,82.86894,17.04407,4.3125
1754511420,82.78951,82.86894,16.98118,4.25
1754511480,82.76304,82.86894,16.98118,4.1875
1754511540,82.76304,82.84247,16.98118,4.125
1754511600,82.76304,82.86894,16.91828,4.125
1754511660,82.78951,82.86894,16.91828,4.125
1754511720,82.78951,82.86894,16.91828,4.125
1754511780,82.78951,82.86894,16.91828,4.125
1754511840,82.78951,82.86894,16.91828,4.125
1754511900,82.76304,82.86894,16.91828,4.125
1754511960,82.78951,82.84247,16.91828,4.1875
1754512020,82.78951,82.84247,16.91828,4.1875
1754512080,82.78951,82.86894,16.91828,4.1875
1754512140,82.76304,82.86894,16.91828,4.1875
1754512200,82.76304,82.86894,16.91828,4.1875
1754512260,82.76304,82.86894,16.91828,4.1875
1754512320,82.76304,82.86894,16.85539,4.1875
1754512380,82.76304,82.86894,17.04407,4.1875
1754512440,82.76304,82.86894,17.04407,4.1875
1754512500,82.78951,82.86894,17.04407,4.1875
1754512560,82.78951,82.86894,17.04407,4.1875
1754512620,82.78951,82.86894,17.04407,4.1875
1754512680,82.78951,82.84247,17.04407,4.1875
1754512740,82.76304,82.86894,16.98118,4.1875
1754512800,82.78951,82.86894,17.04407,4.1875
1754512860,82.78951,82.86894,17.04407,4.1875
1754512920,82.78951,82.86894,16.98118,4.1875
1754512980,82.76304,82.86894,16.98118,4.1875
1754513040,82.76304,82.86894,16.98118,4.1875
1754513100,82.76304,82.86894,16.98118,4.1875
1754513160,82.76304,82.86894,16.98118,4.1875
1754513220,82.76304,82.86894,16.98118,4.1875
1754513280,82.76304,82.86894,16.98118,4.1875
1754513340,82.76304,82.86894,16.91828,4.1875
1754513400,82.76304,82.86894,16.91828,4.1875
1754513460,82.76304,82.86894,16.91828,4.25
1754513520,82.76304,82.86894,16.91828,4.25
1754513580,82.76304,82.86894,16.98118,4.25
1754513640,82.76304,82.86894,16.98118,4.25
1754513700,82.76304,82.86894,17.04407,4.1875
1754513760,82.76304,82.86894,17.04407,4.1875
1754513820,82.76304,82.84247,17.04407,4.1875
1754513880,82.76304,82.84247,17.04407,4.25
1754513940,82.76304,82.86894,17.10696,4.25
1754514000,82.76304,82.86894,17.10696,4.3125
1754514060,82.76304,82.86894,17.10696,4.3125
1754514120,82.76304,82.86894,17.16986,4.375
1754514180,82.76304,82.84247,17.16986,4.4375
1754514240,82.76304,82.86894,17.16986,4.5
1754514300,82.76304,82.86894,17.16986,4.5625
1754514360,82.76304,82.86894,17.16986,4.5625
1754514420,82.76304,82.84247,17.16986,4.625
1754514480,82.76304,82.86894,17.23275,4.625
1754514540,82.78951,82.84247,17.23275,4.625
1754514600,82.76304,82.86894,17.23275,4.625
1754514660,82.76304,82.86894,17.23275,4.625
1754514720,82.76304,82.86894,17.23275,4.625
1754514780,82.76304,82.86894,17.29564,4.625
1754514840,82.78951,82.86894,17.29564,4.625
1754514900,82.76304,82.86894,17.29564,4.5625
1754514960,82.76304,82.86894,17.29564,4.625
1754515020,82.76304,82.86894,17.29564,4.6875
1754515080,82.78951,82.86894,17.29564,4.625
1754515140,82.76304,82.86894,17.29564,4.6875
1754515200,82.78951,82.86894,17.29564,4.6875
1754515260,82.78951,82.86894,17.29564,4.625
1754515320,82.78951,82.86894,17.29564,4.6875
1754515380,82.76304,82.86894,17.23275,4.625
1754515440,82.76304,82.84247,17.29564,4.625
1754515500,82.76304,82.86894,17.29564,4.625
1754515560,82.76304,82.86894,17.29564,4.625
1754515620,82.76304,82.86894,17.29564,4.625
1754515680,82.76304,82.84247,17.29564,4.625
1754515740,82.76304,82.86894,17.35854,4.625
1754515800,82.76304,82.86894,17.35854,4.625
1754515860,82.76304,82.86894,17.35854,4.625
1754515920,82.76304,82.86894,17.35854,4.625
1754515980,82.76304,82.86894,17.35854,4.5625
1754516040,82.76304,82.86894,17.35854,4.5625
1754516100,82.76304,82.86894,17.35854,4.5625
1754516160,82.76304,82.86894,17.35854,4.5625
1754516220,82.76304,82.86894,17.29564,4.5625
1754516280,82.76304,82.86894,17.29564,4.5625
1754516340,82.78951,82.84247,17.29564,4.5
1754516400,82.76304,82.86894,17.29564,4.5
1754516460,82.76304,82.84247,17.29564,4.5
1754516520,82.78951,82.86894,17.29564,4.5
1754516580,82.78951,82.86894,17.29564,4.5625
1754516640,82.78951,82.84247,17.29564,4.5
1754516700,82.78951,82.86894,17.29564,4.5
1754516760,82.78951,82.86894,17.29564,4.4375
1754516820,82.78951,82.86894,17.29564,4.4375
1754516880,82.78951,82.86894,17.29564,4.375
1754516940,82.76304,82.84247,17.29564,4.375
1754517000,82.78951,82.84247,17.29564,4.25
1754517060,82.78951,82.86894,17.23275,4.125
1754517120,82.78951,82.84247,17.23275,4.1875
1754517180,82.78951,82.84247,17.23275,4.1875
1754517240,82.78951,82.86894,17.16986,4.1875
1754517300,82.81599,82.86894,17.16986,4.1875
1754517360,82.81599,82.86894,17.16986,4.1875
1754517420,82.81599,82.86894,17.16986,4.1875
1754517480,82.81599,82.86894,17.16986,4.1875
1754517540,82.78951,82.86894,17.16986,4.1875
1754517600,82.78951,82.86894,17.16986,4.1875
1754517660,82.78951,82.86894,17.23275,4.1875
1754517720,82.78951,82.86894,17.23275,4.1875
1754517780,82.81599,82.86894,17.23275,4.1875
1754517840,82.81599,82.86894,17.16986,4.1875
1754517900,82.81599,82.86894,17.23275,4.1875
1754517960,82.78951,82.86894,17.16986,4.1875
1754518020,82.81599,82.86894,17.16986,4.1875
1754518080,82.81599,82.86894,17.16986,4.1875
1754518140,82.81599,82.86894,17.16986,4.1875
1754518200,82.81599,82.86894,17.16986,4.1875
1754518260,82.81599,82.86894,17.16986,4.1875
1754518320,82.78951,82.86894,17.10696,4.1875
1754518380,82.81599,82.86894,17.10696,4.1875
1754518440,82.81599,82.86894,17.10696,4.1875
1754518500,82.78951,82.86894,17.10696,4.1875
1754518560,82.81599,82.86894,17.10696,4.1875
1754518620,82.78951,82.84247,17.10696,4.1875
1754518680,82.81599,82.86894,17.10696,4.1875
1754518740,82.81599,82.86894,17.16986,4.1875
1754518800,82.81599,82.86894,17.16986,4.1875
1754518860,82.78951,82.86894,17.16986,4.1875
1754518920,82.81599,82.86894,17.16986,4.1875
1754518980,82.81599,82.86894,17.23275,4.25
1754519040,82.81599,82.86894,17.23275,4.1875
1754519100,82.81599,82.86894,17.23275,4.25
1754519160,82.81599,82.86894,17.23275,4.25
1754519220,82.81599,82.86894,17.23275,4.25
1754519280,82.84247,82.86894,17.23275,4.25
1754519340,82.81599,82.86894,17.29564,4.25
1754519400,82.78951,82.86894,17.29564,4.3125
1754519460,82.78951,82.86894,17.29564,4.3125
1754519520,82.81599,82.86894,17.29564,4.3125
1754519580,82.81599,82.86894,17.35854,4.3125
1754519640,82.86894,82.86894,17.35854,4.375
1754519700,82.81599,82.86894,17.35854,4.375
1754519760,82.81599,82.86894,17.35854,4.375
1754519820,82.81599,82.86894,17.35854,4.4375
1754519880,82.81599,82.86894,17.35854,4.4375
1754519940,82.81599,82.86894,17.35854,4.4375
1754520000,82.81599,82.86894,17.35854,4.5
1754520060,82.81599,82.86894,17.35854,4.5
1754520120,82.81599,82.86894,17.35854,4.5625
1754520180,82.81599,82.86894,17.35854,4.5625
1754520240,82.84247,82.86894,17.35854,4.5625
1754520300,82.81599,82.86894,17.35854,4.625
1754520360,82.81599,82.84247,17.35854,4.5625
1754520420,82.84247,82.84247,17.35854,4.5625
1754520480,82.81599,82.86894,17.35854,4.5625
1754520540,82.81599,82.86894,17.35854,4.625
1754520600,82.81599,82.86894,17.35854,4.5625
1754520660,82.84247,82.86894,17.29564,4.5625
1754520720,82.81599,82.84247,17.29564,4.5625
1754520780,82.78951,82.86894,17.29564,4.5625
1754520840,82.81599,82.86894,17.29564,4.5625
1754520900,82.78951,82.84247,17.29564,4.5625
1754520960,82.81599,82.86894,17.35854,4.5625
1754521020,82.81599,82.86894,17.35854,4.5625
1754521080,82.84247,82.86894,17.35854,4.5625
1754521140,82.81599,82.86894,17.35854,4.5625
1754521200,82.84247,82.86894,17.35854,4.5625
1754521260,82.81599,82.86894,17.35854,4.625
1754521320,82.84247,82.86894,17.29564,4.5625
1754521380,82.84247,82.86894,17.35854,4.5625
1754521440,82.84247,82.86894,17.35854,4.5625
1754521500,82.84247,82.86894,17.35854,4.5625
1754521560,82.84247,82.86894,17.35854,4.5625
1754521620,82.81599,82.84247,17.42143,4.5625
1754521680,82.81599,82.86894,17.42143,4.5
1754521740,82.81599,82.86894,17.35854,4.5
1754521800,82.81599,82.86894,17.42143,4.5
1754521860,82.81599,82.86894,17.35854,4.5
1754521920,82.81599,82.86894,17.35854,4.5
1754521980,82.81599,82.86894,17.35854,4.5
1754522040,82.81599,82.86894,17.35854,4.5
1754522100,82.81599,82.86894,17.35854,4.5
1754522160,82.81599,82.86894,17.35854,4.4375
1754522220,82.81599,82.84247,17.35854,4.5
1754522280,82.81599,82.86894,17.35854,4.4375
1754522340,82.78951,82.86894,17.35854,4.4375
1754522400,82.78951,82.86894,17.35854,4.4375
1754522460,82.81599,82.86894,17.35854,4.375
1754522520,82.81599,82.86894,17.29564,4.3125
1754522580,82.81599,82.86894,17.29564,4.25
1754522640,82.81599,82.86894,17.29564,4.1875
1754522700,82.78951,82.86894,17.29564,4.1875
1754522760,82.78951,82.86894,17.23275,4.125
1754522820,82.78951,82.86894,17.23275,4.1875
1754522880,82.78951,82.86894,17.23275,4.1875
1754522940,82.78951,82.86894,17.23275,4.1875
1754523000,82.81599,82.86894,17.23275,4.1875
1754523060,82.78951,82.84247,17.23275,4.1875
1754523120,82.81599,82.86894,17.16986,4.1875
1754523180,82.78951,82.86894,17.16986,4.1875
1754523240,82.81599,82.86894,17.16986,4.1875
1754523300,82.78951,82.86894,17.16986,4.1875
1754523360,82.78951,82.86894,17.16986,4.1875
1754523420,82.78951,82.86894,17.16986,4.1875
1754523480,82.78951,82.84247,17.16986,4.1875
1754523540,82.78951,82.86894,17.23275,4.1875
1754523600,82.81599,82.86894,17.23275,4.25
1754523660,82.81599,82.86894,17.23275,4.25
1754523720,82.81599,82.84247,17.29564,4.25
1754523780,82.81599,82.86894,17.29564,4.1875
1754523840,82.78951,82.86894,17.29564,4.25
1754523900,82.81599,82.86894,17.35854,4.1875
1754523960,82.81599,82.86894,17.35854,4.1875
1754524020,82.81599,82.84247,17.35854,4.25
1754524080,82.78951,82.84247,17.35854,4.25
1754524140,82.78951,82.86894,17.35854,4.25
1754524200,82.81599,82.86894,17.29564,4.25
1754524260,82.78951,82.86894,17.29564,4.25
1754524320,82.78951,82.86894,17.29564,4.25
1754524380,82.81599,82.86894,17.29564,4.25
1754524440,82.81599,82.86894,17.29564,4.1875
1754524500,82.78951,82.86894,17.29564,4.1875
1754524560,82.78951,82.84247,17.29564,4.25
1754524620,82.78951,82.84247,17.29564,4.25
1754524680,82.78951,82.86894,17.29564,4.3125
1754524740,82.78951,82.84247,17.29564,4.3125
1754524800,82.78951,82.86894,17.29564,4.25
1754524860,82.81599,82.84247,17.29564,4.3125
1754524920,82.78951,82.86894,17.29564,4.3125
1754524980,82.81599,82.86894,17.29564,4.3125
1754525040,82.78951,82.86894,17.29564,4.3125
1754525100,82.78951,82.86894,17.29564,4.3125
1754525160,82.78951,82.86894,17.29564,4.3125
1754525220,82.78951,82.86894,17.29564,4.3125
1754525280,82.81599,82.84247,17.29564,4.3125
1754525340,82.78951,82.86894,17.29564,4.3125
1754525400,82.81599,82.86894,17.29564,4.375
1754525460,82.81599,82.86894,17.29564,4.4375
1754525520,82.81599,82.84247,17.35854,4.4375
1754525580,82.81599,82.86894,17.35854,4.5
1754525640,82.84247,82.86894,17.35854,4.5625
1754525700,82.81599,82.84247,17.35854,4.5625
1754525760,82.81599,82.86894,17.35854,4.5625
1754525820,82.84247,82.86894,17.35854,4.5
1754525880,82.81599,82.86894,17.35854,4.5
1754525940,82.84247,82.86894,17.35854,4.5
1754526000,82.81599,82.84247,17.35854,4.5625
1754526060,82.81599,82.86894,17.35854,4.5625
1754526120,82.81599,82.84247,17.35854,4.5625
1754526180,82.84247,82.86894,17.35854,4.5625
1754526240,82.81599,82.86894,17.35854,4.5625
1754526300,82.84247,82.86894,17.35854,4.5625
1754526360,82.84247,82.86894,17.35854,4.5625
1754526420,82.84247,82.86894,17.35854,4.5625
1754526480,82.81599,82.86894,17.35854,4.5
1754526540,82.84247,82.86894,17.35854,4.5
1754526600,82.84247,82.86894,17.35854,4.5625
1754526660,82.84247,82.86894,17.35854,4.5625
1754526720,82.81599,82.84247,17.35854,4.5625
1754526780,82.84247,82.86894,17.29564,4.5625
1754526840,82.84247,82.86894,17.29564,4.5625
1754526900,82.84247,82.86894,17.29564,4.5
1754526960,82.81599,82.84247,17.29564,4.5625
1754527020,82.78951,82.86894,17.23275,4.5625
1754527080,82.78951,82.86894,17.23275,4.5625
1754527140,82.78951,82.86894,17.29564,4.5
1754527200,82.84247,82.84247,17.29564,4.5
1754527260,82.81599,82.86894,17.29564,4.4375
1754527320,82.84247,82.86894,17.23275,4.4375
1754527380,82.84247,82.86894,17.23275,4.375
1754527440,82.84247,82.86894,17.23275,4.375
1754527500,82.84247,82.86894,17.29564,4.375
1754527560,82.84247,82.86894,17.29564,4.375
1754527620,82.84247,82.86894,17.29564,4.375
1754527680,82.84247,82.86894,17.29564,4.375
1754527740,82.84247,82.86894,17.29564,4.375
1754527800,82.81599,82.84247,17.23275,4.4375
1754527860,82.81599,82.86894,17.29564,4.4375
1754527920,82.81599,82.86894,17.23275,4.4375
1754527980,82.78951,82.86894,17.23275,4.4375
1754528040,82.78951,82.86894,17.23275,4.4375
1754528100,82.78951,82.86894,17.23275,4.375
1754528160,82.78951,82.86894,17.23275,4.25
1754528220,82.78951,82.86894,17.23275,4.1875
1754528280,82.78951,82.86894,17.16986,4.125
1754528340,82.78951,82.86894,17.16986,4.125
1754528400,82.78951,82.86894,17.16986,4.125
1754528460,82.78951,82.86894,17.16986,4.125
1754528520,82.78951,82.86894,17.16986,4.125
1754528580,82.78951,82.86894,17.16986,4.125
1754528640,82.78951,82.86894,17.23275,4.125
1754528700,82.81599,82.86894,17.23275,4.125
1754528760,82.81599,82.86894,17.23275,4.1875
1754528820,82.78951,82.86894,17.23275,4.125
1754528880,82.81599,82.86894,17.23275,4.1875
1754528940,82.78951,82.86894,17.23275,4.125
1754529000,82.78951,82.84247,17.23275,4.1875
1754529060,82.78951,82.84247,17.23275,4.125
1754529120,82.78951,82.86894,17.23275,4.125
1754529180,82.78951,82.86894,17.16986,4.125
1754529240,82.78951,82.86894,17.16986,4.125
1754529300,82.78951,82.86894,17.16986,4.125
1754529360,82.78951,82.86894,17.16986,4.125
1754529420,82.78951,82.86894,17.16986,4.125
1754529480,82.78951,82.86894,17.16986,4.125
1754529540,82.78951,82.86894,17.16986,4.125
1754529600,82.78951,82.86894,17.16986,4.125
1754529660,82.78951,82.86894,17.16986,4.125
1754529720,82.78951,82.86894,17.16986,4.125
1754529780,82.78951,82.86894,17.16986,4.125
1754529840,82.78951,82.86894,17.16986,4.125
1754529900,82.78951,82.86894,17.16986,4.125
1754529960,82.78951,82.86894,17.16986,4.125
1754530020,82.78951,82.86894,17.16986,4.125
1754530080,82.78951,82.86894,17.16986,4.125
1754530140,82.78951,82.86894,17.16986,4.125
1754530200,82.81599,82.86894,17.16986,4.1875
1754530260,82.81599,82.86894,17.16986,4.1875
1754530320,82.81599,82.86894,17.16986,4.1875
1754530380,82.81599,82.86894,17.16986,4.1875
1754530440,82.81599,82.86894,17.16986,4.1875
1754530500,82.81599,82.86894,17.16986,4.25
1754530560,82.81599,82.86894,17.16986,4.25
1754530620,82.84247,82.86894,17.16986,4.25
1754530680,82.81599,82.86894,17.16986,4.25
1754530740,82.81599,82.86894,17.16986,4.25
1754530800,82.81599,82.86894,17.16986,4.25
1754530860,82.81599,82.86894,17.16986,4.25
1754530920,82.81599,82.86894,17.10696,4.25
1754530980,82.81599,82.86894,17.16986,4.25
1754531040,82.81599,82.84247,17.10696,4.25
1754531100,82.81599,82.86894,17.10696,4.25
1754531160,82.81599,82.84247,17.16986,4.25
1754531220,82.84247,82.86894,17.16986,4.3125
1754531280,82.81599,82.86894,17.10696,4.375
1754531340,82.81599,82.86894,17.16986,4.375
1754531400,82.81599,82.86894,17.16986,4.4375
1754531460,82.81599,82.86894,17.23275,4.5
1754531520,82.81599,82.86894,17.23275,4.5625
1754531580,82.81599,82.86894,17.23275,4.5625
1754531640,82.81599,82.86894,17.23275,4.5
1754531700,82.81599,82.86894,17.23275,4.5625
1754531760,82.81599,82.86894,17.23275,4.5625
1754531820,82.78951,82.86894,17.29564,4.5625
1754531880,82.81599,82.86894,17.23275,4.5625
1754531940,82.81599,82.86894,17.23275,4.625
1754532000,82.81599,82.86894,17.23275,4.5625
1754532060,82.81599,82.86894,17.23275,4.5625
1754532120,82.81599,82.86894,17.23275,4.5625
1754532180,82.84247,82.84247,17.23275,4.5625
1754532240,82.81599,82.86894,17.23275,4.5625
1754532300,82.81599,82.86894,17.23275,4.5625
1754532360,82.81599,82.86894,17.23275,4.5625
1754532420,82.81599,82.86894,17.29564,4.5625
1754532480,82.84247,82.84247,17.23275,4.5625
1754532540,82.84247,82.86894,17.29564,4.5625
1754532600,82.84247,82.86894,17.29564,4.5625
1754532660,82.81599,82.86894,17.23275,4.5625
1754532720,82.81599,82.86894,17.23275,4.5625
1754532780,82.81599,82.86894,17.16986,4.5
1754532840,82.81599,82.86894,17.23275,4.5
1754532900,82.81599,82.86894,17.23275,4.5
1754532960,82.81599,82.86894,17.23275,4.4375
1754533020,82.81599,82.86894,17.23275,4.5
1754533080,82.81599,82.86894,17.23275,4.5
1754533140,82.81599,82.86894,17.23275,4.5
1754533200,82.81599,82.86894,17.23275,4.5
1754533260,82.86894,82.86894,17.23275,4.5
1754533320,82.86894,82.86894,17.23275,4.4375
1754533380,82.86894,82.86894,17.29564,4.5
1754533440,82.86894,82.86894,17.29564,4.5
1754533500,82.86894,82.86894,17.35854,4.5
1754533560,82.86894,82.84247,17.35854,4.4375
1754533620,82.84247,82.84247,17.35854,4.4375
1754533680,82.84247,82.86894,17.35854,4.375
1754533740,82.84247,82.86894,17.35854,4.3125
1754533800,82.86894,82.86894,17.35854,4.1875
1754533860,82.84247,82.86894,17.35854,4.125
1754533920,82.84247,82.84247,17.35854,4.125
1754533980,82.81599,82.86894,17.29564,4.125
1754534040,82.84247,82.86894,17.29564,4.125
1754534100,82.81599,82.86894,17.29564,4.125
1754534160,82.84247,82.86894,17.29564,4.125
1754534220,82.81599,82.86894,17.23275,4.125
1754534280,82.81599,82.86894,17.23275,4.125
1754534340,82.81599,82.86894,17.23275,4.125
1754534400,82.81599,82.86894,17.23275,4.125
1754534460,82.81599,82.86894,17.23275,4.1875
1754534520,82.81599,82.86894,17.23275,4.125
1754534580,82.84247,82.86894,17.23275,4.125
1754534640,82.81599,82.86894,17.23275,4.125
1754534700,82.81599,82.86894,17.23275,4.125
1754534760,82.81599,82.86894,17.23275,4.125
1754534820,82.84247,82.84247,17.23275,4.125
1754534880,82.81599,82.86894,17.23275,4.125
1754534940,82.81599,82.86894,17.23275,4.125
1754535000,82.84247,82.84247,17.23275,4.125
1754535060,82.81599,82.86894,17.23275,4.125
1754535120,82.81599,82.86894,17.16986,4.125
1754535180,82.84247,82.86894,17.23275,4.1875
1754535240,82.81599,82.86894,17.23275,4.1875
1754535300,82.81599,82.86894,17.23275,4.1875
1754535360,82.81599,82.86894,17.23275,4.1875
1754535420,82.81599,82.86894,17.23275,4.1875
1754535480,82.81599,82.86894,17.23275,4.1875
1754535540,82.81599,82.86894,17.23275,4.1875
1754535600,82.81599,82.86894,17.23275,4.1875
1754535660,82.81599,82.86894,17.23275,4.1875
1754535720,82.81599,82.86894,17.23275,4.1875
1754535780,82.81599,82.86894,17.23275,4.1875
1754535840,82.81599,82.86894,17.23275,4.1875
1754535900,82.81599,82.86894,17.23275,4.1875
1754535960,82.81599,82.86894,17.23275,4.1875
1754536020,82.81599,82.86894,17.23275,4.1875
1754536080,82.81599,82.86894,17.23275,4.1875
1754536140,82.81599,82.86894,17.23275,4.1875
1754536200,82.81599,82.86894,17.23275,4.1875
1754536260,82.81599,82.86894,17.23275,4.1875
1754536320,82.81599,82.86894,17.23275,4.1875
1754536380,82.84247,82.84247,17.23275,4.25
1754536440,82.84247,82.86894,17.23275,4.25
1754536500,82.84247,82.86894,17.23275,4.3125
1754536560,82.84247,82.86894,17.23275,4.3125
1754536620,82.86894,82.86894,17.23275,4.375
1754536680,82.84247,82.86894,17.23275,4.4375
1754536740,82.86894,82.86894,17.29564,4.4375
1754536800,82.84247,82.86894,17.29564,4.5
1754536860,82.86894,82.86894,17.29564,4.5
1754536920,82.86894,82.86894,17.29564,4.5
1754536980,82.84247,82.86894,17.29564,4.5
1754537040,82.86894,82.86894,17.29564,4.5
1754537100,82.86894,82.86894,17.29564,4.5
1754537160,82.86894,82.86894,17.29564,4.5
1754537220,82.84247,82.86894,17.29564,4.5
1754537280,82.84247,82.86894,17.35854,4.5
1754537340,82.84247,82.86894,17.35854,4.5
1754537400,82.84247,82.84247,17.35854,4.5625
1754537460,82.84247,82.86894,17.35854,4.5625
1754537520,82.84247,82.86894,17.35854,4.5
1754537580,82.84247,82.86894,17.35854,4.5
1754537640,82.84247,82.86894,17.35854,4.5
1754537700,82.84247,82.86894,17.29564,4.5625
1754537760,82.84247,82.86894,17.35854,4.5
1754537820,82.84247,82.84247,17.35854,4.5
1754537880,82.86894,82.86894,17.35854,4.5
1754537940,82.86894,82.86894,17.35854,4.5
1754538000,82.84247,82.86894,17.35854,4.5
1754538060,82.84247,82.86894,17.35854,4.5
1754538120,82.84247,82.86894,17.42143,4.5
1754538180,82.81599,82.86894,17.42143,4.5625
1754538240,82.84247,82.86894,17.42143,4.5
1754538300,82.84247,82.86894,17.42143,4.5625
1754538360,82.81599,82.86894,17.48433,4.5
1754538420,82.84247,82.86894,17.48433,4.5
1754538480,82.81599,82.86894,17.48433,4.4375
1754538540,82.86894,82.86894,17.48433,4.4375
1754538600,82.84247,82.86894,17.54722,4.4375
1754538660,82.84247,82.86894,17.54722,4.4375
1754538720,82.84247,82.86894,17.54722,4.4375
1754538780,82.84247,82.86894,17.54722,4.5
1754538840,82.86894,82.86894,17.48433,4.5
1754538900,82.84247,82.86894,17.54722,4.5
1754538960,82.84247,82.86894,17.54722,4.5
1754539020,82.86894,82.86894,17.48433,4.5
1754539080,82.86894,82.86894,17.48433,4.4375
1754539140,82.84247,82.86894,17.48433,4.4375
1754539200,82.84247,82.86894,17.48433,4.375
1754539260,82.84247,82.86894,17.54722,4.3125
1754539320,82.81599,82.86894,17.54722,4.1875
1754539380,82.81599,82.86894,17.48433,4.125
1754539440,82.81599,82.86894,17.42143,4.0625
1754539500,82.78951,82.86894,17.42143,4.125
1754539560,82.78951,82.86894,17.42143,4.125
1754539620,82.78951,82.86894,17.35854,4.125
1754539680,82.78951,82.86894,17.35854,4.125
1754539740,82.78951,82.86894,17.35854,4.125
1754539800,82.78951,82.86894,17.35854,4.125
1754539860,82.78951,82.86894,17.35854,4.125
1754539920,82.78951,82.84247,17.35854,4.125
1754539980,82.78951,82.86894,17.35854,4.125
1754540040,82.78951,82.86894,17.29564,4.1875
1754540100,82.81599,82.86894,17.35854,4.1875
1754540160,82.78951,82.84247,17.35854,4.1875
1754540220,82.78951,82.86894,17.35854,4.1875
1754540280,82.78951,82.86894,17.35854,4.1875
1754540340,82.78951,82.86894,17.35854,4.1875
1754540400,82.78951,82.84247,17.35854,4.1875
1754540460,82.78951,82.86894,17.35854,4.1875
1754540520,82.84247,82.86894,17.35854,4.25
1754540580,82.81599,82.86894,17.35854,4.1875
1754540640,82.81599,82.86894,17.35854,4.1875
1754540700,82.81599,82.86894,17.35854,4.25
1754540760,82.81599,82.86894,17.35854,4.25
1754540820,82.78951,82.86894,17.35854,4.25
1754540880,82.81599,82.86894,17.35854,4.1875
1754540940,82.78951,82.86894,17.35854,4.1875
1754541000,82.81599,82.86894,17.35854,4.1875
1754541060,82.81599,82.84247,17.35854,4.1875
1754541120,82.78951,82.86894,17.29564,4.25
1754541180,82.78951,82.86894,17.35854,4.1875
1754541240,82.78951,82.86894,17.35854,4.1875
1754541300,82.78951,82.86894,17.35854,4.25
1754541360,82.78951,82.86894,17.35854,4.25
1754541420,82.78951,82.86894,17.35854,4.25
1754541480,82.78951,82.86894,17.42143,4.25
1754541540,82.78951,82.86894,17.42143,4.25
1754541600,82.78951,82.86894,17.42143,4.25
1754541660,82.78951,82.86894,17.42143,4.25
1754541720,82.78951,82.86894,17.42143,4.25
1754541780,82.78951,82.86894,17.42143,4.25
1754541840,82.78951,82.86894,17.42143,4.25
1754541900,82.78951,82.86894,17.42143,4.25
1754541960,82.78951,82.86894,17.42143,4.25
1754542020,82.78951,82.86894,17.42143,4.25
1754542080,82.78951,82.86894,17.42143,4.25
1754542140,82.78951,82.86894,17.42143,4.25
1754542200,82.81599,82.86894,17.35854,4.4375
1754542260,82.84247,82.86894,17.35854,4.4375
1754542320,82.81599,82.86894,17.35854,4.5
1754542380,82.78951,82.86894,17.35854,4.5625
1754542440,82.78951,82.86894,17.35854,4.5625
1754542500,82.78951,82.86894,17.35854,4.5625
1754542560,82.78951,82.86894,17.42143,4.5625
1754542620,82.81599,82.86894,17.42143,4.5625
1754542680,82.81599,82.86894,17.42143,4.5625
1754542740,82.81599,82.86894,17.42143,4.5625
1754542800,82.84247,82.84247,17.42143,4.5625
1754542860,82.81599,82.86894,17.48433,4.5625
1754542920,82.84247,82.86894,17.48433,4.5625
1754542980,82.78951,82.86894,17.48433,4.5625
1754543040,82.78951,82.86894,17.54722,4.5625
1754543100,82.81599,82.86894,17.54722,4.5625
1754543160,82.86894,82.86894,17.54722,4.5625
1754543220,82.86894,82.86894,17.61011,4.625
1754543280,82.86894,82.86894,17.61011,4.625
1754543340,82.86894,82.86894,17.54722,4.5625
1754543400,82.86894,82.86894,17.54722,4.5625
1754543460,82.84247,82.86894,17.54722,4.5625
1754543520,82.78951,82.86894,17.54722,4.625
1754543580,82.78951,82.86894,17.48433,4.5625
1754543640,82.84247,82.86894,17.48433,4.5625
1754543700,82.76304,82.86894,17.48433,4.5
1754543760,82.78951,82.86894,17.48433,4.5
1754543820,82.78951,82.86894,17.48433,4.5
1754543880,82.76304,82.86894,17.42143,4.5
1754543940,82.76304,82.86894,17.42143,4.4375
1754544000,82.78951,82.86894,17.42143,4.4375
1754544060,82.78951,82.86894,17.42143,4.4375
1754544120,82.78951,82.86894,17.42143,4.4375
1754544180,82.78951,82.84247,17.42143,4.4375
1754544240,82.78951,82.86894,17.42143,4.4375
1754544300,82.78951,82.86894,17.42143,4.5
1754544360,82.78951,82.86894,17.42143,4.5
1754544420,82.78951,82.86894,17.42143,4.5
1754544480,82.78951,82.86894,17.42143,4.5
1754544540,82.76304,82.86894,17.35854,4.5
1754544600,82.78951,82.86894,17.42143,4.4375
1754544660,82.78951,82.86894,17.35854,4.4375
1754544720,82.78951,82.86894,17.35854,4.375
1754544780,82.78951,82.84247,17.35854,4.3125
1754544840,82.78951,82.86894,17.35854,4.25
1754544900,82.78951,82.84247,17.29564,4.125
1754544960,82.78951,82.86894,17.29564,4.125
1754545020,82.78951,82.86894,17.29564,4.125
1754545080,82.78951,82.86894,17.29564,4.125
1754545140,82.78951,82.86894,17.29564,4.125
1754545200,82.81599,82.86894,17.29564,4.125
1754545260,82.78951,82.86894,17.29564,4.125
1754545320,82.78951,82.86894,17.29564,4.125
1754545380,82.78951,82.84247,17.23275,4.125
1754545440,82.81599,82.86894,17.23275,4.125
1754545500,82.81599,82.86894,17.23275,4.125
1754545560,82.78951,82.86894,17.23275,4.1875
1754545620,82.78951,82.86894,17.23275,4.1875
1754545680,82.76304,82.86894,17.23275,4.125
1754545740,82.76304,82.86894,17.23275,4.1875
1754545800,82.76304,82.84247,17.16986,4.125
1754545860,82.76304,82.86894,17.16986,4.125
1754545920,82.76304,82.86894,17.10696,4.1875
1754545980,82.76304,82.86894,17.10696,4.125
1754546040,82.76304,82.86894,17.10696,4.125
1754546100,82.76304,82.86894,17.10696,4.125
1754546160,82.76304,82.86894,17.10696,4.1875
1754546220,82.76304,82.86894,17.10696,4.125
1754546280,82.76304,82.86894,17.16986,4.1875
1754546340,82.76304,82.86894,17.16986,4.125
1754546400,82.76304,82.84247,17.10696,4.125
1754546460,82.76304,82.86894,17.10696,4.1875
1754546520,82.76304,82.86894,17.10696,4.1875
1754546580,82.76304,82.86894,17.10696,4.1875
1754546640,82.76304,82.86894,17.10696,4.1875
1754546700,82.76304,82.86894,17.10696,4.125
1754546760,82.76304,82.86894,17.10696,4.1875
1754546820,82.76304,82.86894,17.10696,4.1875
1754546880,82.76304,82.86894,17.10696,4.1875
1754546940,82.76304,82.86894,17.10696,4.1875
1754547000,82.76304,82.86894,17.10696,4.1875
1754547060,82.76304,82.84247,17.10696,4.1875
1754547120,82.76304,82.86894,17.10696,4.1875
1754547180,82.76304,82.86894,17.10696,4.1875
1754547240,82.76304,82.86894,17.10696,4.1875
1754547300,82.76304,82.86894,17.10696,4.25
1754547360,82.76304,82.86894,17.10696,4.25
1754547420,82.76304,82.86894,17.10696,4.3125
1754547480,82.76304,82.84247,17.10696,4.3125
1754547540,82.78951,82.86894,17.10696,4.3125
1754547600,82.78951,82.86894,17.10696,4.3125
1754547660,82.78951,82.86894,17.10696,4.3125
1754547720,82.78951,82.86894,17.10696,4.3125
1754547780,82.78951,82.86894,17.10696,4.3125
1754547840,82.78951,82.86894,17.10696,4.3125
1754547900,82.78951,82.86894,17.10696,4.3125
1754547960,82.78951,82.86894,17.10696,4.3125
1754548020,82.78951,82.86894,17.29564,4.5
1754548080,82.78951,82.86894,17.29564,4.5
1754548140,82.78951,82.86894,17.29564,4.5
1754548200,82.78951,82.86894,17.29564,4.5625
1754548260,82.78951,82.86894,17.29564,4.5
1754548320,82.78951,82.86894,17.29564,4.5
1754548380,82.81599,82.86894,17.29564,4.5
1754548440,82.78951,82.84247,17.29564,4.5
1754548500,82.78951,82.86894,17.29564,4.5
1754548560,82.78951,82.86894,17.29564,4.5625
1754548620,82.81599,82.86894,17.29564,4.5
1754548680,82.78951,82.86894,17.29564,4.5
1754548740,82.81599,82.86894,17.23275,4.5625
1754548800,82.81599,82.86894,17.23275,4.5625
1754548860,82.81599,82.86894,17.23275,4.5625
1754548920,82.78951,82.86894,17.29564,4.5625
1754548980,82.81599,82.86894,17.23275,4.5625
1754549040,82.81599,82.86894,17.29564,4.5625
1754549100,82.81599,82.86894,17.29564,4.625
1754549160,82.78951,82.84247,17.29564,4.5625
1754549220,82.81599,82.86894,17.29564,4.5625
1754549280,82.81599,82.86894,17.29564,4.5625
1754549340,82.81599,82.86894,17.29564,4.5625
1754549400,82.78951,82.86894,17.29564,4.5
1754549460,82.81599,82.86894,17.29564,4.5
1754549520,82.81599,82.84247,17.29564,4.4375
1754549580,82.81599,82.86894,17.29564,4.4375
1754549640,82.81599,82.84247,17.29564,4.4375
1754549700,82.78951,82.86894,17.23275,4.4375
1754549760,82.81599,82.86894,17.23275,4.4375
1754549820,82.78951,82.86894,17.23275,4.4375
1754549880,82.78951,82.86894,17.23275,4.5
1754549940,82.81599,82.86894,17.23275,4.5
1754550000,82.84247,82.86894,17.23275,4.5
1754550060,82.81599,82.86894,17.23275,4.5
1754550120,82.81599,82.86894,17.23275,4.5
1754550180,82.81599,82.86894,17.23275,4.4375
1754550240,82.81599,82.86894,17.23275,4.4375
1754550300,82.81599,82.86894,17.23275,4.4375
1754550360,82.78951,82.84247,17.23275,4.375
1754550420,82.78951,82.86894,17.23275,4.3125
1754550480,82.78951,82.86894,17.23275,4.25
1754550540,82.78951,82.86894,17.16986,4.125
1754550600,82.78951,82.86894,17.16986,4.125
1754550660,82.78951,82.86894,17.16986,4.125
1754550720,82.78951,82.86894,17.10696,4.125
1754550780,82.76304,82.86894,17.10696,4.125
1754550840,82.78951,82.86894,17.10696,4.1875
1754550900,82.78951,82.86894,17.10696,4.125
1754550960,82.78951,82.86894,17.10696,4.125
1754551020,82.81599,82.84247,17.10696,4.125
1754551080,82.78951,82.86894,17.10696,4.125
1754551140,82.76304,82.84247,17.16986,4.125
1754551200,82.78951,82.86894,17.16986,4.125
1754551260,82.78951,82.86894,17.10696,4.125
1754551320,82.78951,82.86894,17.10696,4.125
1754551380,82.78951,82.86894,17.10696,4.1875
1754551440,82.78951,82.86894,17.10696,4.1875
1754551500,82.78951,82.86894,17.10696,4.1875
1754551560,82.78951,82.86894,17.10696,4.125
1754551620,82.78951,82.86894,17.10696,4.1875
1754551680,82.78951,82.86894,17.10696,4.1875
1754551740,82.76304,82.84247,17.10696,4.1875
1754551800,82.78951,82.86894,17.10696,4.1875
1754551860,82.78951,82.86894,17.10696,4.1875
1754551920,82.78951,82.86894,17.10696,4.1875
1754551980,82.78951,82.86894,17.04407,4.1875
1754552040,82.78951,82.86894,17.04407,4.1875
1754552100,82.78951,82.86894,17.04407,4.1875
1754552160,82.76304,82.86894,17.04407,4.1875
1754552220,82.76304,82.84247,17.04407,4.1875
1754552280,82.76304,82.86894,17.04407,4.1875
1754552340,82.78951,82.86894,17.04407,4.1875
1754552400,82.78951,82.86894,17.04407,4.1875
1754552460,82.78951,82.86894,17.10696,4.1875
1754552520,82.78951,82.86894,17.10696,4.1875
1754552580,82.78951,82.86894,17.16986,4.1875
1754552640,82.78951,82.86894,17.16986,4.1875
1754552700,82.78951,82.86894,17.16986,4.25
1754552760,82.78951,82.86894,17.23275,4.25
1754552820,82.76304,82.86894,17.23275,4.3125
1754552880,82.76304,82.86894,17.29564,4.375
1754552940,82.76304,82.86894,17.29564,4.375
1754553000,82.78951,82.86894,17.35854,4.4375
1754553060,82.78951,82.86894,17.35854,4.4375
1754553120,82.78951,82.84247,17.35854,4.5
1754553180,82.81599,82.86894,17.35854,4.5625
1754553240,82.78951,82.86894,17.42143,4.625
1754553300,82.78951,82.86894,17.35854,4.5625
1754553360,82.81599,82.86894,17.42143,4.625
1754553420,82.78951,82.86894,17.35854,4.5625
1754553480,82.78951,82.86894,17.42143,4.5625
1754553540,82.78951,82.86894,17.42143,4.5625
1754553600,82.78951,82.86894,17.42143,4.5625
1754553660,82.78951,82.86894,17.42143,4.5625
1754553720,82.78951,82.86894,17.42143,4.5625
1754553780,82.78951,82.86894,17.42143,4.5625
1754553840,82.84247,82.86894,17.35854,4.625
1754553900,82.78951,82.86894,17.35854,4.625
1754553960,82.84247,82.84247,17.35854,4.625
1754554020,82.84247,82.86894,17.35854,4.625
1754554080,82.81599,82.86894,17.35854,4.625
1754554140,82.84247,82.86894,17.35854,4.625
1754554200,82.84247,82.86894,17.42143,4.625
1754554260,82.84247,82.86894,17.42143,4.625
1754554320,82.84247,82.86894,17.42143,4.6875
1754554380,82.86894,82.86894,17.42143,4.625
1754554440,82.81599,82.86894,17.42143,4.6875
1754554500,82.86894,82.86894,17.42143,4.6875
1754554560,82.84247,82.86894,17.42143,4.625
1754554620,82.86894,82.86894,17.42143,4.6875
1754554680,82.84247,82.86894,17.48433,4.6875
1754554740,82.84247,82.86894,17.48433,4.625
1754554800,82.81599,82.86894,17.48433,4.6875
1754554860,82.78951,82.86894,17.48433,4.6875
1754554920,82.84247,82.86894,17.54722,4.625
1754554980,82.78951,82.86894,17.54722,4.625
1754555040,82.84247,82.86894,17.54722,4.625
1754555100,82.84247,82.86894,17.54722,4.625
1754555160,82.81599,82.86894,17.54722,4.5625
1754555220,82.81599,82.86894,17.54722,4.625
1754555280,82.86894,82.86894,17.54722,4.625
1754555340,82.81599,82.86894,17.29564,4.625
1754555400,82.78951,82.86894,17.23275,4.625
1754555460,82.81599,82.86894,17.23275,4.6875
1754555520,82.81599,82.86894,17.23275,4.625
1754555580,82.81599,82.86894,17.23275,4.6875
1754555640,82.81599,82.86894,17.16986,4.6875
1754555700,82.81599,82.86894,17.16986,4.625
1754555760,82.78951,82.86894,17.16986,4.625
1754555820,82.81599,82.86894,17.16986,4.625
1754555880,82.78951,82.86894,17.10696,4.5625
1754555940,82.76304,82.86894,17.10696,4.5
1754556000,82.76304,82.86894,17.10696,4.4375
1754556060,82.76304,82.86894,17.10696,4.3125
1754556120,82.76304,82.86894,17.04407,4.3125
1754556180,82.78951,82.86894,17.04407,4.3125
1754556240,82.78951,82.86894,16.98118,4.3125
1754556300,82.78951,82.84247,16.98118,4.3125
1754556360,82.78951,82.86894,16.98118,4.3125
1754556420,82.78951,82.86894,16.91828,4.3125
1754556480,82.78951,82.86894,16.91828,4.3125
1754556540,82.78951,82.86894,16.91828,4.3125
1754556600,82.78951,82.86894,16.91828,4.3125
1754556660,82.78951,82.86894,16.91828,4.3125
1754556720,82.78951,82.86894,16.91828,4.3125
1754556780,82.76304,82.86894,16.91828,4.3125
1754556840,82.78951,82.84247,17.10696,4.3125
1754556900,82.78951,82.86894,17.23275,4.25
1754556960,82.78951,82.86894,17.23275,4.25
1754557020,82.78951,82.86894,17.29564,4.25
1754557080,82.76304,82.86894,17.29564,4.3125
1754557140,82.76304,82.86894,17.29564,4.3125
1754557200,82.76304,82.86894,17.29564,4.3125
1754557260,82.76304,82.86894,17.35854,4.375
1754557320,82.76304,82.86894,17.35854,4.3125
1754557380,82.76304,82.86894,17.42143,4.3125
1754557440,82.78951,82.86894,17.42143,4.375
1754557500,82.81599,82.86894,17.48433,4.375
1754557560,82.81599,82.86894,17.48433,4.4375
1754557620,82.81599,82.86894,17.54722,4.4375
1754557680,82.84247,82.86894,17.54722,4.375
1754557740,82.84247,82.86894,17.48433,4.4375
1754557800,82.81599,82.86894,17.54722,4.4375
1754557860,82.84247,82.86894,17.48433,4.4375
1754557920,82.81599,82.86894,17.54722,4.4375
1754557980,82.78951,82.86894,17.48433,4.4375
1754558040,82.81599,82.86894,17.48433,4.4375
1754558100,82.81599,82.86894,17.48433,4.4375
1754558160,82.78951,82.86894,17.48433,4.4375
1754558220,82.84247,82.86894,17.48433,4.5
1754558280,82.78951,82.86894,17.48433,4.5
1754558340,82.78951,82.86894,17.48433,4.5625
1754558400,82.78951,82.86894,17.42143,4.5625
1754558460,82.78951,82.86894,17.42143,4.5625
1754558520,82.78951,82.86894,17.42143,4.5625
1754558580,82.78951,82.86894,17.42143,4.5625
1754558640,82.81599,82.86894,17.35854,4.625
1754558700,82.78951,82.86894,17.35854,4.625
1754558760,82.84247,82.86894,17.35854,4.625
1754558820,82.84247,82.86894,17.42143,4.6875
1754558880,82.86894,82.86894,17.42143,4.6875
1754558940,82.84247,82.86894,17.42143,4.75
1754559000,82.81599,82.86894,17.48433,4.75
1754559060,82.84247,82.86894,17.48433,4.75
1754559120,82.84247,82.86894,17.48433,4.6875
1754559180,82.81599,82.86894,17.48433,4.6875
1754559240,82.81599,82.86894,17.48433,4.75
1754559300,82.81599,82.86894,17.48433,4.75
1754559360,82.81599,82.86894,17.48433,4.75
1754559420,82.81599,82.86894,17.48433,4.75
1754559480,82.81599,82.86894,17.48433,4.75
1754559540,82.81599,82.86894,17.48433,4.75
1754559600,82.81599,82.86894,17.48433,4.75
1754559660,82.81599,82.86894,17.48433,4.75
1754559720,82.78951,82.86894,17.42143,4.6875
1754559780,82.81599,82.86894,17.42143,4.75
1754559840,82.78951,82.86894,17.42143,4.75
1754559900,82.86894,82.86894,17.42143,4.75
1754559960,82.86894,82.86894,17.42143,4.6875
1754560020,82.84247,82.84247,17.42143,4.75
1754560080,82.78951,82.86894,17.42143,4.75
1754560140,82.81599,82.86894,17.42143,4.75
1754560200,82.78951,82.86894,17.42143,4.6875
1754560260,82.84247,82.86894,17.42143,4.6875
1754560320,82.78951,82.86894,17.42143,4.625
1754560380,82.78951,82.86894,17.42143,4.625
1754560440,82.78951,82.86894,17.42143,4.625
1754560500,82.78951,82.86894,17.42143,4.5625
1754560560,82.81599,82.86894,17.42143,4.5625
1754560620,82.81599,82.84247,17.35854,4.5625
1754560680,82.86894,82.86894,17.35854,4.5
1754560740,82.84247,82.84247,17.35854,4.5
1754560800,82.89542,82.86894,17.35854,4.4375
1754560860,82.86894,82.86894,17.42143,4.5
1754560920,82.89542,82.86894,17.42143,4.4375
1754560980,82.81599,82.84247,17.42143,4.375
1754561040,82.78951,82.86894,17.35854,4.375
1754561100,82.78951,82.86894,17.35854,4.375
1754561160,82.78951,82.86894,17.35854,4.375
1754561220,82.78951,82.86894,17.35854,4.4375
1754561280,82.78951,82.86894,17.35854,4.4375
1754561340,82.78951,82.84247,17.35854,4.4375
1754561400,82.78951,82.86894,17.35854,4.4375
1754561460,82.78951,82.86894,17.35854,4.4375
1754561520,82.78951,82.86894,17.35854,4.375
1754561580,82.78951,82.86894,17.29564,4.3125
1754561640,82.78951,82.86894,17.23275,4.25
1754561700,82.76304,82.86894,17.23275,4.25
1754561760,82.78951,82.86894,17.23275,4.25
1754561820,82.78951,82.86894,17.23275,4.25
1754561880,82.78951,82.86894,17.23275,4.3125
1754561940,82.76304,82.86894,17.23275,4.3125
1754562000,82.78951,82.86894,17.23275,4.25
1754562060,82.78951,82.86894,17.29564,4.3125
1754562120,82.76304,82.86894,17.29564,4.3125
1754562180,82.78951,82.86894,17.35854,4.3125
1754562240,82.78951,82.86894,17.35854,4.3125
1754562300,82.78951,82.86894,17.35854,4.3125
1754562360,82.78951,82.86894,17.42143,4.3125
1754562420,82.81599,82.86894,17.35854,4.3125
1754562480,82.78951,82.86894,17.42143,4.3125
1754562540,82.81599,82.86894,17.42143,4.3125
1754562600,82.84247,82.86894,17.42143,4.3125
1754562660,82.84247,82.86894,17.42143,4.3125
1754562720,82.86894,82.86894,17.42143,4.3125
1754562780,82.84247,82.84247,17.42143,4.3125
1754562840,82.89542,82.86894,17.48433,4.3125
1754562900,82.86894,82.86894,17.48433,4.3125
1754562960,82.81599,82.86894,17.48433,4.375
1754563020,82.84247,82.86894,17.48433,4.375
1754563080,82.84247,82.86894,17.48433,4.3125
1754563140,82.84247,82.86894,17.48433,4.375
1754563200,82.86894,82.86894,17.48433,4.375
1754563260,82.86894,82.86894,17.48433,4.375
1754563320,82.86894,82.86894,17.48433,4.375
1754563380,82.89542,82.86894,17.48433,4.3125
1754563440,82.81599,82.86894,17.48433,4.375
1754563500,82.86894,82.84247,17.48433,4.375
1754563560,82.89542,82.86894,17.48433,4.375
1754563620,82.86894,82.86894,17.48433,4.375
1754563680,82.86894,82.86894,17.48433,4.375
1754563740,82.89542,82.86894,17.48433,4.375
1754563800,82.86894,82.86894,17.48433,4.375
1754563860,82.86894,82.86894,17.48433,4.375
1754563920,82.89542,82.86894,17.54722,4.4375
1754563980,82.86894,82.86894,17.54722,4.4375
1754564040,82.89542,82.86894,17.54722,4.5
1754564100,82.89542,82.86894,17.54722,4.5
1754564160,82.89542,82.86894,17.48433,4.5
1754564220,82.89542,82.86894,17.48433,4.5625
1754564280,82.86894,82.86894,17.48433,4.625
1754564340,82.86894,82.84247,17.48433,4.625
1754564400,82.89542,82.86894,17.54722,4.6875
1754564460,82.86894,82.86894,17.54722,4.75
1754564520,82.84247,82.86894,17.54722,4.6875
1754564580,82.81599,82.86894,17.54722,4.6875
1754564640,82.89542,82.86894,17.54722,4.6875
1754564700,82.81599,82.86894,17.48433,4.6875
1754564760,82.89542,82.86894,17.48433,4.75
1754564820,82.84247,82.86894,17.54722,4.6875
1754564880,82.84247,82.84247,17.54722,4.75
1754564940,82.89542,82.86894,17.54722,4.75
1754565000,82.81599,82.86894,17.54722,4.75
1754565060,82.84247,82.86894,17.54722,4.75
1754565120,82.86894,82.86894,17.54722,4.75
1754565180,82.86894,82.84247,17.54722,4.75
1754565240,82.86894,82.86894,17.54722,4.6875
1754565300,82.86894,82.86894,17.54722,4.75
1754565360,82.86894,82.86894,17.35854,4.75
1754565420,82.81599,82.86894,17.23275,4.75
1754565480,82.81599,82.86894,17.23275,4.75
1754565540,82.81599,82.84247,17.23275,4.75
1754565600,82.81599,82.86894,17.16986,4.75
1754565660,82.81599,82.86894,17.16986,4.75
1754565720,82.81599,82.86894,17.16986,4.75
1754565780,82.84247,82.86894,17.16986,4.75
1754565840,82.84247,82.86894,17.10696,4.8125
1754565900,82.81599,82.86894,17.10696,4.8125
1754565960,82.78951,82.84247,17.10696,4.8125
1754566020,82.78951,82.86894,17.10696,4.75
1754566080,82.78951,82.86894,17.10696,4.75
1754566140,82.84247,82.86894,17.04407,4.6875
1754566200,82.78951,82.86894,17.04407,4.6875
1754566260,82.78951,82.86894,17.04407,4.625
1754566320,82.84247,82.86894,16.98118,4.625
1754566380,82.81599,82.86894,16.91828,4.5625
1754566440,82.78951,82.86894,16.85539,4.5
1754566500,82.81599,82.86894,16.85539,4.5
1754566560,82.81599,82.84247,16.85539,4.4375
1754566620,82.78951,82.84247,16.91828,4.4375
1754566680,82.81599,82.86894,16.91828,4.5
1754566740,82.81599,82.86894,16.91828,4.5
1754566800,82.81599,82.84247,16.91828,4.5625
1754566860,82.78951,82.86894,16.98118,4.625
1754566920,82.81599,82.86894,16.98118,4.6875
1754566980,82.81599,82.86894,17.04407,4.6875
1754567040,82.81599,82.86894,17.04407,4.6875
1754567100,82.81599,82.86894,17.10696,4.6875
1754567160,82.81599,82.86894,17.10696,4.625
1754567220,82.81599,82.86894,17.10696,4.5625
1754567280,82.78951,82.84247,17.04407,4.4375
1754567340,82.78951,82.86894,17.04407,4.375
1754567400,82.78951,82.86894,16.98118,4.375
1754567460,82.78951,82.86894,16.98118,4.375
1754567520,82.76304,82.86894,16.98118,4.375
1754567580,82.76304,82.86894,16.91828,4.375
1754567640,82.76304,82.86894,16.91828,4.375
1754567700,82.76304,82.86894,16.91828,4.375
1754567760,82.76304,82.86894,16.98118,4.375
1754567820,82.76304,82.86894,16.98118,4.375
1754567880,82.76304,82.86894,16.98118,4.375
1754567940,82.76304,82.84247,16.98118,4.375
1754568000,82.76304,82.86894,16.98118,4.375
1754568060,82.76304,82.86894,16.91828,4.375
1754568120,82.76304,82.86894,16.91828,4.375
1754568180,82.76304,82.86894,16.91828,4.3125
1754568240,82.76304,82.86894,16.91828,4.3125
1754568300,82.76304,82.86894,16.91828,4.3125
1754568360,82.76304,82.84247,16.91828,4.375
1754568420,82.76304,82.86894,16.91828,4.3125
1754568480,82.76304,82.86894,16.91828,4.3125
1754568540,82.76304,82.86894,16.91828,4.3125
1754568600,82.76304,82.84247,16.91828,4.3125
1754568660,82.76304,82.86894,16.91828,4.3125
1754568720,82.76304,82.86894,16.98118,4.3125
1754568780,82.76304,82.86894,16.98118,4.3125
1754568840,82.76304,82.86894,16.98118,4.3125
1754568900,82.76304,82.86894,16.98118,4.3125
1754568960,82.76304,82.86894,16.98118,4.3125
1754569020,82.76304,82.86894,16.98118,4.3125
1754569080,82.76304,82.86894,16.91828,4.375
1754569140,82.76304,82.84247,16.91828,4.375
1754569200,82.76304,82.86894,16.91828,4.375
1754569260,82.76304,82.86894,16.91828,4.4375
1754569320,82.76304,82.86894,16.91828,4.4375
1754569380,82.76304,82.86894,16.91828,4.5
1754569440,82.76304,82.84247,16.91828,4.5
1754569500,82.76304,82.86894,16.91828,4.5
1754569560,82.76304,82.86894,16.91828,4.5
1754569620,82.76304,82.86894,16.91828,4.5
1754569680,82.76304,82.86894,17.04407,4.5625
1754569740,82.76304,82.86894,17.16986,4.5625
1754569800,82.76304,82.86894,17.16986,4.5625
1754569860,82.76304,82.86894,17.16986,4.625
1754569920,82.76304,82.84247,17.23275,4.625
1754569980,82.76304,82.86894,17.23275,4.6875
1754570040,82.76304,82.86894,17.23275,4.6875
1754570100,82.76304,82.86894,17.23275,4.625
1754570160,82.76304,82.86894,17.23275,4.625
1754570220,82.76304,82.86894,17.23275,4.625
1754570280,82.76304,82.86894,17.23275,4.625
1754570340,82.76304,82.86894,17.23275,4.625
1754570400,82.76304,82.86894,17.23275,4.6875
1754570460,82.76304,82.86894,17.23275,4.625
1754570520,82.76304,82.86894,17.23275,4.6875
1754570580,82.76304,82.86894,17.23275,4.6875
1754570640,82.76304,82.86894,17.29564,4.6875
1754570700,82.76304,82.84247,17.29564,4.6875
1754570760,82.76304,82.86894,17.29564,4.6875
1754570820,82.76304,82.86894,17.29564,4.6875
1754570880,82.76304,82.86894,17.29564,4.625
1754570940,82.76304,82.86894,17.29564,4.625
1754571000,82.76304,82.86894,17.29564,4.625
1754571060,82.76304,82.86894,17.29564,4.6875
1754571120,82.76304,82.86894,17.23275,4.625
1754571180,82.76304,82.86894,17.23275,4.625
1754571240,82.76304,82.86894,17.16986,4.625
1754571300,82.76304,82.86894,17.23275,4.625
1754571360,82.76304,82.86894,17.23275,4.625
1754571420,82.76304,82.86894,17.23275,4.625
1754571480,82.76304,82.86894,17.23275,4.5625
1754571540,82.76304,82.86894,17.23275,4.625
1754571600,82.76304,82.86894,17.23275,4.625
1754571660,82.76304,82.86894,17.29564,4.5625
1754571720,82.76304,82.86894,17.29564,4.5625
1754571780,82.76304,82.86894,17.35854,4.5625
1754571840,82.76304,82.84247,17.35854,4.5625
1754571900,82.76304,82.86894,17.35854,4.5625
1754571960,82.76304,82.86894,17.42143,4.5625
1754572020,82.76304,82.86894,17.42143,4.5625
1754572080,82.76304,82.86894,17.42143,4.5625
1754572140,82.76304,82.86894,17.42143,4.5625
1754572200,82.76304,82.86894,17.42143,4.5625
1754572260,82.76304,82.86894,17.42143,4.5625
1754572320,82.76304,82.86894,17.42143,4.5625
1754572380,82.76304,82.86894,17.42143,4.5625
1754572440,82.76304,82.86894,17.42143,4.5625
1754572500,82.76304,82.86894,17.42143,4.5625
1754572560,82.76304,82.86894,17.42143,4.4375
1754572620,82.76304,82.84247,17.42143,4.4375
1754572680,82.76304,82.86894,17.42143,4.3125
1754572740,82.76304,82.84247,17.42143,4.25
1754572800,82.76304,82.86894,17.42143,4.1875
1754572860,82.78951,82.86894,17.35854,4.1875
1754572920,82.78951,82.86894,17.35854,4.1875
1754572980,82.78951,82.86894,17.35854,4.25
1754573040,82.76304,82.84247,17.35854,4.1875
1754573100,82.78951,82.86894,17.35854,4.1875
1754573160,82.78951,82.86894,17.35854,4.25
1754573220,82.78951,82.86894,17.29564,4.25
1754573280,82.78951,82.86894,17.29564,4.25
1754573340,82.78951,82.86894,17.29564,4.1875
1754573400,82.78951,82.86894,17.29564,4.1875
1754573460,82.78951,82.86894,17.29564,4.25
1754573520,82.78951,82.86894,17.29564,4.1875
1754573580,82.78951,82.86894,17.29564,4.1875
1754573640,82.78951,82.86894,17.29564,4.1875
1754573700,82.78951,82.86894,17.29564,4.25
1754573760,82.78951,82.84247,17.29564,4.1875
1754573820,82.78951,82.86894,17.29564,4.25
1754573880,82.78951,82.86894,17.29564,4.1875
1754573940,82.78951,82.86894,17.29564,4.1875
1754574000,82.81599,82.86894,17.29564,4.25
1754574060,82.78951,82.86894,17.29564,4.25
1754574120,82.78951,82.84247,17.29564,4.25
1754574180,82.78951,82.86894,17.23275,4.25
1754574240,82.78951,82.86894,17.29564,4.25
1754574300,82.78951,82.86894,17.29564,4.25
