1754470860,147.38752,335.11268,0
1754470920,147.38752,335.11268,0
1754470980,147.38752,335.11268,0
1754471040,147.38752,335.11268,0
1754471100,147.38752,335.11268,0
1754471160,147.38752,335.11268,0
1754471220,147.38752,335.11268,0
1754471280,147.38752,335.11268,0
1754471340,147.38752,335.11268,0
1754471400,147.38752,335.11268,0
1754471460,147.38752,335.11268,0
1754471520,147.38752,335.11268,0
1754471580,147.38752,335.11268,0
1754471640,147.38752,335.11268,0
1754471700,147.38752,335.11268,0
1754471760,147.38752,335.11268,0
1754471820,147.38752,335.11268,0
1754471880,147.38752,335.11268,0
1754471940,147.38752,335.11268,0
1754472000,147.38752,335.11268,0
1754472060,147.38752,335.11268,0
1754472120,147.38752,335.11268,0
1754472180,147.38752,335.11268,0
1754472240,147.38752,335.11268,0
1754472300,147.38752,335.11268,0
1754472360,147.38752,335.11268,0
1754472420,147.38752,335.11268,0
1754472480,147.38752,335.11268,0
1754472540,147.38752,335.11268,0
1754472600,147.38752,335.11268,0
1754472660,147.38752,335.11268,0
1754472720,147.38752,335.11268,0
1754472780,147.38752,335.11268,0
1754472840,147.38752,335.11268,0
1754472900,147.38752,335.11268,0
1754472960,147.38752,335.11268,0
1754473020,147.38752,335.11268,0
1754473080,147.38752,335.11268,0
1754473140,147.38752,335.11268,0
1754473200,147.38752,335.11268,0
1754473260,147.38752,335.11268,0
1754473320,147.38752,335.11268,0
1754473380,147.38752,335.11268,0
1754473440,147.38752,335.11268,0
1754473500,147.38752,335.11268,0
1754473560,147.38752,335.11268,0
1754473620,147.38752,335.11268,0
1754473680,147.38752,335.11268,0
1754473740,147.38752,335.11268,0
1754473800,147.38752,335.11268,0
1754473860,147.38752,335.11268,0
1754473920,147.38752,335.11268,0
1754473980,147.38752,335.11268,0
1754474040,147.38752,335.11268,0
1754474100,147.38752,335.11268,0
1754474160,147.38752,335.11268,0
1754474220,147.38752,335.11268,0
1754474280,147.38752,335.11268,0
1754474340,147.38752,335.11268,0
1754474400,147.38752,335.11268,0
1754474460,147.38752,335.11268,0
1754474520,147.38752,335.11268,0
1754474580,147.38752,335.11268,0
1754474640,147.38752,335.11268,0
1754474700,147.38752,335.11268,0
1754474760,147.38752,335.11268,0
1754474820,147.38752,335.11268,0
1754474880,147.38752,335.11268,0
1754474940,147.38752,335.11268,0
1754475000,147.38752,335.11268,0
1754475060,147.38752,335.11268,0
1754475120,147.38752,335.11268,0
1754475180,147.38752,335.11268,0
1754475240,147.38752,335.11268,0
1754475300,147.38752,335.11268,0
1754475360,147.38752,335.11268,0
1754475420,147.38752,335.11268,0
1754475480,147.38752,335.11268,0
1754475540,147.38752,335.11268,0
1754475600,147.38752,335.11268,0
1754475660,147.38752,335.11268,0
1754475720,147.38752,335.11268,0
1754475780,147.38752,335.11268,0
1754475840,147.38752,335.11268,0
1754475900,147.38752,335.11268,0
1754475960,147.38752,335.11268,0
1754476020,147.38752,335.11268,0
1754476080,147.38752,335.11268,0
1754476140,147.38752,335.11268,0
1754476200,147.38752,335.11268,0
1754476260,147.38752,335.11268,0
1754476320,147.38752,335.11268,0
1754476380,147.38752,335.11268,0
1754476440,147.38752,335.11268,0
1754476500,147.38752,335.11268,0
1754476560,147.38752,335.11268,0
1754476620,147.38752,335.11268,0
1754476680,147.38752,335.11268,0
1754476740,147.38752,335.11268,0
1754476800,147.38752,335.11268,0
1754476860,147.38752,335.11268,0
1754476920,147.38752,335.11268,0
1754476980,147.38752,335.11268,0
1754477040,147.38752,335.11268,0
1754477100,147.38752,335.11268,0
1754477160,147.38752,335.11268,0
1754477220,147.38752,335.11268,0
1754477280,147.38752,335.11268,0
1754477340,147.38752,335.11268,0
1754477400,147.38752,335.11268,0
1754477460,147.38752,335.11268,0
1754477520,147.38752,335.11268,0
1754477580,147.38752,335.11268,0
1754477640,147.38752,335.11268,0
1754477700,147.38752,335.11268,0
1754477760,147.38752,335.11268,0
1754477820,147.38752,335.11268,0
1754477880,147.38752,335.11268,0
1754477940,147.38752,335.11268,0
1754478000,147.38752,335.11268,0
1754478060,147.38752,335.11268,0
1754478120,147.38752,335.11268,0
1754478180,147.38752,335.11268,0
1754478240,147.38752,335.11268,0
1754478300,147.38752,335.11268,0
1754478360,147.38752,335.11268,0
1754478420,147.38752,335.11268,0
1754478480,147.38752,335.11268,0
1754478540,147.38752,335.11268,0
1754478600,147.38752,335.11268,0
1754478660,147.38752,335.11268,0
1754478720,147.38752,335.11268,0
1754478780,147.38752,335.11268,0
1754478840,147.38752,335.11268,0
1754478900,147.38752,335.11268,0
1754478960,147.38752,335.11268,0
1754479020,147.38752,335.11268,0
1754479080,147.38752,335.11268,0
1754479140,147.38752,335.11268,0
1754479200,147.38752,335.11268,0
1754479260,147.38752,335.11268,0
1754479320,147.38752,335.11268,0
1754479380,147.38752,335.11268,0
1754479440,147.38752,335.11268,0
1754479500,147.38752,335.11268,0
1754479560,147.38752,335.11268,0
1754479620,147.38752,335.11268,0
1754479680,147.38752,335.11268,0
1754479740,147.38752,335.11268,0
1754479800,147.38752,335.11268,0
1754479860,147.38752,335.11268,0
1754479920,147.38752,335.11268,0
1754479980,147.38752,335.11268,0
1754480040,147.38752,335.11268,0
1754480100,147.38752,335.11268,0
1754480160,147.38752,335.11268,0
1754480220,147.38752,335.11268,0
1754480280,147.38752,335.11268,0
1754480340,147.38752,335.11268,0
1754480400,147.38752,335.11268,0
1754480460,147.38752,335.11268,0
1754480520,147.38752,335.11268,0
1754480580,147.38752,335.11268,0
1754480640,147.38752,335.11268,0
1754480700,147.38752,335.11268,0
1754480760,147.38752,335.11268,0
1754480820,147.38752,335.11268,0
1754480880,147.38752,335.11268,0
1754480940,147.38752,335.11268,0
1754481000,147.38752,335.11268,0
1754481060,147.38752,335.11268,0
1754481120,147.38752,335.11268,0
1754481180,147.38752,335.11268,0
1754481240,147.38752,335.11268,0
1754481300,147.38752,335.11268,0
1754481360,147.38752,335.11268,0
1754481420,147.38752,335.11268,0
1754481480,147.38752,335.11268,0
1754481540,147.38752,335.11268,0
1754481600,147.38752,335.11268,0
1754481660,147.38752,335.11268,0
1754481720,147.38752,335.11268,0
1754481780,147.38752,335.11268,0
1754481840,147.38752,335.11268,0
1754481900,147.38752,335.11268,0
1754481960,147.38752,335.11268,0
1754482020,147.38752,335.11268,0
1754482080,147.38752,335.11268,0
1754482140,147.38752,335.11268,0
1754482200,147.38752,335.11268,0
1754482260,147.38752,335.11268,0
1754482320,147.38752,335.11268,0
1754482380,147.38752,335.11268,0
1754482440,147.38752,335.11268,0
1754482500,147.38752,335.11268,0
1754482560,147.38752,335.11268,0
1754482620,147.38752,335.11268,0
1754482680,147.38752,335.11268,0
1754482740,147.38752,335.11268,0
1754482800,147.38752,335.11268,0
1754482860,147.38752,335.11268,0
1754482920,147.38752,335.11268,0
1754482980,147.38752,335.11268,0
1754483040,147.38752,335.11268,0
1754483100,147.38752,335.11268,0
1754483160,147.38752,335.11268,0
1754483220,147.38752,335.11268,0
1754483280,147.38752,335.11268,0
1754483340,147.38752,335.11268,0
1754483400,147.38752,335.11268,0
1754483460,147.38752,335.11268,0
1754483520,147.38752,335.11268,0
1754483580,147.38752,335.11268,0
1754483640,147.38752,335.11268,0
1754483700,147.38752,335.11268,0
1754483760,147.38752,335.11268,0
1754483820,147.38752,335.11268,0
1754483880,147.38752,335.11268,0
1754483940,147.38752,335.11268,0
1754484000,147.38752,335.11268,0
1754484060,147.38752,335.11268,0
1754484120,147.38752,335.11268,0
1754484180,147.38752,335.11268,0
1754484240,147.38752,335.11268,0
1754484300,147.38752,335.11268,0
1754484360,147.38752,335.11268,0
1754484420,147.38752,335.11268,0
1754484480,147.38752,335.11268,0
1754484540,147.38752,335.11268,0
1754484600,147.38752,335.11268,0
1754484660,147.38752,335.11268,0
1754484720,147.38752,335.11268,0
1754484780,147.38752,335.11268,0
1754484840,147.38752,335.11268,0
1754484900,147.38752,335.11268,0
1754484960,147.38752,335.11268,0
1754485020,147.38752,335.11268,0
1754485080,147.38752,335.11268,0
1754485140,147.38752,335.11268,0
1754485200,147.38752,335.11268,0
1754485260,147.38752,335.11268,0
1754485320,147.38752,335.11268,0
1754485380,147.38752,335.11268,0
1754485440,147.38752,335.11268,0
1754485500,147.38752,335.11268,0
1754485560,147.38752,335.11268,0
1754485620,147.38752,335.11268,0
1754485680,147.38752,335.11268,0
1754485740,147.38752,335.11268,0
1754485800,147.38752,335.11268,0
1754485860,147.38752,335.11268,0
1754485920,147.38752,335.11268,0
1754485980,147.38752,335.11268,0
1754486040,147.38752,335.11268,0
1754486100,147.38752,335.11268,0
1754486160,147.38752,335.11268,0
1754486220,147.38752,335.11268,0
1754486280,147.38752,335.11268,0
1754486340,147.38752,335.11268,0
1754486400,147.38752,335.11268,0
1754486460,147.38752,335.11268,0
1754486520,147.38752,335.11268,0
1754486580,147.38752,335.11268,0
1754486640,147.38752,335.11268,0
1754486700,147.38752,335.11268,0
1754486760,147.38752,335.11268,0
1754486820,147.38752,335.11268,0
1754486880,147.38752,335.11268,0
1754486940,147.38752,335.11268,0
1754487000,147.38752,335.11268,0
1754487060,147.38752,335.11268,0
1754487120,147.38752,335.11268,0
1754487180,147.38752,335.11268,0
1754487240,147.38752,335.11268,0
1754487300,147.38752,335.11268,0
1754487360,147.38752,335.11268,0
1754487420,147.38752,335.11268,0
1754487480,147.38752,335.11268,0
1754487540,147.38752,335.11268,0
1754487600,147.38752,335.11268,0
1754487660,147.38752,335.11268,0
1754487720,147.38752,335.11268,0
1754487780,147.38752,335.11268,0
1754487840,147.38752,335.11268,0
1754487900,147.38752,335.11268,0
1754487960,147.38752,335.11268,0
1754488020,147.38752,335.11268,0
1754488080,147.38752,335.11268,0
1754488140,147.38752,335.11268,0
1754488200,147.38752,335.11268,0
1754488260,147.38752,335.11268,0
1754488320,147.38752,335.11268,0
1754488380,147.38752,335.11268,0
1754488440,147.38752,335.11268,0
1754488500,147.38752,335.11268,0
1754488560,147.38752,335.11268,0
1754488620,147.38752,335.11268,0
1754488680,147.38752,335.11268,0
1754488740,147.38752,335.11268,0
1754488800,147.38752,335.11268,0
1754488860,147.38752,335.11268,0
1754488920,147.38752,335.11268,0
1754488980,147.38752,335.11268,0
1754489040,147.38752,335.11268,0
1754489100,147.38752,335.11268,0
1754489160,147.38752,335.11268,0
1754489220,147.38752,335.11268,0
1754489280,147.38752,335.11268,0
1754489340,147.38752,335.11268,0
1754489400,147.38752,335.11268,0
1754489460,147.38752,335.11268,0
1754489520,147.38752,335.11268,0
1754489580,147.38752,335.11268,0
1754489640,147.38752,335.11268,0
1754489700,147.38752,335.11268,0
1754489760,147.38752,335.11268,0
1754489820,147.38752,335.11268,0
1754489880,147.38752,335.11268,0
1754489940,147.38752,335.11268,0
1754490000,147.38752,335.11268,0
1754490060,147.38752,335.11268,0
1754490120,147.38752,335.11268,0
1754490180,147.38752,335.11268,0
1754490240,147.38752,335.11268,0
1754490300,147.38752,335.11268,0
1754490360,147.38752,335.11268,0
1754490420,147.38752,335.11268,0
1754490480,147.38752,335.11268,0
1754490540,147.38752,335.11268,0
1754490600,147.38752,335.11268,0
1754490660,147.38752,335.11268,0
1754490720,147.38752,335.11268,0
1754490780,147.38752,335.11268,0
1754490840,147.38752,335.11268,0
1754490900,147.38752,335.11268,0
1754490960,147.38752,335.11268,0
1754491020,147.38752,335.11268,0
1754491080,147.38752,335.11268,0
1754491140,147.38752,335.11268,0
1754491200,147.38752,335.11268,0
1754491260,147.38752,335.11268,0
1754491320,147.38752,335.11268,0
1754491380,147.38752,335.11268,0
1754491440,147.38752,335.11268,0
1754491500,147.38752,335.11268,0
1754491560,147.38752,335.11268,0
1754491620,147.38752,335.11268,0
1754491680,147.38752,335.11268,0
1754491740,147.38752,335.11268,0
1754491800,147.38752,335.11268,0
1754491860,147.38752,335.11268,0
1754491920,147.38752,335.11268,0
1754491980,147.38752,335.11268,0
1754492040,147.38752,335.11268,0
1754492100,147.38752,335.11268,0
1754492160,147.38752,335.11268,0
1754492220,147.38752,335.11268,0
1754492280,147.38752,335.11268,0
1754492340,147.38752,335.11268,0
1754492400,147.38752,335.11268,0
1754492460,147.38752,335.11268,0
1754492520,147.38752,335.11268,0
1754492580,147.38752,335.11268,0
1754492640,147.38752,335.11268,0
1754492700,147.38752,335.11268,0
1754492760,147.38752,335.11268,0
1754492820,147.38752,335.11268,0
1754492880,147.38752,335.11268,0
1754492940,147.38752,335.11268,0
1754493000,147.38752,335.11268,0
1754493060,147.38752,335.11268,0
1754493120,147.38752,335.11268,0
1754493180,147.38752,335.11268,0
1754493240,147.38752,335.11268,0
1754493300,147.38752,335.11268,0
1754493360,147.38752,335.11268,0
1754493420,147.38752,335.11268,0
1754493480,147.38752,335.11268,0
1754493540,147.38752,335.11268,0
1754493600,147.38752,335.11268,0
1754493660,147.38752,335.11268,0
1754493720,147.38752,335.11268,0
1754493780,147.38752,335.11268,0
1754493840,147.38752,335.11268,0
1754493900,147.38752,335.11268,0
1754493960,147.38752,335.11268,0
1754494020,147.38752,335.11268,0
1754494080,147.38752,335.11268,0
1754494140,147.38752,335.11268,0
1754494200,147.38752,335.11268,0
1754494260,147.38752,335.11268,0
1754494320,147.38752,335.11268,0
1754494380,147.38752,335.11268,0
1754494440,147.38752,335.11268,0
1754494500,147.38752,335.11268,0
1754494560,147.38752,335.11268,0
1754494620,147.38752,335.11268,0
1754494680,147.38752,335.11268,0
1754494740,147.38752,335.11268,0
1754494800,147.38752,335.11268,0
1754494860,147.38752,335.11268,0
1754494920,147.38752,335.11268,0
1754494980,147.38752,335.11268,0
1754495040,147.38752,335.11268,0
1754495100,147.38752,335.11268,0
1754495160,147.38752,335.11268,0
1754495220,147.38752,335.11268,0
1754495280,147.38752,335.11268,0
1754495340,147.38752,335.11268,0
1754495400,147.38752,335.11268,0
1754495460,147.38752,335.11268,0
1754495520,147.38752,335.11268,0
1754495580,147.38752,335.11268,0
1754495640,147.38752,335.11268,0
1754495700,147.38752,335.11268,0
1754495760,147.38752,335.11268,0
1754495820,147.38752,335.11268,0
1754495880,147.38752,335.11268,0
1754495940,147.38752,335.11268,0
1754496000,147.38752,335.11268,0
1754496060,147.38752,335.11268,0
1754496120,147.38752,335.11268,0
1754496180,147.38752,335.11268,0
1754496240,147.38752,335.11268,0
1754496300,147.38752,335.11268,0
1754496360,147.38752,335.11268,0
1754496420,147.38752,335.11268,0
1754496480,147.38752,335.11268,0
1754496540,147.38752,335.11268,0
1754496600,147.38752,335.11268,0
1754496660,147.38752,335.11268,0
1754496720,147.38752,335.11268,0
1754496780,147.38752,335.11268,0
1754496840,147.38752,335.11268,0
1754496900,147.38752,335.11268,0
1754496960,147.38752,335.11268,0
1754497020,147.38752,335.11268,0
1754497080,147.38752,335.11268,0
1754497140,147.38752,335.11268,0
1754497200,147.38752,335.11268,0
1754497260,147.38752,335.11268,0
1754497320,147.38752,335.11268,0
1754497380,147.38752,335.11268,0
1754497440,147.38752,335.11268,0
1754497500,147.38752,335.11268,0
1754497560,147.38752,335.11268,0
1754497620,147.38752,335.11268,0
1754497680,147.38752,335.11268,0
1754497740,147.38752,335.11268,0
1754497800,147.38752,335.11268,0
1754497860,147.38752,335.11268,0
1754497920,147.38752,335.11268,0
1754497980,147.38752,335.11268,0
1754498040,147.38752,335.11268,0
1754498100,147.38752,335.11268,0
1754498160,147.38752,335.11268,0
1754498220,147.38752,335.11268,0
1754498280,147.38752,335.11268,0
1754498340,147.38752,335.11268,0
1754498400,147.38752,335.11268,0
1754498460,147.38752,335.11268,0
1754498520,147.38752,335.11268,0
1754498580,147.38752,335.11268,0
1754498640,147.38752,335.11268,0
1754498700,147.38752,335.11268,0
1754498760,147.38752,335.11268,0
1754498820,147.38752,335.11268,0
1754498880,147.38752,335.11268,0
1754498940,147.38752,335.11268,0
1754499000,147.38752,335.11268,0
1754499060,147.38752,335.11268,0
1754499120,147.38752,335.11268,0
1754499180,147.38752,335.11268,0
1754499240,147.38752,335.11268,0
1754499300,147.38752,335.11268,0
1754499360,147.38752,335.11268,0
1754499420,147.38752,335.11268,0
1754499480,147.38752,335.11268,0
1754499540,147.38752,335.11268,0
1754499600,147.38752,335.11268,0
1754499660,147.38752,335.11268,0
1754499720,147.38752,335.11268,0
1754499780,147.38752,335.11268,0
1754499840,147.38752,335.11268,0
1754499900,147.38752,335.11268,0
1754499960,147.38752,335.11268,0
1754500020,147.38752,335.11268,0
1754500080,147.38752,335.11268,0
1754500140,147.38752,335.11268,0
1754500200,147.38752,335.11268,0
1754500260,147.38752,335.11268,0
1754500320,147.38752,335.11268,0
1754500380,147.38752,335.11268,0
1754500440,147.38752,335.11268,0
1754500500,147.38752,335.11268,0
1754500560,147.38752,335.11268,0
1754500620,147.38752,335.11268,0
1754500680,147.38752,335.11268,0
1754500740,147.38752,335.11268,0
1754500800,147.38752,335.11268,0
1754500860,147.38752,335.11268,0
1754500920,147.38752,335.11268,0
1754500980,147.38752,335.11268,0
1754501040,147.38752,335.11268,0
1754501100,147.38752,335.11268,0
1754501160,147.38752,335.11268,0
1754501220,147.38752,335.11268,0
1754501280,147.38752,335.11268,0
1754501340,147.38752,335.11268,0
1754501400,147.38752,335.11268,0
1754501460,147.38752,335.11268,0
1754501520,147.38752,335.11268,0
1754501580,147.38752,335.11268,0
1754501640,147.38752,335.11268,0
1754501700,147.38752,335.11268,0
1754501760,147.38752,335.11268,0
1754501820,147.38752,335.11268,0
1754501880,147.38752,335.11268,0
1754501940,147.38752,335.11268,0
1754502000,147.38752,335.11268,0
1754502060,147.38752,335.11268,0
1754502120,147.38752,335.11268,0
1754502180,147.38752,335.11268,0
1754502240,147.38752,335.11268,0
1754502300,147.38752,335.11268,0
1754502360,147.38752,335.11268,0
1754502420,147.38752,335.11268,0
1754502480,147.38752,335.11268,0
1754502540,147.38752,335.11268,0
1754502600,147.38752,335.11268,0
1754502660,147.38752,335.11268,0
1754502720,147.38752,335.11268,0
1754502780,147.38752,335.11268,0
1754502840,147.38752,335.11268,0
1754502900,147.38752,335.11268,0
1754502960,147.38752,335.11268,0
1754503020,147.38752,335.11268,0
1754503080,147.38752,335.11268,0
1754503140,147.38752,335.11268,0
1754503200,147.38752,335.11268,0
1754503260,147.38752,335.11268,0
1754503320,147.38752,335.11268,0
1754503380,147.38752,335.11268,0
1754503440,147.38752,335.11268,0
1754503500,147.38752,335.11268,0
1754503560,147.38752,335.11268,0
1754503620,147.38752,335.11268,0
1754503680,147.38752,335.11268,0
1754503740,147.38752,335.11268,0
1754503800,147.38752,335.11268,0
1754503860,147.38752,335.11268,0
1754503920,147.38752,335.11268,0
1754503980,147.38752,335.11268,0
1754504040,147.38752,335.11268,0
1754504100,147.38752,335.11268,0
1754504160,147.38752,335.11268,0
1754504220,147.38752,335.11268,0
1754504280,147.38752,335.11268,0
1754504340,147.38752,335.11268,0
1754504400,147.38752,335.11268,0
1754504460,147.38752,335.11268,0
1754504520,147.38752,335.11268,0
1754504580,147.38752,335.11268,0
1754504640,147.38752,335.11268,0
1754504700,147.38752,335.11268,0
1754504760,147.38752,335.11268,0
1754504820,147.38752,335.11268,0
1754504880,147.38752,335.11268,0
1754504940,147.38752,335.11268,0
1754505000,147.38752,335.11268,0
1754505060,147.38752,335.11268,0
1754505120,147.38752,335.11268,0
1754505180,147.38752,335.11268,0
1754505240,147.38752,335.11268,0
1754505300,147.38752,335.11268,0
1754505360,147.38752,335.11268,0
1754505420,147.38752,335.11268,0
1754505480,147.38752,335.11268,0
1754505540,147.38752,335.11268,0
1754505600,147.38752,335.11268,0
1754505660,147.38752,335.11268,0
1754505720,147.38752,335.11268,0
1754505780,147.38752,335.11268,0
1754505840,147.38752,335.11268,0
1754505900,147.38752,335.11268,0
1754505960,147.38752,335.11268,0
1754506020,147.38752,335.11268,0
1754506080,147.38752,335.11268,0
1754506140,147.38752,335.11268,0
1754506200,147.38752,335.11268,0
1754506260,147.38752,335.11268,0
1754506320,147.38752,335.11268,0
1754506380,147.38752,335.11268,0
1754506440,147.38752,335.11268,0
1754506500,147.38752,335.11268,0
1754506560,147.38752,335.11268,0
1754506620,147.38752,335.11268,0
1754506680,147.38752,335.11268,0
1754506740,147.38752,335.11268,0
1754506800,147.38752,335.11268,0
1754506860,147.38752,335.11268,0
1754506920,147.38752,335.11268,0
1754506980,147.38752,335.11268,0
1754507040,147.38752,335.11268,0
1754507100,147.38752,335.11268,0
1754507160,147.38752,335.11268,0
1754507220,147.38752,335.11268,0
1754507280,147.38752,335.11268,0
1754507340,147.38752,335.11268,0
1754507400,147.38752,335.11268,0
1754507460,147.38752,335.11268,0
1754507520,147.38752,335.11268,0
1754507580,147.38752,335.11268,0
1754507640,147.38752,335.11268,0
1754507700,147.38752,335.11268,0
1754507760,147.38752,335.11268,0
1754507820,147.38752,335.11268,0
1754507880,147.38752,335.11268,0
1754507940,147.38752,335.11268,0
1754508000,147.38752,335.11268,0
1754508060,147.38752,335.11268,0
1754508120,147.38752,335.11268,0
1754508180,147.38752,335.11268,0
1754508240,147.38752,335.11268,0
1754508300,147.38752,335.11268,0
1754508360,147.38752,335.11268,0
1754508420,147.38752,335.11268,0
1754508480,147.38752,335.11268,0
1754508540,147.38752,335.11268,0
1754508600,147.38752,335.11268,0
1754508660,147.38752,335.11268,0
1754508720,147.38752,335.11268,0
1754508780,147.38752,335.11268,0
1754508840,147.38752,335.11268,0
1754508900,147.38752,335.11268,0
1754508960,147.38752,335.11268,0
1754509020,147.38752,335.11268,0
1754509080,147.38752,335.11268,0
1754509140,147.38752,335.11268,0
1754509200,147.38752,335.11268,0
1754509260,147.38752,335.11268,0
1754509320,147.38752,335.11268,0
1754509380,147.38752,335.11268,0
1754509440,147.38752,335.11268,0
1754509500,147.38752,335.11268,0
1754509560,147.38752,335.11268,0
1754509620,147.38752,335.11268,0
1754509680,147.38752,335.11268,0
1754509740,147.38752,335.11268,0
1754509800,147.38752,335.11268,0
1754509860,147.38752,335.11268,0
1754509920,147.38752,335.11268,0
1754509980,147.38752,335.11268,0
1754510040,147.38752,335.11268,0
1754510100,147.38752,335.11268,0
1754510160,147.38752,335.11268,0
1754510220,147.38752,335.11268,0
1754510280,147.38752,335.11268,0
1754510340,147.38752,335.11268,0
1754510400,147.38752,335.11268,0
1754510460,147.38752,335.11268,0
1754510520,147.38752,335.11268,0
1754510580,147.38752,335.11268,0
1754510640,147.38752,335.11268,0
1754510700,147.38752,335.11268,0
1754510760,147.38752,335.11268,0
1754510820,147.38752,335.11268,0
1754510880,147.38752,335.11268,0
1754510940,147.38752,335.11268,0
1754511000,147.38752,335.11268,0
1754511060,147.38752,335.11268,0
1754511120,147.38752,335.11268,0
1754511180,147.38752,335.11268,0
1754511240,147.38752,335.11268,0
1754511300,147.38752,335.11268,0
1754511360,147.38752,335.11268,0
1754511420,147.38752,335.11268,0
1754511480,147.38752,335.11268,0
1754511540,147.38752,335.11268,0
1754511600,147.38752,335.11268,0
1754511660,147.38752,335.11268,0
1754511720,147.38752,335.11268,0
1754511780,147.38752,335.11268,0
1754511840,147.38752,335.11268,0
1754511900,147.38752,335.11268,0
1754511960,147.38752,335.11268,0
1754512020,147.38752,335.11268,0
1754512080,147.38752,335.11268,0
1754512140,147.38752,335.11268,0
1754512200,147.38752,335.11268,0
1754512260,147.38752,335.11268,0
1754512320,147.38752,335.11268,0
1754512380,147.38752,335.11268,0
1754512440,147.38752,335.11268,0
1754512500,147.38752,335.11268,0
1754512560,147.38752,335.11268,0
1754512620,147.38752,335.11268,0
1754512680,147.38752,335.11268,0
1754512740,147.38752,335.11268,0
1754512800,147.38752,335.11268,0
1754512860,147.38752,335.11268,0
1754512920,147.38752,335.11268,0
1754512980,147.38752,335.11268,0
1754513040,147.38752,335.11268,0
1754513100,147.38752,335.11268,0
1754513160,147.38752,335.11268,0
1754513220,147.38752,335.11268,0
1754513280,147.38752,335.11268,0
1754513340,147.38752,335.11268,0
1754513400,147.38752,335.11268,0
1754513460,147.38752,335.11268,0
1754513520,147.38752,335.11268,0
1754513580,147.38752,335.11268,0
1754513640,147.38752,335.11268,0
1754513700,147.38752,335.11268,0
1754513760,147.38752,335.11268,0
1754513820,147.38752,335.11268,0
1754513880,147.38752,335.11268,0
1754513940,147.38752,335.11268,0
1754514000,147.38752,335.11268,0
1754514060,147.38752,335.11268,0
1754514120,147.38752,335.11268,0
1754514180,147.38752,335.11268,0
1754514240,147.38752,335.11268,0
1754514300,147.38752,335.11268,0
1754514360,147.38752,335.11268,0
1754514420,147.38752,335.11268,0
1754514480,147.38752,335.11268,0
1754514540,147.38752,335.11268,0
1754514600,147.38752,335.11268,0
1754514660,147.38752,335.11268,0
1754514720,147.38752,335.11268,0
1754514780,147.38752,335.11268,0
1754514840,147.38752,335.11268,0
1754514900,147.38752,335.11268,0
1754514960,147.38752,335.11268,0
1754515020,147.38752,335.11268,0
1754515080,147.38752,335.11268,0
1754515140,147.38752,335.11268,0
1754515200,147.38752,335.11268,0
1754515260,147.38752,335.11268,0
1754515320,147.38752,335.11268,0
1754515380,147.38752,335.11268,0
1754515440,147.38752,335.11268,0
1754515500,147.38752,335.11268,0
1754515560,147.38752,335.11268,0
1754515620,147.38752,335.11268,0
1754515680,147.38752,335.11268,0
1754515740,147.38752,335.11268,0
1754515800,147.38752,335.11268,0
1754515860,147.38752,335.11268,0
1754515920,147.38752,335.11268,0
1754515980,147.38752,335.11268,0
1754516040,147.38752,335.11268,0
1754516100,147.38752,335.11268,0
1754516160,147.38752,335.11268,0
1754516220,147.38752,335.11268,0
1754516280,147.38752,335.11268,0
1754516340,147.38752,335.11268,0
1754516400,147.38752,335.11268,0
1754516460,147.38752,335.11268,0
1754516520,147.38752,335.11268,0
1754516580,147.38752,335.11268,0
1754516640,147.38752,335.11268,0
1754516700,147.38752,335.11268,0
1754516760,147.38752,335.11268,0
1754516820,147.38752,335.11268,0
1754516880,147.38752,335.11268,0
1754516940,147.38752,335.11268,0
1754517000,147.38752,335.11268,0
1754517060,147.38752,335.11268,0
1754517120,147.38752,335.11268,0
1754517180,147.38752,335.11268,0
1754517240,147.38752,335.11268,0
1754517300,147.38752,335.11268,0
1754517360,147.38752,335.11268,0
1754517420,147.38752,335.11268,0
1754517480,147.38752,335.11268,0
1754517540,147.38752,335.11268,0
1754517600,147.38752,335.11268,0
1754517660,147.38752,335.11268,0
1754517720,147.38752,335.11268,0
1754517780,147.38752,335.11268,0
1754517840,147.38752,335.11268,0
1754517900,147.38752,335.11268,0
1754517960,147.38752,335.11268,0
1754518020,147.38752,335.11268,0
1754518080,147.38752,335.11268,0
1754518140,147.38752,335.11268,0
1754518200,147.38752,335.11268,0
1754518260,147.38752,335.11268,0
1754518320,147.38752,335.11268,0
1754518380,147.38752,335.11268,0
1754518440,147.38752,335.11268,0
1754518500,147.38752,335.11268,0
1754518560,147.38752,335.11268,0
1754518620,147.38752,335.11268,0
1754518680,147.38752,335.11268,0
1754518740,147.38752,335.11268,0
1754518800,147.38752,335.11268,0
1754518860,147.38752,335.11268,0
1754518920,147.38752,335.11268,0
1754518980,147.38752,335.11268,0
1754519040,147.38752,335.11268,0
1754519100,147.38752,335.11268,0
1754519160,147.38752,335.11268,0
1754519220,147.38752,335.11268,0
1754519280,147.38752,335.11268,0
1754519340,147.38752,335.11268,0
1754519400,147.38752,335.11268,0
1754519460,147.38752,335.11268,0
1754519520,147.38752,335.11268,0
1754519580,147.38752,335.11268,0
1754519640,147.38752,335.11268,0
1754519700,147.38752,335.11268,0
1754519760,147.38752,335.11268,0
1754519820,147.38752,335.11268,0
1754519880,147.38752,335.11268,0
1754519940,147.38752,335.11268,0
1754520000,147.38752,335.11268,0
1754520060,147.38752,335.11268,0
1754520120,147.38752,335.11268,0
1754520180,147.38752,335.11268,0
1754520240,147.38752,335.11268,0
1754520300,147.38752,335.11268,0
1754520360,147.38752,335.11268,0
1754520420,147.38752,335.11268,0
1754520480,147.38752,335.11268,0
1754520540,147.38752,335.11268,0
1754520600,147.38752,335.11268,0
1754520660,147.38752,335.11268,0
1754520720,147.38752,335.11268,0
1754520780,147.38752,335.11268,0
1754520840,147.38752,335.11268,0
1754520900,147.38752,335.11268,0
1754520960,147.38752,335.11268,0
1754521020,147.38752,335.11268,0
1754521080,147.38752,335.11268,0
1754521140,147.38752,335.11268,0
1754521200,147.38752,335.11268,0
1754521260,147.38752,335.11268,0
1754521320,147.38752,335.11268,0
1754521380,147.38752,335.11268,0
1754521440,147.38752,335.11268,0
1754521500,147.38752,335.11268,0
1754521560,147.38752,335.11268,0
1754521620,147.38752,335.11268,0
1754521680,147.38752,335.11268,0
1754521740,147.38752,335.11268,0
1754521800,147.38752,335.11268,0
1754521860,147.38752,335.11268,0
1754521920,147.38752,335.11268,0
1754521980,147.38752,335.11268,0
1754522040,147.38752,335.11268,0
1754522100,147.38752,335.11268,0
1754522160,147.38752,335.11268,0
1754522220,147.38752,335.11268,0
1754522280,147.38752,335.11268,0
1754522340,147.38752,335.11268,0
1754522400,147.38752,335.11268,0
1754522460,147.38752,335.11268,0
1754522520,147.38752,335.11268,0
1754522580,147.38752,335.11268,0
1754522640,147.38752,335.11268,0
1754522700,147.38752,335.11268,0
1754522760,147.38752,335.11268,0
1754522820,147.38752,335.11268,0
1754522880,147.38752,335.11268,0
1754522940,147.38752,335.11268,0
1754523000,147.38752,335.11268,0
1754523060,147.38752,335.11268,0
1754523120,147.38752,335.11268,0
1754523180,147.38752,335.11268,0
1754523240,147.38752,335.11268,0
1754523300,147.38752,335.11268,0
1754523360,147.38752,335.11268,0
1754523420,147.38752,335.11268,0
1754523480,147.38752,335.11268,0
1754523540,147.38752,335.11268,0
1754523600,147.38752,335.11268,0
1754523660,147.38752,335.11268,0
1754523720,147.38752,335.11268,0
1754523780,147.38752,335.11268,0
1754523840,147.38752,335.11268,0
1754523900,147.38752,335.11268,0
1754523960,147.38752,335.11268,0
1754524020,147.38752,335.11268,0
1754524080,147.38752,335.11268,0
1754524140,147.38752,335.11268,0
1754524200,147.38752,335.11268,0
1754524260,147.38752,335.11268,0
1754524320,147.38752,335.11268,0
1754524380,147.38752,335.11268,0
1754524440,147.38752,335.11268,0
1754524500,147.38752,335.11268,0
1754524560,147.38752,335.11268,0
1754524620,147.38752,335.11268,0
1754524680,147.38752,335.11268,0
1754524740,147.38752,335.11268,0
1754524800,147.38752,335.11268,0
1754524860,147.38752,335.11268,0
1754524920,147.38752,335.11268,0
1754524980,147.38752,335.11268,0
1754525040,147.38752,335.11268,0
1754525100,147.38752,335.11268,0
1754525160,147.38752,335.11268,0
1754525220,147.38752,335.11268,0
1754525280,147.38752,335.11268,0
1754525340,147.38752,335.11268,0
1754525400,147.38752,335.11268,0
1754525460,147.38752,335.11268,0
1754525520,147.38752,335.11268,0
1754525580,147.38752,335.11268,0
1754525640,147.38752,335.11268,0
1754525700,147.38752,335.11268,0
1754525760,147.38752,335.11268,0
1754525820,147.38752,335.11268,0
1754525880,147.38752,335.11268,0
1754525940,147.38752,335.11268,0
1754526000,147.38752,335.11268,0
1754526060,147.38752,335.11268,0
1754526120,147.38752,335.11268,0
1754526180,147.38752,335.11268,0
1754526240,147.38752,335.11268,0
1754526300,147.38752,335.11268,0
1754526360,147.38752,335.11268,0
1754526420,147.38752,335.11268,0
1754526480,147.38752,335.11268,0
1754526540,147.38752,335.11268,0
1754526600,147.38752,335.11268,0
1754526660,147.38752,335.11268,0
1754526720,147.38752,335.11268,0
1754526780,147.38752,335.11268,0
1754526840,147.38752,335.11268,0
1754526900,147.38752,335.11268,0
1754526960,147.38752,335.11268,0
1754527020,147.38752,335.11268,0
1754527080,147.38752,335.11268,0
1754527140,147.38752,335.11268,0
1754527200,147.38752,335.11268,0
1754527260,147.38752,335.11268,0
1754527320,147.38752,335.11268,0
1754527380,147.38752,335.11268,0
1754527440,147.38752,335.11268,0
1754527500,147.38752,335.11268,0
1754527560,147.38752,335.11268,0
1754527620,147.38752,335.11268,0
1754527680,147.38752,335.11268,0
1754527740,147.38752,335.11268,0
1754527800,147.38752,335.11268,0
1754527860,147.38752,335.11268,0
1754527920,147.38752,335.11268,0
1754527980,147.38752,335.11268,0
1754528040,147.38752,335.11268,0
1754528100,147.38752,335.11268,0
1754528160,147.38752,335.11268,0
1754528220,147.38752,335.11268,0
1754528280,147.38752,335.11268,0
1754528340,147.38752,335.11268,0
1754528400,147.38752,335.11268,0
1754528460,147.38752,335.11268,0
1754528520,147.38752,335.11268,0
1754528580,147.38752,335.11268,0
1754528640,147.38752,335.11268,0
1754528700,147.38752,335.11268,0
1754528760,147.38752,335.11268,0
1754528820,147.38752,335.11268,0
1754528880,147.38752,335.11268,0
1754528940,147.38752,335.11268,0
1754529000,147.38752,335.11268,0
1754529060,147.38752,335.11268,0
1754529120,147.38752,335.11268,0
1754529180,147.38752,335.11268,0
1754529240,147.38752,335.11268,0
1754529300,147.38752,335.11268,0
1754529360,147.38752,335.11268,0
1754529420,147.38752,335.11268,0
1754529480,147.38752,335.11268,0
1754529540,147.38752,335.11268,0
1754529600,147.38752,335.11268,0
1754529660,147.38752,335.11268,0
1754529720,147.38752,335.11268,0
1754529780,147.38752,335.11268,0
1754529840,147.38752,335.11268,0
1754529900,147.38752,335.11268,0
1754529960,147.38752,335.11268,0
1754530020,147.38752,335.11268,0
1754530080,147.38752,335.11268,0
1754530140,147.38752,335.11268,0
1754530200,147.38752,335.11268,0
1754530260,147.38752,335.11268,0
1754530320,147.38752,335.11268,0
1754530380,147.38752,335.11268,0
1754530440,147.38752,335.11268,0
1754530500,147.38752,335.11268,0
1754530560,147.38752,335.11268,0
1754530620,147.38752,335.11268,0
1754530680,147.38752,335.11268,0
1754530740,147.38752,335.11268,0
1754530800,147.38752,335.11268,0
1754530860,147.38752,335.11268,0
1754530920,147.38752,335.11268,0
1754530980,147.38752,335.11268,0
1754531040,147.38752,335.11268,0
1754531100,147.38752,335.11268,0
1754531160,147.38752,335.11268,0
1754531220,147.38752,335.11268,0
1754531280,147.38752,335.11268,0
1754531340,147.38752,335.11268,0
1754531400,147.38752,335.11268,0
1754531460,147.38752,335.11268,0
1754531520,147.38752,335.11268,0
1754531580,147.38752,335.11268,0
1754531640,147.38752,335.11268,0
1754531700,147.38752,335.11268,0
1754531760,147.38752,335.11268,0
1754531820,147.38752,335.11268,0
1754531880,147.38752,335.11268,0
1754531940,147.38752,335.11268,0
1754532000,147.38752,335.11268,0
1754532060,147.38752,335.11268,0
1754532120,147.38752,335.11268,0
1754532180,147.38752,335.11268,0
1754532240,147.38752,335.11268,0
1754532300,147.38752,335.11268,0
1754532360,147.38752,335.11268,0
1754532420,147.38752,335.11268,0
1754532480,147.38752,335.11268,0
1754532540,147.38752,335.11268,0
1754532600,147.38752,335.11268,0
1754532660,147.38752,335.11268,0
1754532720,147.38752,335.11268,0
1754532780,147.38752,335.11268,0
1754532840,147.38752,335.11268,0
1754532900,147.38752,335.11268,0
1754532960,147.38752,335.11268,0
1754533020,147.38752,335.11268,0
1754533080,147.38752,335.11268,0
1754533140,147.38752,335.11268,0
1754533200,147.38752,335.11268,0
1754533260,147.38752,335.11268,0
1754533320,147.38752,335.11268,0
1754533380,147.38752,335.11268,0
1754533440,147.38752,335.11268,0
1754533500,147.38752,335.11268,0
1754533560,147.38752,335.11268,0
1754533620,147.38752,335.11268,0
1754533680,147.38752,335.11268,0
1754533740,147.38752,335.11268,0
1754533800,147.38752,335.11268,0
1754533860,147.38752,335.11268,0
1754533920,147.38752,335.11268,0
1754533980,147.38752,335.11268,0
1754534040,147.38752,335.11268,0
1754534100,147.38752,335.11268,0
1754534160,147.38752,335.11268,0
1754534220,147.38752,335.11268,0
1754534280,147.38752,335.11268,0
1754534340,147.38752,335.11268,0
1754534400,147.38752,335.11268,0
1754534460,147.38752,335.11268,0
1754534520,147.38752,335.11268,0
1754534580,147.38752,335.11268,0
1754534640,147.38752,335.11268,0
1754534700,147.38752,335.11268,0
1754534760,147.38752,335.11268,0
1754534820,147.38752,335.11268,0
1754534880,147.38752,335.11268,0
1754534940,147.38752,335.11268,0
1754535000,147.38752,335.11268,0
1754535060,147.38752,335.11268,0
1754535120,147.38752,335.11268,0
1754535180,147.38752,335.11268,0
1754535240,147.38752,335.11268,0
1754535300,147.38752,335.11268,0
1754535360,147.38752,335.11268,0
1754535420,147.38752,335.11268,0
1754535480,147.38752,335.11268,0
1754535540,147.38752,335.11268,0
1754535600,147.38752,335.11268,0
1754535660,147.38752,335.11268,0
1754535720,147.38752,335.11268,0
1754535780,147.38752,335.11268,0
1754535840,147.38752,335.11268,0
1754535900,147.38752,335.11268,0
1754535960,147.38752,335.11268,0
1754536020,147.38752,335.11268,0
1754536080,147.38752,335.11268,0
1754536140,147.38752,335.11268,0
1754536200,147.38752,335.11268,0
1754536260,147.38752,335.11268,0
1754536320,147.38752,335.11268,0
1754536380,147.38752,335.11268,0
1754536440,147.38752,335.11268,0
1754536500,147.38752,335.11268,0
1754536560,147.38752,335.11268,0
1754536620,147.38752,335.11268,0
1754536680,147.38752,335.11268,0
1754536740,147.38752,335.11268,0
1754536800,147.38752,335.11268,0
1754536860,147.38752,335.11268,0
1754536920,147.38752,335.11268,0
1754536980,147.38752,335.11268,0
1754537040,147.38752,335.11268,0
1754537100,147.38752,335.11268,0
1754537160,147.38752,335.11268,0
1754537220,147.38752,335.11268,0
1754537280,147.38752,335.11268,0
1754537340,147.38752,335.11268,0
1754537400,147.38752,335.11268,0
1754537460,147.38752,335.11268,0
1754537520,147.38752,335.11268,0
1754537580,147.38752,335.11268,0
1754537640,147.38752,335.11268,0
1754537700,147.38752,335.11268,0
1754537760,147.38752,335.11268,0
1754537820,147.38752,335.11268,0
1754537880,147.38752,335.11268,0
1754537940,147.38752,335.11268,0
1754538000,147.38752,335.11268,0
1754538060,147.38752,335.11268,0
1754538120,147.38752,335.11268,0
1754538180,147.38752,335.11268,0
1754538240,147.38752,335.11268,0
1754538300,147.38752,335.11268,0
1754538360,147.38752,335.11268,0
1754538420,147.38752,335.11268,0
1754538480,147.38752,335.11268,0
1754538540,147.38752,335.11268,0
1754538600,147.38752,335.11268,0
1754538660,147.38752,335.11268,0
1754538720,147.38752,335.11268,0
1754538780,147.38752,335.11268,0
1754538840,147.38752,335.11268,0
1754538900,147.38752,335.11268,0
1754538960,147.38752,335.11268,0
1754539020,147.38752,335.11268,0
1754539080,147.38752,335.11268,0
1754539140,147.38752,335.11268,0
1754539200,147.38752,335.11268,0
1754539260,147.38752,335.11268,0
1754539320,147.38752,335.11268,0
1754539380,147.38752,335.11268,0
1754539440,147.38752,335.11268,0
1754539500,147.38752,335.11268,0
1754539560,147.38752,335.11268,0
1754539620,147.38752,335.11268,0
1754539680,147.38752,335.11268,0
1754539740,147.38752,335.11268,0
1754539800,147.38752,335.11268,0
1754539860,147.38752,335.11268,0
1754539920,147.38752,335.11268,0
1754539980,147.38752,335.11268,0
1754540040,147.38752,335.11268,0
1754540100,147.38752,335.11268,0
1754540160,147.38752,335.11268,0
1754540220,147.38752,335.11268,0
1754540280,147.38752,335.11268,0
1754540340,147.38752,335.11268,0
1754540400,147.38752,335.11268,0
1754540460,147.38752,335.11268,0
1754540520,147.38752,335.11268,0
1754540580,147.38752,335.11268,0
1754540640,147.38752,335.11268,0
1754540700,147.38752,335.11268,0
1754540760,147.38752,335.11268,0
1754540820,147.38752,335.11268,0
1754540880,147.38752,335.11268,0
1754540940,147.38752,335.11268,0
1754541000,147.38752,335.11268,0
1754541060,147.38752,335.11268,0
1754541120,147.38752,335.11268,0
1754541180,147.38752,335.11268,0
1754541240,147.38752,335.11268,0
1754541300,147.38752,335.11268,0
1754541360,147.38752,335.11268,0
1754541420,147.38752,335.11268,0
1754541480,147.38752,335.11268,0
1754541540,147.38752,335.11268,0
1754541600,147.38752,335.11268,0
1754541660,147.38752,335.11268,0
1754541720,147.38752,335.11268,0
1754541780,147.38752,335.11268,0
1754541840,147.38752,335.11268,0
1754541900,147.38752,335.11268,0
1754541960,147.38752,335.11268,0
1754542020,147.38752,335.11268,0
1754542080,147.38752,335.11268,0
1754542140,147.38752,335.11268,0
1754542200,147.38752,335.11268,0
1754542260,147.38752,335.11268,0
1754542320,147.38752,335.11268,0
1754542380,147.38752,335.11268,0
1754542440,147.38752,335.11268,0
1754542500,147.38752,335.11268,0
1754542560,147.38752,335.11268,0
1754542620,147.38752,335.11268,0
1754542680,147.38752,335.11268,0
1754542740,147.38752,335.11268,0
1754542800,147.38752,335.11268,0
1754542860,147.38752,335.11268,0
1754542920,147.38752,335.11268,0
1754542980,147.38752,335.11268,0
1754543040,147.38752,335.11268,0
1754543100,147.38752,335.11268,0
1754543160,147.38752,335.11268,0
1754543220,147.38752,335.11268,0
1754543280,147.38752,335.11268,0
1754543340,147.38752,335.11268,0
1754543400,147.38752,335.11268,0
1754543460,147.38752,335.11268,0
1754543520,147.38752,335.11268,0
1754543580,147.38752,335.11268,0
1754543640,147.38752,335.11268,0
1754543700,147.38752,335.11268,0
1754543760,147.38752,335.11268,0
1754543820,147.38752,335.11268,0
1754543880,147.38752,335.11268,0
1754543940,147.38752,335.11268,0
1754544000,147.38752,335.11268,0
1754544060,147.38752,335.11268,0
1754544120,147.38752,335.11268,0
1754544180,147.38752,335.11268,0
1754544240,147.38752,335.11268,0
1754544300,147.38752,335.11268,0
1754544360,147.38752,335.11268,0
1754544420,147.38752,335.11268,0
1754544480,147.38752,335.11268,0
1754544540,147.38752,335.11268,0
1754544600,147.38752,335.11268,0
1754544660,147.38752,335.11268,0
1754544720,147.38752,335.11268,0
1754544780,147.38752,335.11268,0
1754544840,147.38752,335.11268,0
1754544900,147.38752,335.11268,0
1754544960,147.38752,335.11268,0
1754545020,147.38752,335.11268,0
1754545080,147.38752,335.11268,0
1754545140,147.38752,335.11268,0
1754545200,147.38752,335.11268,0
1754545260,147.38752,335.11268,0
1754545320,147.38752,335.11268,0
1754545380,147.38752,335.11268,0
1754545440,147.38752,335.11268,0
1754545500,147.38752,335.11268,0
1754545560,147.38752,335.11268,0
1754545620,147.38752,335.11268,0
1754545680,147.38752,335.11268,0
1754545740,147.38752,335.11268,0
1754545800,147.38752,335.11268,0
1754545860,147.38752,335.11268,0
1754545920,147.38752,335.11268,0
1754545980,147.38752,335.11268,0
1754546040,147.38752,335.11268,0
1754546100,147.38752,335.11268,0
1754546160,147.38752,335.11268,0
1754546220,147.38752,335.11268,0
1754546280,147.38752,335.11268,0
1754546340,147.38752,335.11268,0
1754546400,147.38752,335.11268,0
1754546460,147.38752,335.11268,0
1754546520,147.38752,335.11268,0
1754546580,147.38752,335.11268,0
1754546640,147.38752,335.11268,0
1754546700,147.38752,335.11268,0
1754546760,147.38752,335.11268,0
1754546820,147.38752,335.11268,0
1754546880,147.38752,335.11268,0
1754546940,147.38752,335.11268,0
1754547000,147.38752,335.11268,0
1754547060,147.38752,335.11268,0
1754547120,147.38752,335.11268,0
1754547180,147.38752,335.11268,0
1754547240,147.38752,335.11268,0
1754547300,147.38752,335.11268,0
1754547360,147.38752,335.11268,0
1754547420,147.38752,335.11268,0
1754547480,147.38752,335.11268,0
1754547540,147.38752,335.11268,0
1754547600,147.38752,335.11268,0
1754547660,147.38752,335.11268,0
1754547720,147.38752,335.11268,0
1754547780,147.38752,335.11268,0
1754547840,147.38752,335.11268,0
1754547900,147.38752,335.11268,0
1754547960,147.38752,335.11268,0
1754548020,147.38752,335.11268,0
1754548080,147.38752,335.11268,0
1754548140,147.38752,335.11268,0
1754548200,147.38752,335.11268,0
1754548260,147.38752,335.11268,0
1754548320,147.38752,335.11268,0
1754548380,147.38752,335.11268,0
1754548440,147.38752,335.11268,0
1754548500,147.38752,335.11268,0
1754548560,147.38752,335.11268,0
1754548620,147.38752,335.11268,0
1754548680,147.38752,335.11268,0
1754548740,147.38752,335.11268,0
1754548800,147.38752,335.11268,0
1754548860,147.38752,335.11268,0
1754548920,147.38752,335.11268,0
1754548980,147.38752,335.11268,0
1754549040,147.38752,335.11268,0
1754549100,147.38752,335.11268,0
1754549160,147.38752,335.11268,0
1754549220,147.38752,335.11268,0
1754549280,147.38752,335.11268,0
1754549340,147.38752,335.11268,0
1754549400,147.38752,335.11268,0
1754549460,147.38752,335.11268,0
1754549520,147.38752,335.11268,0
1754549580,147.38752,335.11268,0
1754549640,147.38752,335.11268,0
1754549700,147.38752,335.11268,0
1754549760,147.38752,335.11268,0
1754549820,147.38752,335.11268,0
1754549880,147.38752,335.11268,0
1754549940,147.38752,335.11268,0
1754550000,147.38752,335.11268,0
1754550060,147.38752,335.11268,0
1754550120,147.38752,335.11268,0
1754550180,147.38752,335.11268,0
1754550240,147.38752,335.11268,0
1754550300,147.38752,335.11268,0
1754550360,147.38752,335.11268,0
1754550420,147.38752,335.11268,0
1754550480,147.38752,335.11268,0
1754550540,147.38752,335.11268,0
1754550600,147.38752,335.11268,0
1754550660,147.38752,335.11268,0
1754550720,147.38752,335.11268,0
1754550780,147.38752,335.11268,0
1754550840,147.38752,335.11268,0
1754550900,147.38752,335.11268,0
1754550960,147.38752,335.11268,0
1754551020,147.38752,335.11268,0
1754551080,147.38752,335.11268,0
1754551140,147.38752,335.11268,0
1754551200,147.38752,335.11268,0
1754551260,147.38752,335.11268,0
1754551320,147.38752,335.11268,0
1754551380,147.38752,335.11268,0
1754551440,147.38752,335.11268,0
1754551500,147.38752,335.11268,0
1754551560,147.38752,335.11268,0
1754551620,147.38752,335.11268,0
1754551680,147.38752,335.11268,0
1754551740,147.38752,335.11268,0
1754551800,147.38752,335.11268,0
1754551860,147.38752,335.11268,0
1754551920,147.38752,335.11268,0
1754551980,147.38752,335.11268,0
1754552040,147.38752,335.11268,0
1754552100,147.38752,335.11268,0
1754552160,147.38752,335.11268,0
1754552220,147.38752,335.11268,0
1754552280,147.38752,335.11268,0
1754552340,147.38752,335.11268,0
1754552400,147.38752,335.11268,0
1754552460,147.38752,335.11268,0
1754552520,147.38752,335.11268,0
1754552580,147.38752,335.11268,0
1754552640,147.38752,335.11268,0
1754552700,147.38752,335.11268,0
1754552760,147.38752,335.11268,0
1754552820,147.38752,335.11268,0
1754552880,147.38752,335.11268,0
1754552940,147.38752,335.11268,0
1754553000,147.38752,335.11268,0
1754553060,147.38752,335.11268,0
1754553120,147.38752,335.11268,0
1754553180,147.38752,335.11268,0
1754553240,147.38752,335.11268,0
1754553300,147.38752,335.11268,0
1754553360,147.38752,335.11268,0
1754553420,147.38752,335.11268,0
1754553480,147.38752,335.11268,0
1754553540,147.38752,335.11268,0
1754553600,147.38752,335.11268,0
1754553660,147.38752,335.11268,0
1754553720,147.38752,335.11268,0
1754553780,147.38752,335.11268,0
1754553840,147.38752,335.11268,0
1754553900,147.38752,335.11268,0
1754553960,147.38752,335.11268,0
1754554020,147.38752,335.11268,0
1754554080,147.38752,335.11268,0
1754554140,147.38752,335.11268,0
1754554200,147.38752,335.11268,0
1754554260,147.38752,335.11268,0
1754554320,147.38752,335.11268,0
1754554380,147.38752,335.11268,0
1754554440,147.38752,335.11268,0
1754554500,147.38752,335.11268,0
1754554560,147.38752,335.11268,0
1754554620,147.38752,335.11268,0
1754554680,147.38752,335.11268,0
1754554740,147.38752,335.11268,0
1754554800,147.38752,335.11268,0
1754554860,147.38752,335.11268,0
1754554920,147.38752,335.11268,0
1754554980,147.38752,335.11268,0
1754555040,147.38752,335.11268,0
1754555100,147.38752,335.11268,0
1754555160,147.38752,335.11268,0
1754555220,147.38752,335.11268,0
1754555280,147.38752,335.11268,0
1754555340,147.38752,335.11268,0
1754555400,147.38752,335.11268,0
1754555460,147.38752,335.11268,0
1754555520,147.38752,335.11268,0
1754555580,147.38752,335.11268,0
1754555640,147.38752,335.11268,0
1754555700,147.38752,335.11268,0
1754555760,147.38752,335.11268,0
1754555820,147.38752,335.11268,0
1754555880,147.38752,335.11268,0
1754555940,147.38752,335.11268,0
1754556000,147.38752,335.11268,0
1754556060,147.38752,335.11268,0
1754556120,147.38752,335.11268,0
1754556180,147.38752,335.11268,0
1754556240,147.38752,335.11268,0
1754556300,147.38752,335.11268,0
1754556360,147.38752,335.11268,0
1754556420,147.38752,335.11268,0
1754556480,147.38752,335.11268,0
1754556540,147.38752,335.11268,0
1754556600,147.38752,335.11268,0
1754556660,147.38752,335.11268,0
1754556720,147.38752,335.11268,0
1754556780,147.38752,335.11268,0
1754556840,147.38752,335.11268,0
1754556900,147.38752,335.11268,0
1754556960,147.38752,335.11268,0
1754557020,147.38752,335.11268,0
1754557080,147.38752,335.11268,0
1754557140,147.38752,335.11268,0
1754557200,147.38752,335.11268,0
1754557260,147.38752,335.11268,0
1754557320,147.38752,335.11268,0
1754557380,147.38752,335.11268,0
1754557440,147.38752,335.11268,0
1754557500,147.38752,335.11268,0
1754557560,147.38752,335.11268,0
1754557620,147.38752,335.11268,0
1754557680,147.38752,335.11268,0
1754557740,147.38752,335.11268,0
1754557800,147.38752,335.11268,0
1754557860,147.38752,335.11268,0
1754557920,147.38752,335.11268,0
1754557980,147.38752,335.11268,0
1754558040,147.38752,335.11268,0
1754558100,147.38752,335.11268,0
1754558160,147.38752,335.11268,0
1754558220,147.38752,335.11268,0
1754558280,147.38752,335.11268,0
1754558340,147.38752,335.11268,0
1754558400,147.38752,335.11268,0
1754558460,147.38752,335.11268,0
1754558520,147.38752,335.11268,0
1754558580,147.38752,335.11268,0
1754558640,147.38752,335.11268,0
1754558700,147.38752,335.11268,0
1754558760,147.38752,335.11268,0
1754558820,147.38752,335.11268,0
1754558880,147.38752,335.11268,0
1754558940,147.38752,335.11268,0
1754559000,147.38752,335.11268,0
1754559060,147.38752,335.11268,0
1754559120,147.38752,335.11268,0
1754559180,147.38752,335.11268,0
1754559240,147.38752,335.11268,0
1754559300,147.38752,335.11268,0
1754559360,147.38752,335.11268,0
1754559420,147.38752,335.11268,0
1754559480,147.38752,335.11268,0
1754559540,147.38752,335.11268,0
1754559600,147.38752,335.11268,0
1754559660,147.38752,335.11268,0
1754559720,147.38752,335.11268,0
1754559780,147.38752,335.11268,0
1754559840,147.38752,335.11268,0
1754559900,147.38752,335.11268,0
1754559960,147.38752,335.11268,0
1754560020,147.38752,335.11268,0
1754560080,147.38752,335.11268,0
1754560140,147.38752,335.11268,0
1754560200,147.38752,335.11268,0
1754560260,147.38752,335.11268,0
1754560320,147.38752,335.11268,0
1754560380,147.38752,335.11268,0
1754560440,147.38752,335.11268,0
1754560500,147.38752,335.11268,0
1754560560,147.38752,335.11268,0
1754560620,147.38752,335.11268,0
1754560680,147.38752,335.11268,0
1754560740,147.38752,335.11268,0
1754560800,147.38752,335.11268,0
1754560860,147.38752,335.11268,0
1754560920,147.38752,335.11268,0
1754560980,147.38752,335.11268,0
1754561040,147.38752,335.11268,0
1754561100,147.38752,335.11268,0
1754561160,147.38752,335.11268,0
1754561220,147.38752,335.11268,0
1754561280,147.38752,335.11268,0
1754561340,147.38752,335.11268,0
1754561400,147.38752,335.11268,0
1754561460,147.38752,335.11268,0
1754561520,147.38752,335.11268,0
1754561580,147.38752,335.11268,0
1754561640,147.38752,335.11268,0
1754561700,147.38752,335.11268,0
1754561760,147.38752,335.11268,0
1754561820,147.38752,335.11268,0
1754561880,147.38752,335.11268,0
1754561940,147.38752,335.11268,0
1754562000,147.38752,335.11268,0
1754562060,147.38752,335.11268,0
1754562120,147.38752,335.11268,0
1754562180,147.38752,335.11268,0
1754562240,147.38752,335.11268,0
1754562300,147.38752,335.11268,0
1754562360,147.38752,335.11268,0
1754562420,147.38752,335.11268,0
1754562480,147.38752,335.11268,0
1754562540,147.38752,335.11268,0
1754562600,147.38752,335.11268,0
1754562660,147.38752,335.11268,0
1754562720,147.38752,335.11268,0
