1754470860,-59.45689
1754470920,-59.45689
1754470980,-59.45689
1754471040,-59.45689
1754471100,-59.45689
1754471160,-59.45689
1754471220,-59.45689
1754471280,-59.45689
1754471340,-59.45689
1754471400,-59.45689
1754471460,-59.45689
1754471520,-59.45689
1754471580,-59.45689
1754471640,-59.45689
1754471700,-59.45689
1754471760,-59.45689
1754471820,-59.45689
1754471880,-59.45689
1754471940,-59.45689
1754472000,-59.45689
1754472060,-59.45689
1754472120,-59.45689
1754472180,-59.45689
1754472240,-59.45689
1754472300,-59.45689
1754472360,-59.45689
1754472420,-59.45689
1754472480,-59.45689
1754472540,-59.45689
1754472600,-59.45689
1754472660,-59.45689
1754472720,-59.45689
1754472780,-59.45689
1754472840,-59.45689
1754472900,-59.45689
1754472960,-59.45689
1754473020,-59.45689
1754473080,-59.45689
1754473140,-59.45689
1754473200,-59.45689
1754473260,-59.45689
1754473320,-59.45689
1754473380,-59.45689
1754473440,-59.45689
1754473500,-59.45689
1754473560,-59.45689
1754473620,-59.45689
1754473680,-59.45689
1754473740,-59.45689
1754473800,-59.45689
1754473860,-59.45689
1754473920,-59.45689
1754473980,-59.45689
1754474040,-59.45689
1754474100,-59.45689
1754474160,-59.45689
1754474220,-59.45689
1754474280,-59.45689
1754474340,-59.45689
1754474400,-59.45689
1754474460,-59.45689
1754474520,-59.45689
1754474580,-59.45689
1754474640,-59.45689
1754474700,-59.45689
1754474760,-59.45689
1754474820,-59.45689
1754474880,-59.45689
1754474940,-59.45689
1754475000,-59.45689
1754475060,-59.45689
1754475120,-59.45689
1754475180,-59.45689
1754475240,-59.45689
1754475300,-59.45689
1754475360,-59.45689
1754475420,-59.45689
1754475480,-59.45689
1754475540,-59.45689
1754475600,-59.45689
1754475660,-59.45689
1754475720,-59.45689
1754475780,-59.45689
1754475840,-59.45689
1754475900,-59.45689
1754475960,-59.45689
1754476020,-59.45689
1754476080,-59.45689
1754476140,-59.45689
1754476200,-59.45689
1754476260,-59.45689
1754476320,-59.45689
1754476380,-59.45689
1754476440,-59.45689
1754476500,-59.45689
1754476560,-59.45689
1754476620,-59.45689
1754476680,-59.45689
1754476740,-59.45689
1754476800,-59.45689
1754476860,-59.45689
1754476920,-59.45689
1754476980,-59.45689
1754477040,-59.45689
1754477100,-59.45689
1754477160,-59.45689
1754477220,-59.45689
1754477280,-59.45689
1754477340,-59.45689
1754477400,-59.45689
1754477460,-59.45689
1754477520,-59.45689
1754477580,-59.45689
1754477640,-59.45689
1754477700,-59.45689
1754477760,-59.45689
1754477820,-59.45689
1754477880,-59.45689
1754477940,-59.45689
1754478000,-59.45689
1754478060,-59.45689
1754478120,-59.45689
1754478180,-59.45689
1754478240,-59.45689
1754478300,-59.45689
1754478360,-59.45689
1754478420,-59.45689
1754478480,-59.45689
1754478540,-59.45689
1754478600,-59.45689
1754478660,-59.45689
1754478720,-59.45689
1754478780,-59.45689
1754478840,-59.45689
1754478900,-59.45689
1754478960,-59.45689
1754479020,-59.45689
1754479080,-59.45689
1754479140,-59.45689
1754479200,-59.45689
1754479260,-59.45689
1754479320,-59.45689
1754479380,-59.45689
1754479440,-59.45689
1754479500,-59.45689
1754479560,-59.45689
1754479620,-59.45689
1754479680,-59.45689
1754479740,-59.45689
1754479800,-59.45689
1754479860,-59.45689
1754479920,-59.45689
1754479980,-59.45689
1754480040,-59.45689
1754480100,-59.45689
1754480160,-59.45689
1754480220,-59.45689
1754480280,-59.45689
1754480340,-59.45689
1754480400,-59.45689
1754480460,-59.45689
1754480520,-59.45689
1754480580,-59.45689
1754480640,-59.45689
1754480700,-59.45689
1754480760,-59.45689
1754480820,-59.45689
1754480880,-59.45689
1754480940,-59.45689
1754481000,-59.45689
1754481060,-59.45689
1754481120,-59.45689
1754481180,-59.45689
1754481240,-59.45689
1754481300,-59.45689
1754481360,-59.45689
1754481420,-59.45689
1754481480,-59.45689
1754481540,-59.45689
1754481600,-59.45689
1754481660,-59.45689
1754481720,-59.45689
1754481780,-59.45689
1754481840,-59.45689
1754481900,-59.45689
1754481960,-59.45689
1754482020,-59.45689
1754482080,-59.45689
1754482140,-59.45689
1754482200,-59.45689
1754482260,-59.45689
1754482320,-59.45689
1754482380,-59.45689
1754482440,-59.45689
1754482500,-59.45689
1754482560,-59.45689
1754482620,-59.45689
1754482680,-59.45689
1754482740,-59.45689
1754482800,-59.45689
1754482860,-59.45689
1754482920,-59.45689
1754482980,-59.45689
1754483040,-59.45689
1754483100,-59.45689
1754483160,-59.45689
1754483220,-59.45689
1754483280,-59.45689
1754483340,-59.45689
1754483400,-59.45689
1754483460,-59.45689
1754483520,-59.45689
1754483580,-59.45689
1754483640,-59.45689
1754483700,-59.45689
1754483760,-59.45689
1754483820,-59.45689
1754483880,-59.45689
1754483940,-59.45689
1754484000,-59.45689
1754484060,-59.45689
1754484120,-59.45689
1754484180,-59.45689
1754484240,-59.45689
1754484300,-59.45689
1754484360,-59.45689
1754484420,-59.45689
1754484480,-59.45689
1754484540,-59.45689
1754484600,-59.45689
1754484660,-59.45689
1754484720,-59.45689
1754484780,-59.45689
1754484840,-59.45689
1754484900,-59.45689
1754484960,-59.45689
1754485020,-59.45689
1754485080,-59.45689
1754485140,-59.45689
1754485200,-59.45689
1754485260,-59.45689
1754485320,-59.45689
1754485380,-59.45689
1754485440,-59.45689
1754485500,-59.45689
1754485560,-59.45689
1754485620,-59.45689
1754485680,-59.45689
1754485740,-59.45689
1754485800,-59.45689
1754485860,-59.45689
1754485920,-59.45689
1754485980,-59.45689
1754486040,-59.45689
1754486100,-59.45689
1754486160,-59.45689
1754486220,-59.45689
1754486280,-59.45689
1754486340,-59.45689
1754486400,-59.45689
1754486460,-59.45689
1754486520,-59.45689
1754486580,-59.45689
1754486640,-59.45689
1754486700,-59.45689
1754486760,-59.45689
1754486820,-59.45689
1754486880,-59.45689
1754486940,-59.45689
1754487000,-59.45689
1754487060,-59.45689
1754487120,-59.45689
1754487180,-59.45689
1754487240,-59.45689
1754487300,-59.45689
1754487360,-59.45689
1754487420,-59.45689
1754487480,-59.45689
1754487540,-59.45689
1754487600,-59.45689
1754487660,-59.45689
1754487720,-59.45689
1754487780,-59.45689
1754487840,-59.45689
1754487900,-59.45689
1754487960,-59.45689
1754488020,-59.45689
1754488080,-59.45689
1754488140,-59.45689
1754488200,-59.45689
1754488260,-59.45689
1754488320,-59.45689
1754488380,-59.45689
1754488440,-59.45689
1754488500,-59.45689
1754488560,-59.45689
1754488620,-59.45689
1754488680,-59.45689
1754488740,-59.45689
1754488800,-59.45689
1754488860,-59.45689
1754488920,-59.45689
1754488980,-59.45689
1754489040,-59.45689
1754489100,-59.45689
1754489160,-59.45689
1754489220,-59.45689
1754489280,-59.45689
1754489340,-59.45689
1754489400,-59.45689
1754489460,-59.45689
1754489520,-59.45689
1754489580,-59.45689
1754489640,-59.45689
1754489700,-59.45689
1754489760,-59.45689
1754489820,-59.45689
1754489880,-59.45689
1754489940,-59.45689
1754490000,-59.45689
1754490060,-59.45689
1754490120,-59.45689
1754490180,-59.45689
1754490240,-59.45689
1754490300,-59.45689
1754490360,-59.45689
1754490420,-59.45689
1754490480,-59.45689
1754490540,-59.45689
1754490600,-59.45689
1754490660,-59.45689
1754490720,-59.45689
1754490780,-59.45689
1754490840,-59.45689
1754490900,-59.45689
1754490960,-59.45689
1754491020,-59.45689
1754491080,-59.45689
1754491140,-59.45689
1754491200,-59.45689
1754491260,-59.45689
1754491320,-59.45689
1754491380,-59.45689
1754491440,-59.45689
1754491500,-59.45689
1754491560,-59.45689
1754491620,-59.45689
1754491680,-59.45689
1754491740,-59.45689
1754491800,-59.45689
1754491860,-59.45689
1754491920,-59.45689
1754491980,-59.45689
1754492040,-59.45689
1754492100,-59.45689
1754492160,-59.45689
1754492220,-59.45689
1754492280,-59.45689
1754492340,-59.45689
1754492400,-59.45689
1754492460,-59.45689
1754492520,-59.45689
1754492580,-59.45689
1754492640,-59.45689
1754492700,-59.45689
1754492760,-59.45689
1754492820,-59.45689
1754492880,-59.45689
1754492940,-59.45689
1754493000,-59.45689
1754493060,-59.45689
1754493120,-59.45689
1754493180,-59.45689
1754493240,-59.45689
1754493300,-59.45689
1754493360,-59.45689
1754493420,-59.45689
1754493480,-59.45689
1754493540,-59.45689
1754493600,-59.45689
1754493660,-59.45689
1754493720,-59.45689
1754493780,-59.45689
1754493840,-59.45689
1754493900,-59.45689
1754493960,-59.45689
1754494020,-59.45689
1754494080,-59.45689
1754494140,-59.45689
1754494200,-59.45689
1754494260,-59.45689
1754494320,-59.45689
1754494380,-59.45689
1754494440,-59.45689
1754494500,-59.45689
1754494560,-59.45689
1754494620,-59.45689
1754494680,-59.45689
1754494740,-59.45689
1754494800,-59.45689
1754494860,-59.45689
1754494920,-59.45689
1754494980,-59.45689
1754495040,-59.45689
1754495100,-59.45689
1754495160,-59.45689
1754495220,-59.45689
1754495280,-59.45689
1754495340,-59.45689
1754495400,-59.45689
1754495460,-59.45689
1754495520,-59.45689
1754495580,-59.45689
1754495640,-59.45689
1754495700,-59.45689
1754495760,-59.45689
1754495820,-59.45689
1754495880,-59.45689
1754495940,-59.45689
1754496000,-59.45689
1754496060,-59.45689
1754496120,-59.45689
1754496180,-59.45689
1754496240,-59.45689
1754496300,-59.45689
1754496360,-59.45689
1754496420,-59.45689
1754496480,-59.45689
1754496540,-59.45689
1754496600,-59.45689
1754496660,-59.45689
1754496720,-59.45689
1754496780,-59.45689
1754496840,-59.45689
1754496900,-59.45689
1754496960,-59.45689
1754497020,-59.45689
1754497080,-59.45689
1754497140,-59.45689
1754497200,-59.45689
1754497260,-59.45689
1754497320,-59.45689
1754497380,-59.45689
1754497440,-59.45689
1754497500,-59.45689
1754497560,-59.45689
1754497620,-59.45689
1754497680,-59.45689
1754497740,-59.45689
1754497800,-59.45689
1754497860,-59.45689
1754497920,-59.45689
1754497980,-59.45689
1754498040,-59.45689
1754498100,-59.45689
1754498160,-59.45689
1754498220,-59.45689
1754498280,-59.45689
1754498340,-59.45689
1754498400,-59.45689
1754498460,-59.45689
1754498520,-59.45689
1754498580,-59.45689
1754498640,-59.45689
1754498700,-59.45689
1754498760,-59.45689
1754498820,-59.45689
1754498880,-59.45689
1754498940,-59.45689
1754499000,-59.45689
1754499060,-59.45689
1754499120,-59.45689
1754499180,-59.45689
1754499240,-59.45689
1754499300,-59.45689
1754499360,-59.45689
1754499420,-59.45689
1754499480,-59.45689
1754499540,-59.45689
1754499600,-59.45689
1754499660,-59.45689
1754499720,-59.45689
1754499780,-59.45689
1754499840,-59.45689
1754499900,-59.45689
1754499960,-59.45689
1754500020,-59.45689
1754500080,-59.45689
1754500140,-59.45689
1754500200,-59.45689
1754500260,-59.45689
1754500320,-59.45689
1754500380,-59.45689
1754500440,-59.45689
1754500500,-59.45689
1754500560,-59.45689
1754500620,-59.45689
1754500680,-59.45689
1754500740,-59.45689
1754500800,-59.45689
1754500860,-59.45689
1754500920,-59.45689
1754500980,-59.45689
1754501040,-59.45689
1754501100,-59.45689
1754501160,-59.45689
1754501220,-59.45689
1754501280,-59.45689
1754501340,-59.45689
1754501400,-59.45689
1754501460,-59.45689
1754501520,-59.45689
1754501580,-59.45689
1754501640,-59.45689
1754501700,-59.45689
1754501760,-59.45689
1754501820,-59.45689
1754501880,-59.45689
1754501940,-59.45689
1754502000,-59.45689
1754502060,-59.45689
1754502120,-59.45689
1754502180,-59.45689
1754502240,-59.45689
1754502300,-59.45689
1754502360,-59.45689
1754502420,-59.45689
1754502480,-59.45689
1754502540,-59.45689
1754502600,-59.45689
1754502660,-59.45689
1754502720,-59.45689
1754502780,-59.45689
1754502840,-59.45689
1754502900,-59.45689
1754502960,-59.45689
1754503020,-59.45689
1754503080,-59.45689
1754503140,-59.45689
1754503200,-59.45689
1754503260,-59.45689
1754503320,-59.45689
1754503380,-59.45689
1754503440,-59.45689
1754503500,-59.45689
1754503560,-59.45689
1754503620,-59.45689
1754503680,-59.45689
1754503740,-59.45689
1754503800,-59.45689
1754503860,-59.45689
1754503920,-59.45689
1754503980,-59.45689
1754504040,-59.45689
1754504100,-59.45689
1754504160,-59.45689
1754504220,-59.45689
1754504280,-59.45689
1754504340,-59.45689
1754504400,-59.45689
1754504460,-59.45689
1754504520,-59.45689
1754504580,-59.45689
1754504640,-59.45689
1754504700,-59.45689
1754504760,-59.45689
1754504820,-59.45689
1754504880,-59.45689
1754504940,-59.45689
1754505000,-59.45689
1754505060,-59.45689
1754505120,-59.45689
1754505180,-59.45689
1754505240,-59.45689
1754505300,-59.45689
1754505360,-59.45689
1754505420,-59.45689
1754505480,-59.45689
1754505540,-59.45689
1754505600,-59.45689
1754505660,-59.45689
1754505720,-59.45689
1754505780,-59.45689
1754505840,-59.45689
1754505900,-59.45689
1754505960,-59.45689
1754506020,-59.45689
1754506080,-59.45689
1754506140,-59.45689
1754506200,-59.45689
1754506260,-59.45689
1754506320,-59.45689
1754506380,-59.45689
1754506440,-59.45689
1754506500,-59.45689
1754506560,-59.45689
1754506620,-59.45689
1754506680,-59.45689
1754506740,-59.45689
1754506800,-59.45689
1754506860,-59.45689
1754506920,-59.45689
1754506980,-59.45689
1754507040,-59.45689
1754507100,-59.45689
1754507160,-59.45689
1754507220,-59.45689
1754507280,-59.45689
1754507340,-59.45689
1754507400,-59.45689
1754507460,-59.45689
1754507520,-59.45689
1754507580,-59.45689
1754507640,-59.45689
1754507700,-59.45689
1754507760,-59.45689
1754507820,-59.45689
1754507880,-59.45689
1754507940,-59.45689
1754508000,-59.45689
1754508060,-59.45689
1754508120,-59.45689
1754508180,-59.45689
1754508240,-59.45689
1754508300,-59.45689
1754508360,-59.45689
1754508420,-59.45689
1754508480,-59.45689
1754508540,-59.45689
1754508600,-59.45689
1754508660,-59.45689
1754508720,-59.45689
1754508780,-59.45689
1754508840,-59.45689
1754508900,-59.45689
1754508960,-59.45689
1754509020,-59.45689
1754509080,-59.45689
1754509140,-59.45689
1754509200,-59.45689
1754509260,-59.45689
1754509320,-59.45689
1754509380,-59.45689
1754509440,-59.45689
1754509500,-59.45689
1754509560,-59.45689
1754509620,-59.45689
1754509680,-59.45689
1754509740,-59.45689
1754509800,-59.45689
1754509860,-59.45689
1754509920,-59.45689
1754509980,-59.45689
1754510040,-59.45689
1754510100,-59.45689
1754510160,-59.45689
1754510220,-59.45689
1754510280,-59.45689
1754510340,-59.45689
1754510400,-59.45689
1754510460,-59.45689
1754510520,-59.45689
1754510580,-59.45689
1754510640,-59.45689
1754510700,-59.45689
1754510760,-59.45689
1754510820,-59.45689
1754510880,-59.45689
1754510940,-59.45689
1754511000,-59.45689
1754511060,-59.45689
1754511120,-59.45689
1754511180,-59.45689
1754511240,-59.45689
1754511300,-59.45689
1754511360,-59.45689
1754511420,-59.45689
1754511480,-59.45689
1754511540,-59.45689
1754511600,-59.45689
1754511660,-59.45689
1754511720,-59.45689
1754511780,-59.45689
1754511840,-59.45689
1754511900,-59.45689
1754511960,-59.45689
1754512020,-59.45689
1754512080,-59.45689
1754512140,-59.45689
1754512200,-59.45689
1754512260,-59.45689
1754512320,-59.45689
1754512380,-59.45689
1754512440,-59.45689
1754512500,-59.45689
1754512560,-59.45689
1754512620,-59.45689
1754512680,-59.45689
1754512740,-59.45689
1754512800,-59.45689
1754512860,-59.45689
1754512920,-59.45689
1754512980,-59.45689
1754513040,-59.45689
1754513100,-59.45689
1754513160,-59.45689
1754513220,-59.45689
1754513280,-59.45689
1754513340,-59.45689
1754513400,-59.45689
1754513460,-59.45689
1754513520,-59.45689
1754513580,-59.45689
1754513640,-59.45689
1754513700,-59.45689
1754513760,-59.45689
1754513820,-59.45689
1754513880,-59.45689
1754513940,-59.45689
1754514000,-59.45689
1754514060,-59.45689
1754514120,-59.45689
1754514180,-59.45689
1754514240,-59.45689
1754514300,-59.45689
1754514360,-59.45689
1754514420,-59.45689
1754514480,-59.45689
1754514540,-59.45689
1754514600,-59.45689
1754514660,-59.45689
1754514720,-59.45689
1754514780,-59.45689
1754514840,-59.45689
1754514900,-59.45689
1754514960,-59.45689
1754515020,-59.45689
1754515080,-59.45689
1754515140,-59.45689
1754515200,-59.45689
1754515260,-59.45689
1754515320,-59.45689
1754515380,-59.45689
1754515440,-59.45689
1754515500,-59.45689
1754515560,-59.45689
1754515620,-59.45689
1754515680,-59.45689
1754515740,-59.45689
1754515800,-59.45689
1754515860,-59.45689
1754515920,-59.45689
1754515980,-59.45689
1754516040,-59.45689
1754516100,-59.45689
1754516160,-59.45689
1754516220,-59.45689
1754516280,-59.45689
1754516340,-59.45689
1754516400,-59.45689
1754516460,-59.45689
1754516520,-59.45689
1754516580,-59.45689
1754516640,-59.45689
1754516700,-59.45689
1754516760,-59.45689
1754516820,-59.45689
1754516880,-59.45689
1754516940,-59.45689
1754517000,-59.45689
1754517060,-59.45689
1754517120,-59.45689
1754517180,-59.45689
1754517240,-59.45689
1754517300,-59.45689
1754517360,-59.45689
1754517420,-59.45689
1754517480,-59.45689
1754517540,-59.45689
1754517600,-59.45689
1754517660,-59.45689
1754517720,-59.45689
1754517780,-59.45689
1754517840,-59.45689
1754517900,-59.45689
1754517960,-59.45689
1754518020,-59.45689
1754518080,-59.45689
1754518140,-59.45689
1754518200,-59.45689
1754518260,-59.45689
1754518320,-59.45689
1754518380,-59.45689
1754518440,-59.45689
1754518500,-59.45689
1754518560,-59.45689
1754518620,-59.45689
1754518680,-59.45689
1754518740,-59.45689
1754518800,-59.45689
1754518860,-59.45689
1754518920,-59.45689
1754518980,-59.45689
1754519040,-59.45689
1754519100,-59.45689
1754519160,-59.45689
1754519220,-59.45689
1754519280,-59.45689
1754519340,-59.45689
1754519400,-59.45689
1754519460,-59.45689
1754519520,-59.45689
1754519580,-59.45689
1754519640,-59.45689
1754519700,-59.45689
1754519760,-59.45689
1754519820,-59.45689
1754519880,-59.45689
1754519940,-59.45689
1754520000,-59.45689
1754520060,-59.45689
1754520120,-59.45689
1754520180,-59.45689
1754520240,-59.45689
1754520300,-59.45689
1754520360,-59.45689
1754520420,-59.45689
1754520480,-59.45689
1754520540,-59.45689
1754520600,-59.45689
1754520660,-59.45689
1754520720,-59.45689
1754520780,-59.45689
1754520840,-59.45689
1754520900,-59.45689
1754520960,-59.45689
1754521020,-59.45689
1754521080,-59.45689
1754521140,-59.45689
1754521200,-59.45689
1754521260,-59.45689
1754521320,-59.45689
1754521380,-59.45689
1754521440,-59.45689
1754521500,-59.45689
1754521560,-59.45689
1754521620,-59.45689
1754521680,-59.45689
1754521740,-59.45689
1754521800,-59.45689
1754521860,-59.45689
1754521920,-59.45689
1754521980,-59.45689
1754522040,-59.45689
1754522100,-59.45689
1754522160,-59.45689
1754522220,-59.45689
1754522280,-59.45689
1754522340,-59.45689
1754522400,-59.45689
1754522460,-59.45689
1754522520,-59.45689
1754522580,-59.45689
1754522640,-59.45689
1754522700,-59.45689
1754522760,-59.45689
1754522820,-59.45689
1754522880,-59.45689
1754522940,-59.45689
1754523000,-59.45689
1754523060,-59.45689
1754523120,-59.45689
1754523180,-59.45689
1754523240,-59.45689
1754523300,-59.45689
1754523360,-59.45689
1754523420,-59.45689
1754523480,-59.45689
1754523540,-59.45689
1754523600,-59.45689
1754523660,-59.45689
1754523720,-59.45689
1754523780,-59.45689
1754523840,-59.45689
1754523900,-59.45689
1754523960,-59.45689
1754524020,-59.45689
1754524080,-59.45689
1754524140,-59.45689
1754524200,-59.45689
1754524260,-59.45689
1754524320,-59.45689
1754524380,-59.45689
1754524440,-59.45689
1754524500,-59.45689
1754524560,-59.45689
1754524620,-59.45689
1754524680,-59.45689
1754524740,-59.45689
1754524800,-59.45689
1754524860,-59.45689
1754524920,-59.45689
1754524980,-59.45689
1754525040,-59.45689
1754525100,-59.45689
1754525160,-59.45689
1754525220,-59.45689
1754525280,-59.45689
1754525340,-59.45689
1754525400,-59.45689
1754525460,-59.45689
1754525520,-59.45689
1754525580,-59.45689
1754525640,-59.45689
1754525700,-59.45689
1754525760,-59.45689
1754525820,-59.45689
1754525880,-59.45689
1754525940,-59.45689
1754526000,-59.45689
1754526060,-59.45689
1754526120,-59.45689
1754526180,-59.45689
1754526240,-59.45689
1754526300,-59.45689
1754526360,-59.45689
1754526420,-59.45689
1754526480,-59.45689
1754526540,-59.45689
1754526600,-59.45689
1754526660,-59.45689
1754526720,-59.45689
1754526780,-59.45689
1754526840,-59.45689
1754526900,-59.45689
1754526960,-59.45689
1754527020,-59.45689
1754527080,-59.45689
1754527140,-59.45689
1754527200,-59.45689
1754527260,-59.45689
1754527320,-59.45689
1754527380,-59.45689
1754527440,-59.45689
1754527500,-59.45689
1754527560,-59.45689
1754527620,-59.45689
1754527680,-59.45689
1754527740,-59.45689
1754527800,-59.45689
1754527860,-59.45689
1754527920,-59.45689
1754527980,-59.45689
1754528040,-59.45689
1754528100,-59.45689
1754528160,-59.45689
1754528220,-59.45689
1754528280,-59.45689
1754528340,-59.45689
1754528400,-59.45689
1754528460,-59.45689
1754528520,-59.45689
1754528580,-59.45689
1754528640,-59.45689
1754528700,-59.45689
1754528760,-59.45689
1754528820,-59.45689
1754528880,-59.45689
1754528940,-59.45689
1754529000,-59.45689
1754529060,-59.45689
1754529120,-59.45689
1754529180,-59.45689
1754529240,-59.45689
1754529300,-59.45689
1754529360,-59.45689
1754529420,-59.45689
1754529480,-59.45689
1754529540,-59.45689
1754529600,-59.45689
1754529660,-59.45689
1754529720,-59.45689
1754529780,-59.45689
1754529840,-59.45689
1754529900,-59.45689
1754529960,-59.45689
1754530020,-59.45689
1754530080,-59.45689
1754530140,-59.45689
1754530200,-59.45689
1754530260,-59.45689
1754530320,-59.45689
1754530380,-59.45689
1754530440,-59.45689
1754530500,-59.45689
1754530560,-59.45689
1754530620,-59.45689
1754530680,-59.45689
1754530740,-59.45689
1754530800,-59.45689
1754530860,-59.45689
1754530920,-59.45689
1754530980,-59.45689
1754531040,-59.45689
1754531100,-59.45689
1754531160,-59.45689
1754531220,-59.45689
1754531280,-59.45689
1754531340,-59.45689
1754531400,-59.45689
1754531460,-59.45689
1754531520,-59.45689
1754531580,-59.45689
1754531640,-59.45689
1754531700,-59.45689
1754531760,-59.45689
1754531820,-59.45689
1754531880,-59.45689
1754531940,-59.45689
1754532000,-59.45689
1754532060,-59.45689
1754532120,-59.45689
1754532180,-59.45689
1754532240,-59.45689
1754532300,-59.45689
1754532360,-59.45689
1754532420,-59.45689
1754532480,-59.45689
1754532540,-59.45689
1754532600,-59.45689
1754532660,-59.45689
1754532720,-59.45689
1754532780,-59.45689
1754532840,-59.45689
1754532900,-59.45689
1754532960,-59.45689
1754533020,-59.45689
1754533080,-59.45689
1754533140,-59.45689
1754533200,-59.45689
1754533260,-59.45689
1754533320,-59.45689
1754533380,-59.45689
1754533440,-59.45689
1754533500,-59.45689
1754533560,-59.45689
1754533620,-59.45689
1754533680,-59.45689
1754533740,-59.45689
1754533800,-59.45689
1754533860,-59.45689
1754533920,-59.45689
1754533980,-59.45689
1754534040,-59.45689
1754534100,-59.45689
1754534160,-59.45689
1754534220,-59.45689
1754534280,-59.45689
1754534340,-59.45689
1754534400,-59.45689
1754534460,-59.45689
1754534520,-59.45689
1754534580,-59.45689
1754534640,-59.45689
1754534700,-59.45689
1754534760,-59.45689
1754534820,-59.45689
1754534880,-59.45689
1754534940,-59.45689
1754535000,-59.45689
1754535060,-59.45689
1754535120,-59.45689
1754535180,-59.45689
1754535240,-59.45689
1754535300,-59.45689
1754535360,-59.45689
1754535420,-59.45689
1754535480,-59.45689
1754535540,-59.45689
1754535600,-59.45689
1754535660,-59.45689
1754535720,-59.45689
1754535780,-59.45689
1754535840,-59.45689
1754535900,-59.45689
1754535960,-59.45689
1754536020,-59.45689
1754536080,-59.45689
1754536140,-59.45689
1754536200,-59.45689
1754536260,-59.45689
1754536320,-59.45689
1754536380,-59.45689
1754536440,-59.45689
1754536500,-59.45689
1754536560,-59.45689
1754536620,-59.45689
1754536680,-59.45689
1754536740,-59.45689
1754536800,-59.45689
1754536860,-59.45689
1754536920,-59.45689
1754536980,-59.45689
1754537040,-59.45689
1754537100,-59.45689
1754537160,-59.45689
1754537220,-59.45689
1754537280,-59.45689
1754537340,-59.45689
1754537400,-59.45689
1754537460,-59.45689
1754537520,-59.45689
1754537580,-59.45689
1754537640,-59.45689
1754537700,-59.45689
1754537760,-59.45689
1754537820,-59.45689
1754537880,-59.45689
1754537940,-59.45689
1754538000,-59.45689
1754538060,-59.45689
1754538120,-59.45689
1754538180,-59.45689
1754538240,-59.45689
1754538300,-59.45689
1754538360,-59.45689
1754538420,-59.45689
1754538480,-59.45689
1754538540,-59.45689
1754538600,-59.45689
1754538660,-59.45689
1754538720,-59.45689
1754538780,-59.45689
1754538840,-59.45689
1754538900,-59.45689
1754538960,-59.45689
1754539020,-59.45689
1754539080,-59.45689
1754539140,-59.45689
1754539200,-59.45689
1754539260,-59.45689
1754539320,-59.45689
1754539380,-59.45689
1754539440,-59.45689
1754539500,-59.45689
1754539560,-59.45689
1754539620,-59.45689
1754539680,-59.45689
1754539740,-59.45689
1754539800,-59.45689
1754539860,-59.45689
1754539920,-59.45689
1754539980,-59.45689
1754540040,-59.45689
1754540100,-59.45689
1754540160,-59.45689
1754540220,-59.45689
1754540280,-59.45689
1754540340,-59.45689
1754540400,-59.45689
1754540460,-59.45689
1754540520,-59.45689
1754540580,-59.45689
1754540640,-59.45689
1754540700,-59.45689
1754540760,-59.45689
1754540820,-59.45689
1754540880,-59.45689
1754540940,-59.45689
1754541000,-59.45689
1754541060,-59.45689
1754541120,-59.45689
1754541180,-59.45689
1754541240,-59.45689
1754541300,-59.45689
1754541360,-59.45689
1754541420,-59.45689
1754541480,-59.45689
1754541540,-59.45689
1754541600,-59.45689
1754541660,-59.45689
1754541720,-59.45689
1754541780,-59.45689
1754541840,-59.45689
1754541900,-59.45689
1754541960,-59.45689
1754542020,-59.45689
1754542080,-59.45689
1754542140,-59.45689
1754542200,-59.45689
1754542260,-59.45689
1754542320,-59.45689
1754542380,-59.45689
1754542440,-59.45689
1754542500,-59.45689
1754542560,-59.45689
1754542620,-59.45689
1754542680,-59.45689
1754542740,-59.45689
1754542800,-59.45689
1754542860,-59.45689
1754542920,-59.45689
1754542980,-59.45689
1754543040,-59.45689
1754543100,-59.45689
1754543160,-59.45689
1754543220,-59.45689
1754543280,-59.45689
1754543340,-59.45689
1754543400,-59.45689
1754543460,-59.45689
1754543520,-59.45689
1754543580,-59.45689
1754543640,-59.45689
1754543700,-59.45689
1754543760,-59.45689
1754543820,-59.45689
1754543880,-59.45689
1754543940,-59.45689
1754544000,-59.45689
1754544060,-59.45689
1754544120,-59.45689
1754544180,-59.45689
1754544240,-59.45689
1754544300,-59.45689
1754544360,-59.45689
1754544420,-59.45689
1754544480,-59.45689
1754544540,-59.45689
1754544600,-59.45689
1754544660,-59.45689
1754544720,-59.45689
1754544780,-59.45689
1754544840,-59.45689
1754544900,-59.45689
1754544960,-59.45689
1754545020,-59.45689
1754545080,-59.45689
1754545140,-59.45689
1754545200,-59.45689
1754545260,-59.45689
1754545320,-59.45689
1754545380,-59.45689
1754545440,-59.45689
1754545500,-59.45689
1754545560,-59.45689
1754545620,-59.45689
1754545680,-59.45689
1754545740,-59.45689
1754545800,-59.45689
1754545860,-59.45689
1754545920,-59.45689
1754545980,-59.45689
1754546040,-59.45689
1754546100,-59.45689
1754546160,-59.45689
1754546220,-59.45689
1754546280,-59.45689
1754546340,-59.45689
1754546400,-59.45689
1754546460,-59.45689
1754546520,-59.45689
1754546580,-59.45689
1754546640,-59.45689
1754546700,-59.45689
1754546760,-59.45689
1754546820,-59.45689
1754546880,-59.45689
1754546940,-59.45689
1754547000,-59.45689
1754547060,-59.45689
1754547120,-59.45689
1754547180,-59.45689
1754547240,-59.45689
1754547300,-59.45689
1754547360,-59.45689
1754547420,-59.45689
1754547480,-59.45689
1754547540,-59.45689
1754547600,-59.45689
1754547660,-59.45689
1754547720,-59.45689
1754547780,-59.45689
1754547840,-59.45689
1754547900,-59.45689
1754547960,-59.45689
1754548020,-59.45689
1754548080,-59.45689
1754548140,-59.45689
1754548200,-59.45689
1754548260,-59.45689
1754548320,-59.45689
1754548380,-59.45689
1754548440,-59.45689
1754548500,-59.45689
1754548560,-59.45689
1754548620,-59.45689
1754548680,-59.45689
1754548740,-59.45689
1754548800,-59.45689
1754548860,-59.45689
1754548920,-59.45689
1754548980,-59.45689
1754549040,-59.45689
1754549100,-59.45689
1754549160,-59.45689
1754549220,-59.45689
1754549280,-59.45689
1754549340,-59.45689
1754549400,-59.45689
1754549460,-59.45689
1754549520,-59.45689
1754549580,-59.45689
1754549640,-59.45689
1754549700,-59.45689
1754549760,-59.45689
1754549820,-59.45689
1754549880,-59.45689
1754549940,-59.45689
1754550000,-59.45689
1754550060,-59.45689
1754550120,-59.45689
1754550180,-59.45689
1754550240,-59.45689
1754550300,-59.45689
1754550360,-59.45689
1754550420,-59.45689
1754550480,-59.45689
1754550540,-59.45689
1754550600,-59.45689
1754550660,-59.45689
1754550720,-59.45689
1754550780,-59.45689
1754550840,-59.45689
1754550900,-59.45689
1754550960,-59.45689
1754551020,-59.45689
1754551080,-59.45689
1754551140,-59.45689
1754551200,-59.45689
1754551260,-59.45689
1754551320,-59.45689
1754551380,-59.45689
1754551440,-59.45689
1754551500,-59.45689
1754551560,-59.45689
1754551620,-59.45689
1754551680,-59.45689
1754551740,-59.45689
1754551800,-59.45689
1754551860,-59.45689
1754551920,-59.45689
1754551980,-59.45689
1754552040,-59.45689
1754552100,-59.45689
1754552160,-59.45689
1754552220,-59.45689
1754552280,-59.45689
1754552340,-59.45689
1754552400,-59.45689
1754552460,-59.45689
1754552520,-59.45689
1754552580,-59.45689
1754552640,-59.45689
1754552700,-59.45689
1754552760,-59.45689
1754552820,-59.45689
1754552880,-59.45689
1754552940,-59.45689
1754553000,-59.45689
1754553060,-59.45689
1754553120,-59.45689
1754553180,-59.45689
1754553240,-59.45689
1754553300,-59.45689
1754553360,-59.45689
1754553420,-59.45689
1754553480,-59.45689
1754553540,-59.45689
1754553600,-59.45689
1754553660,-59.45689
1754553720,-59.45689
1754553780,-59.45689
1754553840,-59.45689
1754553900,-59.45689
1754553960,-59.45689
1754554020,-59.45689
1754554080,-59.45689
1754554140,-59.45689
1754554200,-59.45689
1754554260,-59.45689
1754554320,-59.45689
1754554380,-59.45689
1754554440,-59.45689
1754554500,-59.45689
1754554560,-59.45689
1754554620,-59.45689
1754554680,-59.45689
1754554740,-59.45689
1754554800,-59.45689
1754554860,-59.45689
1754554920,-59.45689
1754554980,-59.45689
1754555040,-59.45689
1754555100,-59.45689
1754555160,-59.45689
1754555220,-59.45689
1754555280,-59.45689
1754555340,-59.45689
1754555400,-59.45689
1754555460,-59.45689
1754555520,-59.45689
1754555580,-59.45689
1754555640,-59.45689
1754555700,-59.45689
1754555760,-59.45689
1754555820,-59.45689
1754555880,-59.45689
1754555940,-59.45689
1754556000,-59.45689
1754556060,-59.45689
1754556120,-59.45689
1754556180,-59.45689
1754556240,-59.45689
1754556300,-59.45689
1754556360,-59.45689
1754556420,-59.45689
1754556480,-59.45689
1754556540,-59.45689
1754556600,-59.45689
1754556660,-59.45689
1754556720,-59.45689
1754556780,-59.45689
1754556840,-59.45689
1754556900,-59.45689
1754556960,-59.45689
1754557020,-59.45689
1754557080,-59.45689
1754557140,-59.45689
1754557200,-59.45689
1754557260,-59.45689
1754557320,-59.45689
1754557380,-59.45689
1754557440,-59.45689
1754557500,-59.45689
1754557560,-59.45689
1754557620,-59.45689
1754557680,-59.45689
1754557740,-59.45689
1754557800,-59.45689
1754557860,-59.45689
1754557920,-59.45689
1754557980,-59.45689
1754558040,-59.45689
1754558100,-59.45689
1754558160,-59.45689
1754558220,-59.45689
1754558280,-59.45689
1754558340,-59.45689
1754558400,-59.45689
1754558460,-59.45689
1754558520,-59.45689
1754558580,-59.45689
1754558640,-59.45689
1754558700,-59.45689
1754558760,-59.45689
1754558820,-59.45689
1754558880,-59.45689
1754558940,-59.45689
1754559000,-59.45689
1754559060,-59.45689
1754559120,-59.45689
1754559180,-59.45689
1754559240,-59.45689
1754559300,-59.45689
1754559360,-59.45689
1754559420,-59.45689
1754559480,-59.45689
1754559540,-59.45689
1754559600,-59.45689
1754559660,-59.45689
1754559720,-59.45689
1754559780,-59.45689
1754559840,-59.45689
1754559900,-59.45689
1754559960,-59.45689
1754560020,-59.45689
1754560080,-59.45689
1754560140,-59.45689
1754560200,-59.45689
1754560260,-59.45689
1754560320,-59.45689
1754560380,-59.45689
1754560440,-59.45689
1754560500,-59.45689
1754560560,-59.45689
1754560620,-59.45689
1754560680,-59.45689
1754560740,-59.45689
1754560800,-59.45689
1754560860,-59.45689
1754560920,-59.45689
1754560980,-59.45689
1754561040,-59.45689
1754561100,-59.45689
1754561160,-59.45689
1754561220,-59.45689
1754561280,-59.45689
1754561340,-59.45689
1754561400,-59.45689
1754561460,-59.45689
1754561520,-59.45689
1754561580,-59.45689
1754561640,-59.45689
1754561700,-59.45689
1754561760,-59.45689
1754561820,-59.45689
1754561880,-59.45689
1754561940,-59.45689
1754562000,-59.45689
1754562060,-59.45689
1754562120,-59.45689
1754562180,-59.45689
1754562240,-59.45689
1754562300,-59.45689
1754562360,-59.45689
1754562420,-59.45689
1754562480,-59.45689
1754562540,-59.45689
1754562600,-59.45689
1754562660,-59.45689
1754562720,-59.45689
1754562780,-59.45689
1754562840,-59.45689
1754562900,-59.45689
1754562960,-59.45689
1754563020,-59.45689
1754563080,-59.45689
1754563140,-59.45689
1754563200,-59.45689
1754563260,-59.45689
1754563320,-59.45689
1754563380,-59.45689
1754563440,-59.45689
1754563500,-59.45689
1754563560,-59.45689
1754563620,-59.45689
1754563680,-59.45689
1754563740,-59.45689
1754563800,-59.45689
1754563860,-59.45689
1754563920,-59.45689
1754563980,-59.45689
1754564040,-59.45689
1754564100,-59.45689
1754564160,-59.45689
1754564220,-59.45689
1754564280,-59.45689
1754564340,-59.45689
1754564400,-59.45689
1754564460,-59.45689
1754564520,-59.45689
1754564580,-59.45689
1754564640,-59.45689
1754564700,-59.45689
1754564760,-59.45689
1754564820,-59.45689
1754564880,-59.45689
1754564940,-59.45689
1754565000,-59.45689
1754565060,-59.45689
1754565120,-59.45689
1754565180,-59.45689
1754565240,-59.45689
1754565300,-59.45689
1754565360,-59.45689
1754565420,-59.45689
1754565480,-59.45689
1754565540,-59.45689
1754565600,-59.45689
1754565660,-59.45689
1754565720,-59.45689
1754565780,-59.45689
1754565840,-59.45689
1754565900,-59.45689
1754565960,-59.45689
1754566020,-59.45689
1754566080,-59.45689
1754566140,-59.45689
1754566200,-59.45689
1754566260,-59.45689
1754566320,-59.45689
1754566380,-59.45689
1754566440,-59.45689
1754566500,-59.45689
1754566560,-59.45689
1754566620,-59.45689
1754566680,-59.45689
1754566740,-59.45689
1754566800,-59.45689
1754566860,-59.45689
1754566920,-59.45689
1754566980,-59.45689
1754567040,-59.45689
1754567100,-59.45689
1754567160,-59.45689
1754567220,-59.45689
1754567280,-59.45689
1754567340,-59.45689
1754567400,-59.45689
1754567460,-59.45689
1754567520,-59.45689
1754567580,-59.45689
1754567640,-59.45689
1754567700,-59.45689
1754567760,-59.45689
1754567820,-59.45689
1754567880,-59.45689
1754567940,-59.45689
1754568000,-59.45689
1754568060,-59.45689
1754568120,-59.45689
1754568180,-59.45689
1754568240,-59.45689
1754568300,-59.45689
1754568360,-59.45689
1754568420,-59.45689
1754568480,-59.45689
1754568540,-59.45689
1754568600,-59.45689
1754568660,-59.45689
1754568720,-59.45689
1754568780,-59.45689
1754568840,-59.45689
1754568900,-59.45689
1754568960,-59.45689
1754569020,-59.45689
1754569080,-59.45689
1754569140,-59.45689
1754569200,-59.45689
1754569260,-59.45689
1754569320,-59.45689
1754569380,-59.45689
1754569440,-59.45689
1754569500,-59.45689
1754569560,-59.45689
1754569620,-59.45689
1754569680,-59.45689
1754569740,-59.45689
1754569800,-59.45689
1754569860,-59.45689
1754569920,-59.45689
1754569980,-59.45689
1754570040,-59.45689
1754570100,-59.45689
1754570160,-59.45689
1754570220,-59.45689
1754570280,-59.45689
1754570340,-59.45689
1754570400,-59.45689
1754570460,-59.45689
1754570520,-59.45689
1754570580,-59.45689
1754570640,-59.45689
1754570700,-59.45689
1754570760,-59.45689
1754570820,-59.45689
1754570880,-59.45689
1754570940,-59.45689
1754571000,-59.45689
1754571060,-59.45689
1754571120,-59.45689
1754571180,-59.45689
1754571240,-59.45689
1754571300,-59.45689
1754571360,-59.45689
1754571420,-59.45689
1754571480,-59.45689
1754571540,-59.45689
1754571600,-59.45689
1754571660,-59.45689
1754571720,-59.45689
1754571780,-59.45689
1754571840,-59.45689
1754571900,-59.45689
1754571960,-59.45689
1754572020,-59.45689
1754572080,-59.45689
1754572140,-59.45689
1754572200,-59.45689
1754572260,-59.45689
1754572320,-59.45689
1754572380,-59.45689
1754572440,-59.45689
1754572500,-59.45689
1754572560,-59.45689
1754572620,-59.45689
1754572680,-59.45689
1754572740,-59.45689
1754572800,-59.45689
1754572860,-59.45689
1754572920,-59.45689
1754572980,-59.45689
1754573040,-59.45689
1754573100,-59.45689
1754573160,-59.45689
1754573220,-59.45689
1754573280,-59.45689
1754573340,-59.45689
1754573400,-59.45689
1754573460,-59.45689
1754573520,-59.45689
1754573580,-59.45689
1754573640,-59.45689
1754573700,-59.45689
1754573760,-59.45689
1754573820,-59.45689
1754573880,-59.45689
1754573940,-59.45689
1754574000,-59.45689
1754574060,-59.45689
1754574120,-59.45689
1754574180,-59.45689
1754574240,-59.45689
1754574300,-59.45689
1754574360,-59.45689
1754574420,-59.45689
1754574480,-59.45689
1754574540,-59.45689
1754574600,-59.45689
1754574660,-59.45689
1754574720,-59.45689
1754574780,-59.45689
1754574840,-59.45689
1754574900,-59.45689
1754574960,-59.45689
1754575020,-59.45689
1754575080,-59.45689
1754575140,-59.45689
1754575200,-59.45689
1754575260,-59.45689
1754575320,-59.45689
1754575380,-59.45689
1754575440,-59.45689
1754575500,-59.45689
1754575560,-59.45689
1754575620,-59.45689
1754575680,-59.45689
1754575740,-59.45689
1754575800,-59.45689
1754575860,-59.45689
1754575920,-59.45689
1754575980,-59.45689
1754576040,-59.45689
1754576100,-59.45689
1754576160,-59.45689
1754576220,-59.45689
1754576280,-59.45689
1754576340,-59.45689
1754576400,-59.45689
1754576460,-59.45689
1754576520,-59.45689
1754576580,-59.45689
1754576640,-59.45689
1754576700,-59.45689
1754576760,-59.45689
1754576820,-59.45689
1754576880,-59.45689
1754576940,-59.45689
1754577000,-59.45689
1754577060,-59.45689
1754577120,-59.45689
1754577180,-59.45689
1754577240,-59.45689
1754577300,-59.45689
1754577360,-59.45689
1754577420,-59.45689
1754577480,-59.45689
1754577540,-59.45689
1754577600,-59.45689
1754577660,-59.45689
1754577720,-59.45689
1754577780,-59.45689
1754577840,-59.45689
1754577900,-59.45689
1754577960,-59.45689
1754578020,-59.45689
1754578080,-59.45689
1754578140,-59.45689
1754578200,-59.45689
1754578260,-59.45689
1754578320,-59.45689
1754578380,-59.45689
1754578440,-59.45689
1754578500,-59.45689
1754578560,-59.45689
1754578620,-59.45689
1754578680,-59.45689
1754578740,-59.45689
1754578800,-59.45689
1754578860,-59.45689
1754578920,-59.45689
1754578980,-59.45689
1754579040,-59.45689
1754579100,-59.45689
1754579160,-59.45689
1754579220,-59.45689
1754579280,-59.45689
1754579340,-59.45689
1754579400,-59.45689
1754579460,-59.45689
1754579520,-59.45689
1754579580,-59.45689
1754579640,-59.45689
1754579700,-59.45689
1754579760,-59.45689
1754579820,-59.45689
1754579880,-59.45689
1754579940,-59.45689
1754580000,-59.45689
1754580060,-59.45689
1754580120,-59.45689
1754580180,-59.45689
1754580240,-59.45689
1754580300,-59.45689
1754580360,-59.45689
1754580420,-59.45689
1754580480,-59.45689
1754580540,-59.45689
1754580600,-59.45689
1754580660,-59.45689
1754580720,-59.45689
1754580780,-59.45689
1754580840,-59.45689
1754580900,-59.45689
1754580960,-59.45689
1754581020,-59.45689
1754581080,-59.45689
1754581140,-59.45689
1754581200,-59.45689
1754581260,-59.45689
1754581320,-59.45689
1754581380,-59.45689
1754581440,-59.45689
1754581500,-59.45689
1754581560,-59.45689
1754581620,-59.45689
1754581680,-59.45689
1754581740,-59.45689
1754581800,-59.45689
1754581860,-59.45689
1754581920,-59.45689
1754581980,-59.45689
1754582040,-59.45689
1754582100,-59.45689
1754582160,-59.45689
1754582220,-59.45689
1754582280,-59.45689
1754582340,-59.45689
1754582400,-59.45689
1754582460,-59.45689
1754582520,-59.45689
1754582580,-59.45689
1754582640,-59.45689
1754582700,-59.45689
1754582760,-59.45689
1754582820,-59.45689
1754582880,-59.45689
1754582940,-59.45689
1754583000,-59.45689
1754583060,-59.45689
1754583120,-59.45689
1754583180,-59.45689
1754583240,-59.45689
1754583300,-59.45689
1754583360,-59.45689
1754583420,-59.45689
1754583480,-59.45689
1754583540,-59.45689
1754583600,-59.45689
1754583660,-59.45689
1754583720,-59.45689
1754583780,-59.45689
1754583840,-59.45689
1754583900,-59.45689
1754583960,-59.45689
1754584020,-59.45689
1754584080,-59.45689
1754584140,-59.45689
1754584200,-59.45689
1754584260,-59.45689
1754584320,-59.45689
1754584380,-59.45689
1754584440,-59.45689
1754584500,-59.45689
1754584560,-59.45689
1754584620,-59.45689
1754584680,-59.45689
1754584740,-59.45689
1754584800,-59.45689
1754584860,-59.45689
1754584920,-59.45689
1754584980,-59.45689
1754585040,-59.45689
1754585100,-59.45689
1754585160,-59.45689
1754585220,-59.45689
1754585280,-59.45689
1754585340,-59.45689
1754585400,-59.45689
1754585460,-59.45689
1754585520,-59.45689
1754585580,-59.45689
1754585640,-59.45689
1754585700,-59.45689
1754585760,-59.45689
1754585820,-59.45689
1754585880,-59.45689
1754585940,-59.45689
1754586000,-59.45689
1754586060,-59.45689
1754586120,-59.45689
1754586180,-59.45689
1754586240,-59.45689
1754586300,-59.45689
1754586360,-59.45689
1754586420,-59.45689
1754586480,-59.45689
1754586540,-59.45689
1754586600,-59.45689
1754586660,-59.45689
1754586720,-59.45689
1754586780,-59.45689
1754586840,-59.45689
1754586900,-59.45689
1754586960,-59.45689
1754587020,-59.45689
1754587080,-59.45689
1754587140,-59.45689
1754587200,-59.45689
1754587260,-59.45689
1754587320,-59.45689
1754587380,-59.45689
1754587440,-59.45689
1754587500,-59.45689
1754587560,-59.45689
1754587620,-59.45689
1754587680,-59.45689
1754587740,-59.45689
1754587800,-59.45689
1754587860,-59.45689
1754587920,-59.45689
1754587980,-59.45689
1754588040,-59.45689
1754588100,-59.45689
1754588160,-59.45689
1754588220,-59.45689
1754588280,-59.45689
1754588340,-59.45689
1754588400,-59.45689
1754588460,-59.45689
1754588520,-59.45689
1754588580,-59.45689
1754588640,-59.45689
1754588700,-59.45689
1754588760,-59.45689
1754588820,-59.45689
1754588880,-59.45689
1754588940,-59.45689
1754589000,-59.45689
1754589060,-59.45689
1754589120,-59.45689
1754589180,-59.45689
1754589240,-59.45689
1754589300,-59.45689
1754589360,-59.45689
1754589420,-59.45689
1754589480,-59.45689
1754589540,-59.45689
1754589600,-59.45689
1754589660,-59.45689
1754589720,-59.45689
1754589780,-59.45689
1754589840,-59.45689
1754589900,-59.45689
1754589960,-59.45689
1754590020,-59.45689
1754590080,-59.45689
1754590140,-59.45689
1754590200,-59.45689
1754590260,-59.45689
1754590320,-59.45689
1754590380,-59.45689
1754590440,-59.45689
1754590500,-59.45689
1754590560,-59.45689
1754590620,-59.45689
1754590680,-59.45689
1754590740,-59.45689
1754590800,-59.45689
1754590860,-59.45689
1754590920,-59.45689
1754590980,-59.45689
1754591040,-59.45689
1754591100,-59.45689
1754591160,-59.45689
1754591220,-59.45689
1754591280,-59.45689
1754591340,-59.45689
1754591400,-59.45689
1754591460,-59.45689
1754591520,-59.45689
1754591580,-59.45689
1754591640,-59.45689
1754591700,-59.45689
1754591760,-59.45689
1754591820,-59.45689
1754591880,-59.45689
1754591940,-59.45689
1754592000,-59.45689
1754592060,-59.45689
1754592120,-59.45689
1754592180,-59.45689
1754592240,-59.45689
1754592300,-59.45689
1754592360,-59.45689
1754592420,-59.45689
1754592480,-59.45689
1754592540,-59.45689
1754592600,-59.45689
1754592660,-59.45689
1754592720,-59.45689
1754592780,-59.45689
1754592840,-59.45689
1754592900,-59.45689
1754592960,-59.45689
1754593020,-59.45689
1754593080,-59.45689
1754593140,-59.45689
1754593200,-59.45689
1754593260,-59.45689
1754593320,-59.45689
1754593380,-59.45689
1754593440,-59.45689
1754593500,-59.45689
1754593560,-59.45689
1754593620,-59.45689
1754593680,-59.45689
1754593740,-59.45689
1754593800,-59.45689
1754593860,-59.45689
1754593920,-59.45689
1754593980,-59.45689
1754594040,-59.45689
1754594100,-59.45689
1754594160,-59.45689
1754594220,-59.45689
1754594280,-59.45689
1754594340,-59.45689
1754594400,-59.45689
1754594460,-59.45689
1754594520,-59.45689
1754594580,-59.45689
1754594640,-59.45689
1754594700,-59.45689
1754594760,-59.45689
1754594820,-59.45689
1754594880,-59.45689
1754594940,-59.45689
1754595000,-59.45689
1754595060,-59.45689
1754595120,-59.45689
1754595180,-59.45689
1754595240,-59.45689
1754595300,-59.45689
1754595360,-59.45689
1754595420,-59.45689
1754595480,-59.45689
1754595540,-59.45689
1754595600,-59.45689
1754595660,-59.45689
1754595720,-59.45689
1754595780,-59.45689
1754595840,-59.45689
1754595900,-59.45689
1754595960,-59.45689
1754596020,-59.45689
1754596080,-59.45689
1754596140,-59.45689
1754596200,-59.45689
1754596260,-59.45689
1754596320,-59.45689
1754596380,-59.45689
1754596440,-59.45689
1754596500,-59.45689
1754596560,-59.45689
1754596620,-59.45689
1754596680,-59.45689
1754596740,-59.45689
1754596800,-59.45689
1754596860,-59.45689
1754596920,-59.45689
1754596980,-59.45689
1754597040,-59.45689
1754597100,-59.45689
1754597160,-59.45689
1754597220,-59.45689
1754597280,-59.45689
1754597340,-59.45689
1754597400,-59.45689
1754597460,-59.45689
1754597520,-59.45689
1754597580,-59.45689
1754597640,-59.45689
1754597700,-59.45689
1754597760,-59.45689
1754597820,-59.45689
1754597880,-59.45689
1754597940,-59.45689
1754598000,-59.45689
1754598060,-59.45689
1754598120,-59.45689
1754598180,-59.45689
1754598240,-59.45689
1754598300,-59.45689
1754598360,-59.45689
1754598420,-59.45689
1754598480,-59.45689
1754598540,-59.45689
1754598600,-59.45689
1754598660,-59.45689
1754598720,-59.45689
1754598780,-59.45689
1754598840,-59.45689
1754598900,-59.45689
1754598960,-59.45689
1754599020,-59.45689
1754599080,-59.45689
1754599140,-59.45689
1754599200,-59.45689
1754599260,-59.45689
1754599320,-59.45689
1754599380,-59.45689
1754599440,-59.45689
1754599500,-59.45689
1754599560,-59.45689
1754599620,-59.45689
1754599680,-59.45689
1754599740,-59.45689
1754599800,-59.45689
1754599860,-59.45689
1754599920,-59.45689
1754599980,-59.45689
1754600040,-59.45689
1754600100,-59.45689
1754600160,-59.45689
1754600220,-59.45689
1754600280,-59.45689
1754600340,-59.45689
1754600400,-59.45689
1754600460,-59.45689
1754600520,-59.45689
1754600580,-59.45689
1754600640,-59.45689
1754600700,-59.45689
1754600760,-59.45689
1754600820,-59.45689
1754600880,-59.45689
1754600940,-59.45689
1754601000,-59.45689
1754601060,-59.45689
1754601120,-59.45689
1754601180,-59.45689
1754601240,-59.45689
1754601300,-59.45689
1754601360,-59.45689
1754601420,-59.45689
1754601480,-59.45689
1754601540,-59.45689
1754601600,-59.45689
1754601660,-59.45689
1754601720,-59.45689
1754601780,-59.45689
1754601840,-59.45689
1754601900,-59.45689
1754601960,-59.45689
1754602020,-59.45689
1754602080,-59.45689
1754602140,-59.45689
1754602200,-59.45689
1754602260,-59.45689
1754602320,-59.45689
1754602380,-59.45689
1754602440,-59.45689
1754602500,-59.45689
1754602560,-59.45689
1754602620,-59.45689
1754602680,-59.45689
1754602740,-59.45689
1754602800,-59.45689
1754602860,-59.45689
1754602920,-59.45689
1754602980,-59.45689
1754603040,-59.45689
1754603100,-59.45689
1754603160,-59.45689
1754603220,-59.45689
1754603280,-59.45689
1754603340,-59.45689
1754603400,-59.45689
1754603460,-59.45689
1754603520,-59.45689
1754603580,-59.45689
1754603640,-59.45689
1754603700,-59.45689
1754603760,-59.45689
1754603820,-59.45689
1754603880,-59.45689
1754603940,-59.45689
1754604000,-59.45689
1754604060,-59.45689
1754604120,-59.45689
1754604180,-59.45689
1754604240,-59.45689
1754604300,-59.45689
1754604360,-59.45689
1754604420,-59.45689
1754604480,-59.45689
1754604540,-59.45689
1754604600,-59.45689
1754604660,-59.45689
1754604720,-59.45689
1754604780,-59.45689
1754604840,-59.45689
1754604900,-59.45689
1754604960,-59.45689
1754605020,-59.45689
1754605080,-59.45689
1754605140,-59.45689
1754605200,-59.45689
1754605260,-59.45689
1754605320,-59.45689
1754605380,-59.45689
1754605440,-59.45689
1754605500,-59.45689
1754605560,-59.45689
1754605620,-59.45689
1754605680,-59.45689
1754605740,-59.45689
1754605800,-59.45689
1754605860,-59.45689
1754605920,-59.45689
1754605980,-59.45689
1754606040,-59.45689
1754606100,-59.45689
1754606160,-59.45689
1754606220,-59.45689
1754606280,-59.45689
1754606340,-59.45689
1754606400,-59.45689
1754606460,-59.45689
1754606520,-59.45689
1754606580,-59.45689
1754606640,-59.45689
1754606700,-59.45689
1754606760,-59.45689
1754606820,-59.45689
1754606880,-59.45689
1754606940,-59.45689
1754607000,-59.45689
1754607060,-59.45689
1754607120,-59.45689
1754607180,-59.45689
1754607240,-59.45689
1754607300,-59.45689
1754607360,-59.45689
1754607420,-59.45689
1754607480,-59.45689
1754607540,-59.45689
1754607600,-59.45689
1754607660,-59.45689
1754607720,-59.45689
1754607780,-59.45689
1754607840,-59.45689
1754607900,-59.45689
1754607960,-59.45689
1754608020,-59.45689
1754608080,-59.45689
1754608140,-59.45689
1754608200,-59.45689
1754608260,-59.45689
1754608320,-59.45689
1754608380,-59.45689
1754608440,-59.45689
1754608500,-59.45689
1754608560,-59.45689
1754608620,-59.45689
1754608680,-59.45689
1754608740,-59.45689
1754608800,-59.45689
1754608860,-59.45689
1754608920,-59.45689
1754608980,-59.45689
1754609040,-59.45689
1754609100,-59.45689
1754609160,-59.45689
1754609220,-59.45689
1754609280,-59.45689
1754609340,-59.45689
1754609400,-59.45689
1754609460,-59.45689
1754609520,-59.45689
1754609580,-59.45689
1754609640,-59.45689
1754609700,-59.45689
1754609760,-59.45689
1754609820,-59.45689
1754609880,-59.45689
1754609940,-59.45689
1754610000,-59.45689
1754610060,-59.45689
1754610120,-59.45689
1754610180,-59.45689
1754610240,-59.45689
1754610300,-59.45689
1754610360,-59.45689
1754610420,-59.45689
1754610480,-59.45689
1754610540,-59.45689
1754610600,-59.45689
1754610660,-59.45689
1754610720,-59.45689
1754610780,-59.45689
1754610840,-59.45689
1754610900,-59.45689
1754610960,-59.45689
1754611020,-59.45689
1754611080,-59.45689
1754611140,-59.45689
1754611200,-59.45689
1754611260,-59.45689
1754611320,-59.45689
1754611380,-59.45689
1754611440,-59.45689
1754611500,-59.45689
1754611560,-59.45689
1754611620,-59.45689
1754611680,-59.45689
1754611740,-59.45689
1754611800,-59.45689
1754611860,-59.45689
1754611920,-59.45689
1754611980,-59.45689
1754612040,-59.45689
1754612100,-59.45689
1754612160,-59.45689
1754612220,-59.45689
1754612280,-59.45689
1754612340,-59.45689
1754612400,-59.45689
1754612460,-59.45689
1754612520,-59.45689
1754612580,-59.45689
1754612640,-59.45689
1754612700,-59.45689
1754612760,-59.45689
1754612820,-59.45689
1754612880,-59.45689
1754612940,-59.45689
1754613000,-59.45689
1754613060,-59.45689
1754613120,-59.45689
1754613180,-59.45689
1754613240,-59.45689
1754613300,-59.45689
1754613360,-59.45689
1754613420,-59.45689
1754613480,-59.45689
1754613540,-59.45689
1754613600,-59.45689
1754613660,-59.45689
1754613720,-59.45689
1754613780,-59.45689
1754613840,-59.45689
1754613900,-59.45689
1754613960,-59.45689
1754614020,-59.45689
1754614080,-59.45689
1754614140,-59.45689
1754614200,-59.45689
1754614260,-59.45689
1754614320,-59.45689
1754614380,-59.45689
1754614440,-59.45689
1754614500,-59.45689
1754614560,-59.45689
1754614620,-59.45689
1754614680,-59.45689
1754614740,-59.45689
1754614800,-59.45689
1754614860,-59.45689
1754614920,-59.45689
1754614980,-59.45689
1754615040,-59.45689
1754615100,-59.45689
1754615160,-59.45689
1754615220,-59.45689
1754615280,-59.45689
1754615340,-59.45689
1754615400,-59.45689
1754615460,-59.45689
1754615520,-59.45689
1754615580,-59.45689
1754615640,-59.45689
1754615700,-59.45689
1754615760,-59.45689
1754615820,-59.45689
1754615880,-59.45689
1754615940,-59.45689
1754616000,-59.45689
1754616060,-59.45689
1754616120,-59.45689
1754616180,-59.45689
1754616240,-59.45689
1754616300,-59.45689
1754616360,-59.45689
1754616420,-59.45689
1754616480,-59.45689
1754616540,-59.45689
1754616600,-59.45689
1754616660,-59.45689
1754616720,-59.45689
1754616780,-59.45689
1754616840,-59.45689
1754616900,-59.45689
1754616960,-59.45689
1754617020,-59.45689
1754617080,-59.45689
1754617140,-59.45689
1754617200,-59.45689
1754617260,-59.45689
1754617320,-59.45689
1754617380,-59.45689
1754617440,-59.45689
1754617500,-59.45689
1754617560,-59.45689
1754617620,-59.45689
1754617680,-59.45689
1754617740,-59.45689
1754617800,-59.45689
1754617860,-59.45689
1754617920,-59.45689
1754617980,-59.45689
1754618040,-59.45689
1754618100,-59.45689
1754618160,-59.45689
1754618220,-59.45689
1754618280,-59.45689
1754618340,-59.45689
1754618400,-59.45689
1754618460,-59.45689
1754618520,-59.45689
1754618580,-59.45689
1754618640,-59.45689
1754618700,-59.45689
1754618760,-59.45689
1754618820,-59.45689
1754618880,-59.45689
1754618940,-59.45689
1754619000,-59.45689
1754619060,-59.45689
1754619120,-59.45689
1754619180,-59.45689
1754619240,-59.45689
1754619300,-59.45689
1754619360,-59.45689
1754619420,-59.45689
1754619480,-59.45689
1754619540,-59.45689
1754619600,-59.45689
1754619660,-59.45689
1754619720,-59.45689
1754619780,-59.45689
1754619840,-59.45689
1754619900,-59.45689
1754619960,-59.45689
1754620020,-59.45689
1754620080,-59.45689
1754620140,-59.45689
1754620200,-59.45689
1754620260,-59.45689
1754620320,-59.45689
1754620380,-59.45689
1754620440,-59.45689
1754620500,-59.45689
1754620560,-59.45689
1754620620,-59.45689
1754620680,-59.45689
1754620740,-59.45689
1754620800,-59.45689
1754620860,-59.45689
1754620920,-59.45689
1754620980,-59.45689
1754621040,-59.45689
1754621100,-59.45689
1754621160,-59.45689
1754621220,-59.45689
1754621280,-59.45689
1754621340,-59.45689
1754621400,-59.45689
1754621460,-59.45689
1754621520,-59.45689
1754621580,-59.45689
1754621640,-59.45689
1754621700,-59.45689
1754621760,-59.45689
1754621820,-59.45689
1754621880,-59.45689
1754621940,-59.45689
1754622000,-59.45689
1754622060,-59.45689
1754622120,-59.45689
1754622180,-59.45689
1754622240,-59.45689
1754622300,-59.45689
1754622360,-59.45689
1754622420,-59.45689
1754622480,-59.45689
1754622540,-59.45689
1754622600,-59.45689
1754622660,-59.45689
1754622720,-59.45689
1754622780,-59.45689
1754622840,-59.45689
1754622900,-59.45689
1754622960,-59.45689
1754623020,-59.45689
1754623080,-59.45689
1754623140,-59.45689
1754623200,-59.45689
1754623260,-59.45689
1754623320,-59.45689
1754623380,-59.45689
1754623440,-59.45689
1754623500,-59.45689
1754623560,-59.45689
1754623620,-59.45689
1754623680,-59.45689
1754623740,-59.45689
1754623800,-59.45689
1754623860,-59.45689
1754623920,-59.45689
1754623980,-59.45689
1754624040,-59.45689
1754624100,-59.45689
1754624160,-59.45689
1754624220,-59.45689
1754624280,-59.45689
1754624340,-59.45689
1754624400,-59.45689
1754624460,-59.45689
1754624520,-59.45689
1754624580,-59.45689
1754624640,-59.45689
1754624700,-59.45689
1754624760,-59.45689
1754624820,-59.45689
1754624880,-59.45689
1754624940,-59.45689
1754625000,-59.45689
1754625060,-59.45689
1754625120,-59.45689
1754625180,-59.45689
1754625240,-59.45689
1754625300,-59.45689
1754625360,-59.45689
1754625420,-59.45689
1754625480,-59.45689
1754625540,-59.45689
1754625600,-59.45689
1754625660,-59.45689
1754625720,-59.45689
1754625780,-59.45689
1754625840,-59.45689
1754625900,-59.45689
1754625960,-59.45689
1754626020,-59.45689
1754626080,-59.45689
1754626140,-59.45689
1754626200,-59.45689
1754626260,-59.45689
1754626320,-59.45689
1754626380,-59.45689
1754626440,-59.45689
1754626500,-59.45689
1754626560,-59.45689
1754626620,-59.45689
1754626680,-59.45689
1754626740,-59.45689
1754626800,-59.45689
1754626860,-59.45689
1754626920,-59.45689
1754626980,-59.45689
1754627040,-59.45689
1754627100,-59.45689
1754627160,-59.45689
1754627220,-59.45689
1754627280,-59.45689
1754627340,-59.45689
1754627400,-59.45689
1754627460,-59.45689
1754627520,-59.45689
1754627580,-59.45689
1754627640,-59.45689
1754627700,-59.45689
1754627760,-59.45689
1754627820,-59.45689
1754627880,-59.45689
1754627940,-59.45689
1754628000,-59.45689
1754628060,-59.45689
1754628120,-59.45689
1754628180,-59.45689
1754628240,-59.45689
1754628300,-59.45689
1754628360,-59.45689
1754628420,-59.45689
1754628480,-59.45689
1754628540,-59.45689
1754628600,-59.45689
1754628660,-59.45689
1754628720,-59.45689
1754628780,-59.45689
1754628840,-59.45689
1754628900,-59.45689
1754628960,-59.45689
1754629020,-59.45689
1754629080,-59.45689
1754629140,-59.45689
1754629200,-59.45689
1754629260,-59.45689
1754629320,-59.45689
1754629380,-59.45689
1754629440,-59.45689
1754629500,-59.45689
1754629560,-59.45689
1754629620,-59.45689
1754629680,-59.45689
1754629740,-59.45689
1754629800,-59.45689
1754629860,-59.45689
1754629920,-59.45689
1754629980,-59.45689
1754630040,-59.45689
1754630100,-59.45689
1754630160,-59.45689
1754630220,-59.45689
1754630280,-59.45689
1754630340,-59.45689
1754630400,-59.45689
1754630460,-59.45689
1754630520,-59.45689
1754630580,-59.45689
1754630640,-59.45689
1754630700,-59.45689
1754630760,-59.45689
1754630820,-59.45689
1754630880,-59.45689
1754630940,-59.45689
1754631000,-59.45689
1754631060,-59.45689
1754631120,-59.45689
1754631180,-59.45689
1754631240,-59.45689
1754631300,-59.45689
1754631360,-59.45689
1754631420,-59.45689
1754631480,-59.45689
1754631540,-59.45689
1754631600,-59.45689
1754631660,-59.45689
1754631720,-59.45689
1754631780,-59.45689
1754631840,-59.45689
1754631900,-59.45689
1754631960,-59.45689
1754632020,-59.45689
1754632080,-59.45689
1754632140,-59.45689
1754632200,-59.45689
1754632260,-59.45689
1754632320,-59.45689
1754632380,-59.45689
1754632440,-59.45689
1754632500,-59.45689
1754632560,-59.45689
1754632620,-59.45689
1754632680,-59.45689
1754632740,-59.45689
1754632800,-59.45689
1754632860,-59.45689
1754632920,-59.45689
1754632980,-59.45689
1754633040,-59.45689
1754633100,-59.45689
1754633160,-59.45689
1754633220,-59.45689
1754633280,-59.45689
1754633340,-59.45689
1754633400,-59.45689
1754633460,-59.45689
1754633520,-59.45689
1754633580,-59.45689
1754633640,-59.45689
1754633700,-59.45689
1754633760,-59.45689
1754633820,-59.45689
1754633880,-59.45689
1754633940,-59.45689
1754634000,-59.45689
1754634060,-59.45689
1754634120,-59.45689
1754634180,-59.45689
1754634240,-59.45689
1754634300,-59.45689
1754634360,-59.45689
1754634420,-59.45689
1754634480,-59.45689
1754634540,-59.45689
1754634600,-59.45689
1754634660,-59.45689
1754634720,-59.45689
1754634780,-59.45689
1754634840,-59.45689
1754634900,-59.45689
1754634960,-59.45689
1754635020,-59.45689
1754635080,-59.45689
1754635140,-59.45689
1754635200,-59.45689
1754635260,-59.45689
1754635320,-59.45689
1754635380,-59.45689
1754635440,-59.45689
1754635500,-59.45689
1754635560,-59.45689
1754635620,-59.45689
1754635680,-59.45689
1754635740,-59.45689
1754635800,-59.45689
1754635860,-59.45689
1754635920,-59.45689
1754635980,-59.45689
1754636040,-59.45689
1754636100,-59.45689
1754636160,-59.45689
1754636220,-59.45689
1754636280,-59.45689
1754636340,-59.45689
1754636400,-59.45689
1754636460,-59.45689
1754636520,-59.45689
1754636580,-59.45689
1754636640,-59.45689
1754636700,-59.45689
1754636760,-59.45689
1754636820,-59.45689
1754636880,-59.45689
1754636940,-59.45689
1754637000,-59.45689
1754637060,-59.45689
1754637120,-59.45689
1754637180,-59.45689
1754637240,-59.45689
1754637300,-59.45689
1754637360,-59.45689
1754637420,-59.45689
1754637480,-59.45689
1754637540,-59.45689
1754637600,-59.45689
1754637660,-59.45689
1754637720,-59.45689
1754637780,-59.45689
1754637840,-59.45689
1754637900,-59.45689
1754637960,-59.45689
1754638020,-59.45689
1754638080,-59.45689
1754638140,-59.45689
1754638200,-59.45689
1754638260,-59.45689
1754638320,-59.45689
1754638380,-59.45689
1754638440,-59.45689
1754638500,-59.45689
1754638560,-59.45689
1754638620,-59.45689
1754638680,-59.45689
1754638740,-59.45689
1754638800,-59.45689
1754638860,-59.45689
1754638920,-59.45689
1754638980,-59.45689
1754639040,-59.45689
1754639100,-59.45689
1754639160,-59.45689
1754639220,-59.45689
1754639280,-59.45689
1754639340,-59.45689
1754639400,-59.45689
1754639460,-59.45689
1754639520,-59.45689
1754639580,-59.45689
1754639640,-59.45689
1754639700,-59.45689
1754639760,-59.45689
1754639820,-59.45689
1754639880,-59.45689
1754639940,-59.45689
1754640000,-59.45689
1754640060,-59.45689
1754640120,-59.45689
1754640180,-59.45689
1754640240,-59.45689
1754640300,-59.45689
1754640360,-59.45689
1754640420,-59.45689
1754640480,-59.45689
1754640540,-59.45689
1754640600,-59.45689
1754640660,-59.45689
1754640720,-59.45689
1754640780,-59.45689
1754640840,-59.45689
1754640900,-59.45689
1754640960,-59.45689
1754641020,-59.45689
1754641080,-59.45689
1754641140,-59.45689
1754641200,-59.45689
1754641260,-59.45689
1754641320,-59.45689
1754641380,-59.45689
1754641440,-59.45689
1754641500,-59.45689
1754641560,-59.45689
1754641620,-59.45689
1754641680,-59.45689
1754641740,-59.45689
1754641800,-59.45689
1754641860,-59.45689
1754641920,-59.45689
1754641980,-59.45689
1754642040,-59.45689
1754642100,-59.45689
1754642160,-59.45689
1754642220,-59.45689
1754642280,-59.45689
1754642340,-59.45689
1754642400,-59.45689
1754642460,-59.45689
1754642520,-59.45689
1754642580,-59.45689
1754642640,-59.45689
1754642700,-59.45689
1754642760,-59.45689
1754642820,-59.45689
1754642880,-59.45689
1754642940,-59.45689
1754643000,-59.45689
1754643060,-59.45689
1754643120,-59.45689
1754643180,-59.45689
1754643240,-59.45689
1754643300,-59.45689
1754643360,-59.45689
1754643420,-59.45689
1754643480,-59.45689
1754643540,-59.45689
1754643600,-59.45689
1754643660,-59.45689
1754643720,-59.45689
1754643780,-59.45689
1754643840,-59.45689
1754643900,-59.45689
1754643960,-59.45689
1754644020,-59.45689
1754644080,-59.45689
1754644140,-59.45689
1754644200,-59.45689
1754644260,-59.45689
1754644320,-59.45689
1754644380,-59.45689
1754644440,-59.45689
1754644500,-59.45689
1754644560,-59.45689
1754644620,-59.45689
1754644680,-59.45689
1754644740,-59.45689
1754644800,-59.45689
1754644860,-59.45689
1754644920,-59.45689
1754644980,-59.45689
1754645040,-59.45689
1754645100,-59.45689
1754645160,-59.45689
1754645220,-59.45689
1754645280,-59.45689
1754645340,-59.45689
1754645400,-59.45689
1754645460,-59.45689
1754645520,-59.45689
1754645580,-59.45689
1754645640,-59.45689
1754645700,-59.45689
1754645760,-59.45689
1754645820,-59.45689
1754645880,-59.45689
1754645940,-59.45689
1754646000,-59.45689
1754646060,-59.45689
1754646120,-59.45689
1754646180,-59.45689
1754646240,-59.45689
1754646300,-59.45689
1754646360,-59.45689
1754646420,-59.45689
1754646480,-59.45689
1754646540,-59.45689
1754646600,-59.45689
1754646660,-59.45689
1754646720,-59.45689
1754646780,-59.45689
1754646840,-59.45689
1754646900,-59.45689
1754646960,-59.45689
1754647020,-59.45689
1754647080,-59.45689
1754647140,-59.45689
1754647200,-59.45689
1754647260,-59.45689
1754647320,-59.45689
1754647380,-59.45689
1754647440,-59.45689
1754647500,-59.45689
1754647560,-59.45689
1754647620,-59.45689
1754647680,-59.45689
1754647740,-59.45689
1754647800,-59.45689
1754647860,-59.45689
1754647920,-59.45689
1754647980,-59.45689
1754648040,-59.45689
1754648100,-59.45689
1754648160,-59.45689
1754648220,-59.45689
1754648280,-59.45689
1754648340,-59.45689
1754648400,-59.45689
1754648460,-59.45689
1754648520,-59.45689
1754648580,-59.45689
1754648640,-59.45689
1754648700,-59.45689
1754648760,-59.45689
1754648820,-59.45689
1754648880,-59.45689
1754648940,-59.45689
1754649000,-59.45689
1754649060,-59.45689
1754649120,-59.45689
1754649180,-59.45689
1754649240,-59.45689
1754649300,-59.45689
1754649360,-59.45689
1754649420,-59.45689
1754649480,-59.45689
1754649540,-59.45689
1754649600,-59.45689
1754649660,-59.45689
1754649720,-59.45689
1754649780,-59.45689
1754649840,-59.45689
1754649900,-59.45689
1754649960,-59.45689
1754650020,-59.45689
1754650080,-59.45689
1754650140,-59.45689
1754650200,-59.45689
1754650260,-59.45689
1754650320,-59.45689
1754650380,-59.45689
1754650440,-59.45689
1754650500,-59.45689
1754650560,-59.45689
1754650620,-59.45689
1754650680,-59.45689
1754650740,-59.45689
1754650800,-59.45689
1754650860,-59.45689
1754650920,-59.45689
1754650980,-59.45689
1754651040,-59.45689
1754651100,-59.45689
1754651160,-59.45689
1754651220,-59.45689
1754651280,-59.45689
1754651340,-59.45689
1754651400,-59.45689
1754651460,-59.45689
1754651520,-59.45689
1754651580,-59.45689
1754651640,-59.45689
1754651700,-59.45689
1754651760,-59.45689
1754651820,-59.45689
1754651880,-59.45689
1754651940,-59.45689
1754652000,-59.45689
1754652060,-59.45689
1754652120,-59.45689
1754652180,-59.45689
1754652240,-59.45689
1754652300,-59.45689
1754652360,-59.45689
1754652420,-59.45689
1754652480,-59.45689
1754652540,-59.45689
1754652600,-59.45689
1754652660,-59.45689
1754652720,-59.45689
1754652780,-59.45689
1754652840,-59.45689
1754652900,-59.45689
1754652960,-59.45689
1754653020,-59.45689
1754653080,-59.45689
1754653140,-59.45689
1754653200,-59.45689
1754653260,-59.45689
1754653320,-59.45689
1754653380,-59.45689
1754653440,-59.45689
1754653500,-59.45689
1754653560,-59.45689
1754653620,-59.45689
1754653680,-59.45689
1754653740,-59.45689
1754653800,-59.45689
1754653860,-59.45689
1754653920,-59.45689
1754653980,-59.45689
1754654040,-59.45689
1754654100,-59.45689
1754654160,-59.45689
1754654220,-59.45689
1754654280,-59.45689
1754654340,-59.45689
1754654400,-59.45689
1754654460,-59.45689
1754654520,-59.45689
1754654580,-59.45689
1754654640,-59.45689
1754654700,-59.45689
1754654760,-59.45689
1754654820,-59.45689
1754654880,-59.45689
1754654940,-59.45689
1754655000,-59.45689
1754655060,-59.45689
1754655120,-59.45689
1754655180,-59.45689
1754655240,-59.45689
1754655300,-59.45689
1754655360,-59.45689
1754655420,-59.45689
1754655480,-59.45689
1754655540,-59.45689
1754655600,-59.45689
1754655660,-59.45689
1754655720,-59.45689
1754655780,-59.45689
1754655840,-59.45689
1754655900,-59.45689
1754655960,-59.45689
1754656020,-59.45689
1754656080,-59.45689
1754656140,-59.45689
1754656200,-59.45689
1754656260,-59.45689
1754656320,-59.45689
1754656380,-59.45689
1754656440,-59.45689
1754656500,-59.45689
1754656560,-59.45689
1754656620,-59.45689
1754656680,-59.45689
1754656740,-59.45689
1754656800,-59.45689
1754656860,-59.45689
1754656920,-59.45689
1754656980,-59.45689
1754657040,-59.45689
1754657100,-59.45689
1754657160,-59.45689
1754657220,-59.45689
1754657280,-59.45689
1754657340,-59.45689
1754657400,-59.45689
1754657460,-59.45689
1754657520,-59.45689
1754657580,-59.45689
1754657640,-59.45689
1754657700,-59.45689
1754657760,-59.45689
1754657820,-59.45689
1754657880,-59.45689
1754657940,-59.45689
1754658000,-59.45689
1754658060,-59.45689
1754658120,-59.45689
