1754470860,43,10.11,82.42
1754470920,43,10.21,82.4
1754470980,43,10.26,82.4
1754471040,43,10.3,82.4
1754471100,43,10.36,82.4
1754471160,45,10.4,82.4
1754471220,45,10.53,82.41
1754471280,45,10.64,82.39
1754471340,44,10.74,82.39
1754471400,44,10.79,77.75
1754471460,44,10.9,77.22
1754471520,44,10.95,77.22
1754471580,44,11.02,77.22
1754471640,44,11.17,77.21
1754471700,43,11.26,77.21
1754471760,43,11.34,77.22
1754471820,46,11.41,77.22
1754471880,45,11.47,77.22
1754471940,45,11.58,77.22
1754472000,45,11.67,77.22
1754472060,45,11.76,77.23
1754472120,45,11.83,77.22
1754472180,45,11.9,77.21
1754472240,44,11.98,77.22
1754472300,44,12.04,77.22
1754472360,44,12.11,77.22
1754472420,44,12.16,77.22
1754472480,43,12.19,77.21
1754472540,43,12.35,77.21
1754472600,43,12.49,77.21
1754472660,43,12.58,77.22
1754472720,43,12.65,77.22
1754472780,43,12.74,77.22
1754472840,42,12.8,77.21
1754472900,42,12.88,77.21
1754472960,42,13.01,77.21
1754473020,42,13.1,77.22
1754473080,41,13.17,77.22
1754473140,42,13.21,77.22
1754473200,41,13.29,77.21
1754473260,41,13.35,77.2
1754473320,41,13.3,77.21
1754473380,41,13.44,71.12
1754473440,40,13.7,71.12
1754473500,40,13.76,71.13
1754473560,40,13.81,71.14
1754473620,40,13.87,71.13
1754473680,39,13.96,65.22
1754473740,39,14.01,65.21
1754473800,39,14.06,65.2
1754473860,39,14.2,65.2
1754473920,39,14.33,62.01
1754473980,39,14.41,59.58
1754474040,38,14.5,59.59
1754474100,38,14.55,59.6
1754474160,38,14.6,59.58
1754474220,38,14.68,53.56
1754474280,38,14.77,53.57
1754474340,37,14.88,53.56
1754474400,37,14.98,53.56
1754474460,37,15.08,50.68
1754474520,37,15.12,47.56
1754474580,36,15.16,47.57
1754474640,37,15.2,47.57
1754474700,36,15.26,47.57
1754474760,36,15.34,44.69
1754474820,37,15.42,44.68
1754474880,37,15.51,44.69
1754474940,36,15.58,44.7
1754475000,37,15.63,44.69
1754475060,36,15.68,44.69
1754475120,36,15.74,44.69
1754475180,36,15.8,44.68
1754475240,36,15.93,44.67
1754475300,35,16.01,44.68
1754475360,35,16.07,44.69
1754475420,35,16.1,44.69
1754475480,35,16.14,44.68
1754475540,34,16.25,44.68
1754475600,35,16.31,44.7
1754475660,34,16.53,44.68
1754475720,34,16.64,44.68
1754475780,34,16.67,44.68
1754475840,34,16.73,44.68
1754475900,33,16.84,44.69
1754475960,33,16.89,44.69
1754476020,33,16.97,44.69
1754476080,33,16.97,44.69
1754476140,33,16.97,44.69
1754476200,33,16.97,44.69
1754476260,32,17.35,44.68
1754476320,32,17.43,44.69
1754476380,32,17.51,44.68
1754476440,32,17.56,44.69
1754476500,32,17.62,44.69
1754476560,31,17.74,44.67
1754476620,31,17.91,44.68
1754476680,31,17.94,44.69
1754476740,31,17.98,44.69
1754476800,33,18.07,44.69
1754476860,33,18.13,44.7
1754476920,32,18.19,44.7
1754476980,32,18.23,44.69
1754477040,32,18.4,44.69
1754477100,32,18.44,44.68
1754477160,31,18.55,44.69
1754477220,32,18.61,44.69
1754477280,31,18.7,44.68
1754477340,31,18.76,44.69
1754477400,31,18.84,44.7
1754477460,31,19.02,44.68
1754477520,30,19.08,44.7
1754477580,30,19.11,44.69
1754477640,30,19.14,42.23
1754477700,30,19.22,38.68
1754477760,29,19.34,38.7
1754477820,30,19.41,38.68
1754477880,29,19.49,38.69
1754477940,29,19.55,38.68
1754478000,30,19.6,38.68
1754478060,31,19.71,38.67
1754478120,30,19.79,38.67
1754478180,30,19.85,38.68
1754478240,30,19.93,38.68
1754478300,30,19.95,38.68
1754478360,29,20.1,38.67
1754478420,29,20.15,38.67
1754478480,29,20.22,38.68
1754478540,29,20.24,38.68
1754478600,28,20.42,38.68
1754478660,28,20.47,38.66
1754478720,28,20.53,38.68
1754478780,28,20.62,38.67
1754478840,28,20.68,38.68
1754478900,29,20.78,38.67
1754478960,28,20.85,38.68
1754479020,28,20.82,38.67
1754479080,28,20.9,38.68
1754479140,28,20.96,38.68
1754479200,28,21.04,38.68
1754479260,27,21.1,38.68
1754479320,27,21.14,38.68
1754479380,27,21.22,38.68
1754479440,27,21.37,38.67
1754479500,27,21.53,38.68
1754479560,27,21.6,38.68
1754479620,26,21.68,38.68
1754479680,26,21.73,38.68
1754479740,26,21.81,38.67
1754479800,26,21.93,38.67
1754479860,25,22.04,38.68
1754479920,25,22.14,38.68
1754479980,25,22.23,38.65
1754480040,25,22.34,38.66
1754480100,24,22.43,38.68
1754480160,25,22.46,38.67
1754480220,24,22.53,38.67
1754480280,24,22.65,38.68
1754480340,24,22.76,38.67
1754480400,24,22.82,38.67
1754480460,23,22.89,38.67
1754480520,23,22.99,38.66
1754480580,23,23.13,38.67
1754480640,23,23.25,38.67
1754480700,25,23.37,38.68
1754480760,25,23.47,38.67
1754480820,24,23.61,38.68
1754480880,24,23.8,38.68
1754480940,24,23.93,38.66
1754481000,24,24.06,38.68
1754481060,23,24.17,38.68
1754481120,23,24.32,38.66
1754481180,23,24.46,38.68
1754481240,23,24.59,38.67
1754481300,23,24.68,38.67
1754481360,23,24.78,38.67
1754481420,22,24.98,38.67
1754481480,22,25.18,38.68
1754481540,22,25.25,38.68
1754481600,22,25.44,38.66
1754481660,21,25.45,38.67
1754481720,21,25.45,38.67
1754481780,21,25.45,38.67
1754481840,21,25.45,38.67
1754481900,21,25.45,38.67
1754481960,21,25.45,38.67
1754482020,21,25.45,38.67
1754482080,21,25.45,38.67
1754482140,21,25.45,38.67
1754482200,21,25.45,38.67
1754482260,21,25.45,38.67
1754482320,26,26.87,38.67
1754482380,26,26.99,38.66
1754482440,25,27.13,38.67
1754482500,25,27.23,38.67
1754482560,25,27.4,38.67
1754482620,25,27.48,38.67
1754482680,24,27.57,38.67
1754482740,24,27.64,38.67
1754482800,24,27.72,38.67
1754482860,24,27.89,38.66
1754482920,24,27.97,38.67
1754482980,24,28.06,38.65
1754483040,23,28.14,38.67
1754483100,23,28.24,38.66
1754483160,23,28.38,38.67
1754483220,23,28.44,38.67
1754483280,22,28.56,38.68
1754483340,22,28.67,38.67
1754483400,22,28.8,38.67
1754483460,22,28.87,38.67
1754483520,22,28.96,38.67
1754483580,22,29.05,38.68
1754483640,21,29.15,38.67
1754483700,21,29.25,38.67
1754483760,21,29.27,38.68
1754483820,21,29.37,38.67
1754483880,20,29.46,38.67
1754483940,20,29.55,38.66
1754484000,20,29.62,38.67
1754484060,20,29.73,38.66
1754484120,20,29.85,38.66
1754484180,19,29.94,38.67
1754484240,19,29.99,38.67
1754484300,19,30.09,38.67
1754484360,19,30.18,38.68
1754484420,18,30.27,38.67
1754484480,18,30.37,38.68
1754484540,19,30.46,38.67
1754484600,19,30.56,38.68
1754484660,19,30.69,38.67
1754484720,19,30.81,38.67
1754484780,18,30.9,38.67
1754484840,18,30.98,38.67
1754484900,20,31.08,38.67
1754484960,20,31.16,38.67
1754485020,19,31.22,38.66
1754485080,19,31.38,38.68
1754485140,19,31.48,38.67
1754485200,19,31.61,38.67
1754485260,21,31.7,38.68
1754485320,21,31.81,38.67
1754485380,21,31.87,38.68
1754485440,21,31.94,38.68
1754485500,21,32.03,38.66
1754485560,21,32.14,38.67
1754485620,20,32.22,38.68
1754485680,20,32.3,38.67
1754485740,20,32.39,38.67
1754485800,20,32.5,38.67
1754485860,19,32.57,38.67
1754485920,19,32.76,38.65
1754485980,19,32.87,38.67
1754486040,19,32.96,38.67
1754486100,19,33.01,38.66
1754486160,18,33.07,38.68
1754486220,18,33.19,38.67
1754486280,18,33.31,38.68
1754486340,18,33.41,38.67
1754486400,18,33.52,38.66
1754486460,17,33.58,38.66
1754486520,17,33.7,38.67
1754486580,17,33.79,38.68
1754486640,17,33.89,38.68
1754486700,17,33.92,38.67
1754486760,16,34.04,38.67
1754486820,16,34.14,38.67
1754486880,16,34.2,38.68
1754486940,16,34.29,38.68
1754487000,15,34.45,38.68
1754487060,15,34.54,38.68
1754487120,15,34.66,33.6
1754487180,15,34.77,33.6
1754487240,15,34.82,33.58
1754487300,15,34.9,33.58
1754487360,14,34.98,33.59
1754487420,14,35.09,33.6
1754487480,17,35.25,33.6
1754487540,18,35.4,33.6
1754487600,17,35.44,33.6
1754487660,17,35.57,33.6
1754487720,17,35.63,33.59
1754487780,17,35.68,33.6
1754487840,16,35.76,33.6
1754487900,16,35.82,33.6
1754487960,16,35.9,33.6
1754488020,16,35.98,33.59
1754488080,16,36.04,33.6
1754488140,16,36.1,33.6
1754488200,15,36.2,33.6
1754488260,15,36.3,33.6
1754488320,15,36.35,33.59
1754488380,15,36.46,33.6
1754488440,14,36.55,33.59
1754488500,14,36.69,33.6
1754488560,14,36.75,33.59
1754488620,14,36.83,33.6
1754488680,14,36.9,33.6
1754488740,13,36.99,33.6
1754488800,13,37.12,33.59
1754488860,13,37.23,33.59
1754488920,13,37.38,33.6
1754488980,12,37.43,33.61
1754489040,13,37.49,33.6
1754489100,12,37.6,33.6
1754489160,12,37.68,33.6
1754489220,12,37.79,33.59
1754489280,12,37.91,33.6
1754489340,11,37.96,33.6
1754489400,11,38.03,33.6
1754489460,11,38.12,33.59
1754489520,11,38.2,33.6
1754489580,10,38.28,33.6
1754489640,10,38.38,33.59
1754489700,10,38.5,33.62
1754489760,10,38.58,33.59
1754489820,10,38.7,33.6
1754489880,10,38.84,33.59
1754489940,9,38.92,33.6
1754490000,9,39.02,33.6
1754490060,9,39.07,33.59
1754490120,9,39.18,33.6
1754490180,8,39.24,33.6
1754490240,8,39.33,33.6
1754490300,8,39.41,33.6
1754490360,8,39.47,33.6
1754490420,8,39.57,33.6
1754490480,7,39.63,33.61
1754490540,7,39.76,33.6
1754490600,7,39.84,33.61
1754490660,7,39.92,33.6
1754490720,7,40.01,33.59
1754490780,6,40.1,33.6
1754490840,6,40.19,33.61
1754490900,6,40.28,33.61
1754490960,6,40.35,33.59
1754491020,6,40.42,33.6
1754491080,5,40.6,33.59
1754491140,6,41.74,33.6
1754491200,7,43.52,33.6
1754491260,8,45.2,33.6
1754491320,8,46.76,33.59
1754491380,8,48.22,33.6
1754491440,8,49.64,33.6
1754491500,8,50.83,33.61
1754491560,8,52.1,33.59
1754491620,8,53.41,33.6
1754491680,8,54.4,33.59
1754491740,8,55.47,33.58
1754491800,8,56.33,33.61
1754491860,8,56.61,33.6
1754491920,8,56.7,33.61
1754491980,8,56.74,33.6
1754492040,8,56.76,33.61
1754492100,8,56.77,33.59
1754492160,8,56.81,33.61
1754492220,8,56.83,33.6
1754492280,8,56.85,33.61
1754492340,8,56.91,33.61
1754492400,8,56.89,33.6
1754492460,8,56.93,33.59
1754492520,8,56.95,33.6
1754492580,8,56.95,33.6
1754492640,8,56.99,33.6
1754492700,8,57.04,33.6
1754492760,8,57.03,33.6
1754492820,8,57.06,33.59
1754492880,8,57.11,33.6
1754492940,8,57.12,33.58
1754493000,8,57.15,33.59
1754493060,8,57.15,33.61
1754493120,8,57.17,33.59
1754493180,8,57.21,33.6
1754493240,12,57.24,33.58
1754493300,12,57.24,33.58
1754493360,12,57.27,33.6
1754493420,12,57.29,33.59
1754493480,12,57.3,33.61
1754493540,12,57.33,33.58
1754493600,12,57.34,33.59
1754493660,12,57.38,33.59
1754493720,12,57.4,33.59
1754493780,12,57.41,33.6
1754493840,12,57.43,33.59
1754493900,14,57.46,33.6
1754493960,14,57.48,33.58
1754494020,14,57.49,33.6
1754494080,14,57.52,33.6
1754494140,14,57.53,33.59
1754494200,14,57.56,33.59
1754494260,14,57.59,33.59
1754494320,14,57.62,33.6
1754494380,14,57.64,33.59
1754494440,14,57.65,33.6
1754494500,14,57.69,33.6
1754494560,14,57.71,33.6
1754494620,14,57.76,33.6
1754494680,14,57.76,33.58
1754494740,14,57.79,33.6
1754494800,14,57.82,33.59
1754494860,14,57.81,28.35
1754494920,14,57.88,28.36
1754494980,14,57.91,28.36
1754495040,14,57.93,28.36
1754495100,14,57.94,28.37
1754495160,14,57.98,28.37
1754495220,14,58,28.34
1754495280,14,58.03,28.36
1754495340,17,58.07,28.35
1754495400,17,58.12,28.35
1754495460,17,58.14,28.37
1754495520,17,58.19,28.36
1754495580,17,58.26,28.37
1754495640,17,58.34,28.34
1754495700,17,58.39,28.36
1754495760,17,58.45,28.36
1754495820,17,58.51,28.36
1754495880,17,58.55,28.35
1754495940,17,58.61,28.37
1754496000,17,58.63,28.37
1754496060,17,58.68,28.36
1754496120,17,58.72,28.36
1754496180,17,58.75,28.37
1754496240,17,58.78,28.36
1754496300,17,58.8,28.37
1754496360,17,58.82,28.35
1754496420,17,58.85,28.37
1754496480,17,58.92,28.34
1754496540,17,58.95,28.36
1754496600,17,58.98,28.36
1754496660,17,59.02,28.35
1754496720,17,59.06,28.37
1754496780,17,59.11,28.36
1754496840,17,59.13,28.35
1754496900,17,59.17,28.34
1754496960,17,59.24,28.35
1754497020,17,59.3,28.35
1754497080,17,59.33,28.37
1754497140,17,59.35,28.36
1754497200,17,59.37,28.37
1754497260,17,59.42,28.36
1754497320,17,59.47,28.36
1754497380,17,59.52,28.35
1754497440,17,59.58,28.36
1754497500,17,59.61,28.37
1754497560,17,59.63,28.36
1754497620,17,59.68,28.35
1754497680,17,59.71,28.35
1754497740,17,59.76,28.35
1754497800,17,59.83,28.35
1754497860,17,59.87,28.37
1754497920,17,59.95,28.35
1754497980,17,59.98,28.36
1754498040,17,60.06,28.36
1754498100,17,60.09,28.36
1754498160,17,60.15,28.35
1754498220,17,60.17,28.35
1754498280,17,60.22,28.34
1754498340,17,60.28,28.36
1754498400,17,60.35,28.37
1754498460,17,60.4,28.37
1754498520,17,60.47,28.36
1754498580,17,60.52,28.36
1754498640,17,60.57,28.36
1754498700,17,60.61,28.36
1754498760,17,60.68,28.36
1754498820,17,60.75,28.37
1754498880,17,60.81,28.36
1754498940,17,60.84,28.36
1754499000,17,60.89,28.37
1754499060,17,60.96,28.36
1754499120,17,60.98,28.36
1754499180,17,61.02,28.36
1754499240,17,61.03,28.36
1754499300,17,61.07,28.36
1754499360,17,61.12,28.35
1754499420,17,61.14,28.36
1754499480,17,61.16,28.35
1754499540,17,61.22,28.35
1754499600,17,61.26,28.36
1754499660,17,61.29,28.35
1754499720,17,61.32,28.36
1754499780,17,61.36,28.36
1754499840,17,61.39,28.38
1754499900,17,61.43,28.35
1754499960,17,61.48,28.37
1754500020,17,61.5,28.35
1754500080,17,61.54,28.35
1754500140,18,61.58,28.36
1754500200,20,61.65,28.35
1754500260,24,61.7,28.36
1754500320,30,61.73,28.35
1754500380,38,61.78,28.36
1754500440,41,61.81,28.36
1754500500,41,61.86,28.36
1754500560,41,61.91,28.36
1754500620,41,61.94,28.35
1754500680,41,61.99,28.36
1754500740,41,62,28.35
1754500800,42,62.07,28.35
1754500860,42,62.11,28.36
1754500920,42,62.14,28.35
1754500980,42,62.17,28.35
1754501040,42,62.21,28.37
1754501100,42,62.26,28.37
1754501160,42,62.29,28.36
1754501220,42,62.33,28.34
1754501280,42,62.36,28.35
1754501340,42,62.4,28.35
1754501400,42,62.42,28.35
1754501460,42,62.48,28.35
1754501520,51,62.51,28.35
1754501580,68,62.56,28.36
1754501640,68,62.59,28.36
1754501700,68,62.63,28.34
1754501760,68,62.66,28.35
1754501820,68,62.69,28.36
1754501880,68,62.72,28.35
1754501940,68,62.77,28.36
1754502000,68,62.8,28.35
1754502060,63,62.83,28.35
1754502120,59,62.89,28.36
1754502180,55,62.92,28.36
1754502240,51,62.94,28.36
1754502300,47,62.97,28.37
1754502360,43,62.97,28.35
1754502420,39,62.98,28.34
1754502480,37,62.98,28.35
1754502540,33,63.1,28.35
1754502600,30,63.13,28.35
1754502660,27,63.14,28.35
1754502720,23,63.21,22.76
1754502780,20,63.24,22.75
1754502840,17,63.26,22.75
1754502900,13,63.31,22.76
1754502960,10,63.36,22.76
1754503020,7,63.39,22.76
1754503080,5,63.4,22.75
1754503140,5,63.44,22.76
1754503200,5,63.43,22.75
1754503260,5,63.48,22.76
1754503320,9,63.51,22.76
1754503380,9,63.55,22.76
1754503440,9,63.57,22.76
1754503500,9,63.59,22.77
1754503560,13,63.64,22.76
1754503620,22,63.65,22.76
1754503680,30,63.67,22.76
1754503740,38,63.71,22.77
1754503800,40,63.74,22.75
1754503860,40,63.77,22.76
1754503920,41,63.79,22.77
1754503980,41,63.82,22.75
1754504040,41,63.88,22.77
1754504100,41,63.87,22.75
1754504160,41,63.92,22.75
1754504220,41,63.95,22.77
1754504280,43,63.98,22.75
1754504340,43,64.01,22.76
1754504400,43,64.02,22.75
1754504460,43,64.09,22.77
1754504520,43,64.1,22.75
1754504580,43,64.13,22.74
1754504640,43,64.14,22.75
1754504700,43,64.21,22.77
1754504760,43,64.25,22.76
1754504820,43,64.26,22.76
1754504880,45,64.32,22.77
1754504940,45,64.34,22.74
1754505000,45,64.38,22.75
1754505060,45,64.41,22.76
1754505120,45,64.45,22.77
1754505180,54,64.5,22.75
1754505240,58,64.55,22.77
1754505300,58,64.59,22.77
1754505360,58,64.63,22.77
1754505420,58,64.69,22.75
1754505480,60,64.71,22.75
1754505540,60,64.77,22.76
1754505600,60,64.83,22.77
1754505660,59,64.87,22.74
1754505720,55,64.89,22.76
1754505780,52,64.95,22.76
1754505840,48,65.02,22.77
1754505900,45,65.07,22.75
1754505960,42,65.11,22.75
1754506020,39,65.18,22.76
1754506080,36,65.25,22.76
1754506140,33,65.3,22.75
1754506200,30,65.38,22.74
1754506260,27,65.49,22.75
1754506320,24,65.53,22.75
1754506380,21,65.57,22.76
1754506440,18,65.62,22.75
1754506500,16,65.66,22.73
1754506560,13,65.71,22.75
1754506620,10,65.73,22.76
1754506680,8,65.74,22.74
1754506740,5,65.77,22.75
1754506800,5,65.81,22.75
1754506860,5,65.83,22.77
1754506920,5,65.87,22.74
1754506980,5,65.93,22.75
1754507040,8,65.93,22.75
1754507100,19,65.96,22.74
1754507160,31,65.99,22.75
1754507220,38,66.02,22.75
1754507280,40,66.05,22.75
1754507340,40,66.08,22.75
1754507400,44,66.12,22.75
1754507460,61,66.14,22.75
1754507520,70,66.19,22.76
1754507580,67,66.21,22.75
1754507640,64,66.24,22.76
1754507700,61,66.29,22.75
1754507760,58,66.33,22.73
1754507820,55,66.37,22.73
1754507880,53,66.4,22.76
1754507940,50,66.44,22.74
1754508000,48,66.46,22.74
1754508060,45,66.48,22.75
1754508120,42,66.52,22.74
1754508180,40,66.52,22.76
1754508240,37,66.57,22.74
1754508300,35,66.59,22.74
1754508360,33,66.61,22.75
1754508420,30,66.69,22.76
1754508480,28,66.7,22.75
1754508540,26,66.75,22.75
1754508600,23,66.76,22.75
1754508660,21,66.79,22.76
1754508720,20,66.82,17.54
1754508780,20,66.86,17.53
1754508840,20,66.89,17.54
1754508900,20,66.9,17.54
1754508960,20,66.94,17.53
1754509020,20,66.94,17.54
1754509080,20,66.98,17.55
1754509140,20,67,17.55
1754509200,20,67.06,17.53
1754509260,20,67.07,17.54
1754509320,20,67.11,17.53
1754509380,20,67.14,17.54
1754509440,20,67.19,17.53
1754509500,20,67.19,17.55
1754509560,20,67.22,17.53
1754509620,20,67.26,17.53
1754509680,20,67.29,17.53
1754509740,20,67.32,17.54
1754509800,20,67.33,17.53
1754509860,20,67.36,17.53
1754509920,20,67.4,17.55
1754509980,20,67.46,17.54
1754510040,20,67.47,17.54
1754510100,20,67.51,17.54
1754510160,20,67.55,17.54
1754510220,20,67.58,17.53
1754510280,20,67.6,17.54
1754510340,20,67.62,17.52
1754510400,20,67.65,17.54
1754510460,20,67.69,17.54
1754510520,20,67.73,17.54
1754510580,20,67.74,17.53
1754510640,20,67.79,17.53
1754510700,20,67.81,17.53
1754510760,20,67.81,17.53
1754510820,20,67.88,17.56
1754510880,20,67.89,17.54
1754510940,20,67.92,17.54
1754511000,21,67.95,17.54
1754511060,21,67.97,17.54
1754511120,21,67.99,17.54
1754511180,21,68.01,17.54
1754511240,21,68.05,17.53
1754511300,21,68.08,17.54
1754511360,21,68.11,17.54
1754511420,21,68.14,17.55
1754511480,21,68.2,17.52
1754511540,21,68.23,17.53
1754511600,21,68.28,17.53
1754511660,21,68.32,17.56
1754511720,21,68.35,17.53
1754511780,21,68.53,17.54
1754511840,21,68.19,17.53
1754511900,21,68.57,17.55
1754511960,21,68.82,17.53
1754512020,21,68.5,17.54
1754512080,21,68.91,17.54
1754512140,21,69.07,17.55
1754512200,21,68.83,17.56
1754512260,21,69.1,17.53
1754512320,21,69.21,17.54
1754512380,21,68.96,17.54
1754512440,21,69.21,17.54
1754512500,21,69.32,17.53
1754512560,21,68.99,17.53
1754512620,21,69.29,17.54
1754512680,21,69.37,17.55
1754512740,21,69.02,17.53
1754512800,21,69.27,17.53
1754512860,21,69.36,17.54
1754512920,21,69.02,17.52
1754512980,21,69.3,17.54
1754513040,21,69.42,17.53
1754513100,21,69.11,17.54
1754513160,21,69.38,17.53
1754513220,21,69.48,17.53
1754513280,21,69.17,17.54
1754513340,21,69.4,17.52
1754513400,21,69.17,17.55
1754513460,21,69.39,17.52
1754513520,21,69.38,17.54
1754513580,21,69.22,17.53
1754513640,21,69.55,17.53
1754513700,21,69.31,17.52
1754513760,21,69.46,17.53
1754513820,21,69.38,17.53
1754513880,21,69.32,17.54
1754513940,21,69.65,17.54
1754514000,21,69.33,17.53
1754514060,21,69.62,17.53
1754514120,21,69.42,17.54
1754514180,21,69.46,17.54
1754514240,21,69.84,17.53
1754514300,21,69.47,17.53
1754514360,21,69.83,17.54
1754514420,21,69.63,17.53
1754514480,21,69.85,17.54
1754514540,21,69.93,17.53
1754514600,21,69.65,17.54
1754514660,21,70.02,17.54
1754514720,21,69.75,17.54
1754514780,21,70.05,17.54
1754514840,21,69.89,17.53
1754514900,21,69.85,17.53
1754514960,21,70.19,17.54
1754515020,22,69.93,17.54
1754515080,23,70.2,17.53
1754515140,23,70,17.53
1754515200,23,70.18,17.53
1754515260,23,70.12,17.53
1754515320,23,69.98,17.58
1754515380,23,70.01,17.79
1754515440,23,69.64,17.96
1754515500,23,69.58,18.02
1754515560,24,69.4,18.21
1754515620,26,69.19,18.46
1754515680,26,69.26,18.61
1754515740,26,68.88,18.69
1754515800,26,68.89,18.84
1754515860,26,68.66,19.1
1754515920,26,68.44,19.25
1754515980,26,68.52,19.36
1754516040,28,67.96,19.45
1754516100,28,67.94,19.6
1754516160,28,67.8,19.89
1754516220,31,67.53,20.02
1754516280,31,67.56,20.14
1754516340,31,67.26,20.33
1754516400,31,67.2,20.43
1754516460,31,67.05,20.59
1754516520,31,66.61,20.75
1754516580,31,66.7,20.98
1754516640,31,66.33,21.1
1754516700,31,66.25,21.2
1754516760,31,66.18,21.37
1754516820,31,65.95,21.52
1754516880,31,65.92,21.7
1754516940,31,65.72,21.86
1754517000,32,65.54,22.04
1754517060,32,65.58,22.18
1754517120,32,65.1,22.29
1754517180,32,65.06,22.42
1754517240,32,64.87,22.58
1754517300,32,64.62,22.83
1754517360,32,64.6,22.96
1754517420,32,64.37,23.13
1754517480,32,64.25,23.29
1754517540,32,64.24,23.51
1754517600,32,63.73,23.58
1754517660,32,63.74,23.71
1754517720,32,63.55,23.99
1754517780,32,63.4,24.09
1754517840,32,63.39,24.35
1754517900,32,63.08,24.47
1754517960,32,62.95,24.7
1754518020,32,63.01,24.88
1754518080,32,62.55,24.99
1754518140,32,62.5,25.11
1754518200,32,62.31,25.23
1754518260,32,62.15,25.31
1754518320,34,62.11,25.4
1754518380,34,61.79,25.62
1754518440,34,61.64,25.81
1754518500,34,61.64,25.95
1754518560,34,61.33,26.04
1754518620,34,61.27,26.15
1754518680,34,61.15,25.06
1754518740,34,60.87,21.22
1754518800,34,60.82,21.36
1754518860,34,60.64,21.45
1754518920,34,60.46,21.6
1754518980,34,60.41,21.8
1754519040,34,60.12,21.97
1754519100,34,59.95,22.07
1754519160,34,59.94,22.22
1754519220,34,59.61,22.34
1754519280,34,59.57,22.53
1754519340,34,59.45,22.68
1754519400,34,59.23,22.86
1754519460,34,59.18,23.02
1754519520,36,59.05,23.14
1754519580,36,58.75,23.33
1754519640,36,58.71,23.48
1754519700,36,58.51,23.62
1754519760,36,58.15,23.71
1754519820,36,58.14,24
1754519880,36,57.94,24.1
1754519940,36,57.73,24.33
1754520000,36,57.71,24.47
1754520060,36,57.45,24.64
1754520120,38,57.21,24.85
1754520180,38,57.23,24.99
1754520240,38,56.96,25.11
1754520300,38,56.76,25.22
1754520360,38,56.79,25.27
1754520420,38,56.54,25.39
1754520480,38,56.34,25.58
1754520540,38,56.35,25.8
1754520600,38,56.04,25.95
1754520660,38,55.84,26.04
1754520720,38,55.88,26.15
1754520780,38,55.61,26.35
1754520840,38,55.42,26.51
1754520900,38,55.43,26.6
1754520960,38,55.31,26.74
1754521020,38,54.97,26.86
1754521080,38,54.89,27.03
1754521140,38,54.99,27.11
1754521200,38,54.47,27.35
1754521260,38,54.27,27.47
1754521320,38,54.38,27.63
1754521380,38,54.03,27.74
1754521440,38,53.88,27.81
1754521500,38,53.87,27.99
1754521560,38,53.78,28.23
1754521620,38,53.48,28.37
1754521680,38,53.33,28.47
1754521740,39,53.36,28.61
1754521800,39,53,28.77
1754521860,39,52.7,28.85
1754521920,39,52.61,29.03
1754521980,39,52.56,29.15
1754522040,39,52.25,29.36
1754522100,39,52.1,29.43
1754522160,39,51.95,29.57
1754522220,39,51.98,29.82
1754522280,39,51.66,30.05
1754522340,39,51.34,30.18
1754522400,39,51.19,30.31
1754522460,39,51.08,30.46
1754522520,39,50.91,30.58
1754522580,39,50.91,30.66
1754522640,39,50.72,30.88
1754522700,39,50.53,31.02
1754522760,41,50.41,31.21
1754522820,41,50.27,31.29
1754522880,41,50.06,31.47
1754522940,41,49.92,31.65
1754523000,41,49.8,31.78
1754523060,42,49.65,31.99
1754523120,42,49.49,32.08
1754523180,42,49.28,32.22
1754523240,42,49.03,32.46
1754523300,42,48.87,32.56
1754523360,42,48.63,32.73
1754523420,42,48.52,32.85
1754523480,42,48.39,33.04
1754523540,42,48.28,33.23
1754523600,42,48.18,33.35
1754523660,42,48.04,33.47
1754523720,42,47.91,33.6
1754523780,42,47.69,33.75
1754523840,42,47.51,33.9
1754523900,42,47.37,33.99
1754523960,42,47.22,34.08
1754524020,42,47,34.21
1754524080,42,46.85,34.47
1754524140,42,46.68,34.68
1754524200,42,46.56,34.84
1754524260,42,46.39,34.96
1754524320,42,46.21,35.08
1754524380,42,46.06,35.22
1754524440,42,45.92,35.33
1754524500,42,45.76,35.53
1754524560,42,45.53,35.64
1754524620,42,45.35,35.72
1754524680,42,45.16,35.82
1754524740,42,45.02,36
1754524800,42,44.91,36.14
1754524860,42,44.74,36.41
1754524920,42,44.59,36.58
1754524980,42,44.36,36.66
1754525040,42,44.19,36.73
1754525100,42,44.04,36.87
1754525160,42,43.84,36.96
1754525220,42,43.69,37.11
1754525280,42,43.55,37.31
1754525340,42,43.33,37.46
1754525400,42,43.15,37.55
1754525460,42,42.99,37.79
1754525520,42,42.86,37.94
1754525580,42,42.73,38.03
1754525640,42,42.59,38.14
1754525700,42,42.42,38.29
1754525760,43,42.14,38.56
1754525820,43,41.93,38.71
1754525880,43,41.77,38.81
1754525940,43,41.64,38.94
1754526000,43,41.51,39.04
1754526060,43,41.37,39.26
1754526120,43,41.14,39.36
1754526180,43,40.94,39.55
1754526240,43,40.72,39.76
1754526300,43,40.54,39.88
1754526360,43,40.33,40.03
1754526420,43,40.16,40.21
1754526480,43,40.02,40.33
1754526540,43,39.83,40.55
1754526600,43,39.66,40.68
1754526660,43,39.53,40.87
1754526720,43,39.38,40.99
1754526780,43,39.27,41.13
1754526840,43,39.09,41.29
1754526900,43,38.95,41.48
1754526960,43,38.78,41.59
1754527020,43,38.59,41.75
1754527080,43,38.39,41.92
1754527140,43,38.21,42.08
1754527200,43,38.05,42.25
1754527260,43,37.87,42.37
1754527320,43,37.7,42.49
1754527380,43,37.51,42.64
1754527440,43,37.34,42.73
1754527500,43,37.11,42.83
1754527560,43,36.87,43.02
1754527620,43,36.73,43.18
1754527680,43,36.58,43.29
1754527740,43,36.4,43.46
1754527800,43,36.28,43.72
1754527860,43,36.08,43.9
1754527920,43,35.91,44
1754527980,43,35.78,44.14
1754528040,43,35.62,44.27
1754528100,43,35.5,44.41
1754528160,43,35.28,44.65
1754528220,43,35.06,44.8
1754528280,43,34.93,44.91
1754528340,43,34.74,45.08
1754528400,43,34.53,45.25
1754528460,43,34.33,45.46
1754528520,43,34.15,45.58
1754528580,43,34.01,45.77
1754528640,43,33.91,45.95
1754528700,43,33.75,46.1
1754528760,43,33.59,46.2
1754528820,43,33.43,46.23
1754528880,43,33.23,46.38
1754528940,43,33.02,46.6
1754529000,43,32.89,46.76
1754529060,43,32.72,46.84
1754529120,43,32.55,46.95
1754529180,43,32.32,47.07
1754529240,43,32.29,47.19
1754529300,43,32.29,47.19
1754529360,43,32.29,47.19
1754529420,43,32.29,47.19
1754529480,43,32.29,47.19
1754529540,43,32.29,47.19
1754529600,43,32.29,47.19
1754529660,43,32.29,47.19
1754529720,43,32.29,47.19
1754529780,43,32.29,47.19
1754529840,43,32.29,47.19
1754529900,43,32.29,47.19
1754529960,43,32.29,47.19
1754530020,43,32.29,47.19
1754530080,43,32.29,47.19
1754530140,43,32.29,47.19
1754530200,43,29.59,49.78
1754530260,43,29.47,49.89
1754530320,43,29.3,50.14
1754530380,43,29.11,50.24
1754530440,43,28.97,50.37
1754530500,43,28.83,50.49
1754530560,43,28.7,50.6
1754530620,43,28.53,50.78
1754530680,43,28.32,50.9
1754530740,43,28.14,51.05
1754530800,43,27.99,51.26
1754530860,43,27.84,51.46
1754530920,43,27.71,51.6
1754530980,43,27.58,51.77
1754531040,43,27.41,51.92
1754531100,43,27.2,52.04
1754531160,43,27.02,52.17
1754531220,43,26.86,52.31
1754531280,43,26.7,52.52
1754531340,43,26.56,52.64
1754531400,43,26.31,52.78
1754531460,43,26.11,52.92
1754531520,43,25.93,53.01
1754531580,43,25.79,53.2
1754531640,43,25.62,53.36
1754531700,43,25.46,53.51
1754531760,43,25.29,53.66
1754531820,43,25.08,53.76
1754531880,43,24.94,53.82
1754531940,43,24.8,54.05
1754532000,43,24.63,54.19
1754532060,43,24.44,54.38
1754532120,43,24.33,54.56
1754532180,43,24.12,54.66
1754532240,43,23.94,54.75
1754532300,43,23.72,54.91
1754532360,43,23.57,55
1754532420,43,23.39,55.13
1754532480,43,23.28,55.35
1754532540,43,23.11,55.54
1754532600,43,22.95,55.7
1754532660,43,22.82,55.85
1754532720,43,22.72,55.96
1754532780,43,22.57,56.08
1754532840,43,22.44,56.2
1754532900,43,22.28,56.4
1754532960,43,22.12,56.52
1754533020,43,21.97,56.7
1754533080,43,21.78,56.84
1754533140,43,21.65,57.05
1754533200,43,21.52,57.18
1754533260,43,21.35,57.33
1754533320,43,21.19,57.47
1754533380,43,21.02,57.64
1754533440,43,20.91,57.8
1754533500,43,20.77,57.91
1754533560,43,20.59,58.12
1754533620,43,20.44,58.32
1754533680,43,20.26,58.48
1754533740,43,20.08,58.64
1754533800,43,19.92,58.71
1754533860,43,20.93,58.86
1754533920,43,22.56,59.03
1754533980,43,24.21,59.29
1754534040,43,25.78,59.41
1754534100,43,27.54,59.53
1754534160,43,28.92,59.65
1754534220,43,30.22,59.78
1754534280,43,31.63,59.96
1754534340,43,31.9,60.13
1754534400,43,31.82,60.28
1754534460,43,31.7,60.44
1754534520,43,32.37,60.57
1754534580,43,33.63,60.68
1754534640,43,34.63,60.82
1754534700,43,35.76,61.02
1754534760,43,36.73,61.15
1754534820,43,37.95,61.27
1754534880,43,38.35,61.36
1754534940,43,38.14,61.57
1754535000,43,38.01,61.76
1754535060,43,37.82,61.88
1754535120,43,37.67,61.97
1754535180,43,37.48,62.13
1754535240,43,37.45,62.16
1754535300,43,37.45,62.16
1754535360,43,37.45,62.16
1754535420,43,37.45,62.16
1754535480,43,37.45,62.16
1754535540,43,37.45,62.16
1754535600,43,37.45,62.16
1754535660,43,37.45,62.16
1754535720,43,37.45,62.16
1754535780,43,37.45,62.16
1754535840,43,37.45,62.16
1754535900,43,37.45,62.16
1754535960,43,37.45,62.16
1754536020,43,37.45,62.16
1754536080,43,37.45,62.16
1754536140,43,37.45,62.16
1754536200,43,37.45,62.16
1754536260,43,37.45,62.16
1754536320,43,37.45,62.16
1754536380,43,34.06,64.96
1754536440,43,33.93,65.15
1754536500,43,33.76,65.28
1754536560,43,33.6,65.44
1754536620,43,33.43,65.6
1754536680,43,33.21,65.76
1754536740,43,33.01,65.93
1754536800,43,32.88,66.01
1754536860,43,32.76,66.11
1754536920,43,32.56,66.36
1754536980,43,32.4,66.51
1754537040,43,32.28,66.63
1754537100,43,32.08,66.72
1754537160,43,31.93,66.91
1754537220,43,31.82,67.09
1754537280,43,31.64,67.25
1754537340,43,31.48,67.42
1754537400,43,31.25,67.56
1754537460,43,31.11,67.73
1754537520,43,31.04,67.84
1754537580,43,31.04,67.84
1754537640,43,31.04,67.84
1754537700,43,30.48,68.27
1754537760,43,30.34,68.46
1754537820,43,30.18,68.58
1754537880,43,30.02,68.76
1754537940,43,29.87,68.93
1754538000,43,29.69,69.03
1754538060,43,29.5,69.15
1754538120,43,29.36,69.38
1754538180,43,29.17,69.46
1754538240,43,28.99,69.63
1754538300,43,28.85,69.82
1754538360,43,28.69,69.93
1754538420,43,28.52,70.08
1754538480,43,28.35,70.28
1754538540,43,28.16,70.41
1754538600,43,28.05,70.51
1754538660,43,27.88,70.67
1754538720,43,27.75,70.97
1754538780,43,27.63,71.12
1754538840,43,27.54,71.22
1754538900,43,27.29,71.42
1754538960,43,27.11,71.59
1754539020,43,26.96,71.71
1754539080,43,26.82,71.84
1754539140,43,26.66,71.91
1754539200,43,26.51,72.12
1754539260,43,26.25,72.32
1754539320,43,26.09,72.53
1754539380,43,25.88,72.71
1754539440,43,25.72,72.81
1754539500,43,25.59,72.95
1754539560,43,25.42,73.12
1754539620,43,25.26,73.28
1754539680,43,25.1,73.47
1754539740,43,24.93,73.58
1754539800,43,24.79,73.68
1754539860,43,24.62,73.81
1754539920,43,24.46,73.89
1754539980,43,24.28,74.04
1754540040,43,24.12,74.23
1754540100,43,23.95,74.39
1754540160,43,23.75,74.54
1754540220,43,23.56,74.69
1754540280,43,23.43,74.85
1754540340,43,23.28,75.04
1754540400,43,23.15,75.22
1754540460,43,22.99,75.35
1754540520,43,22.88,75.49
1754540580,43,22.75,75.64
1754540640,43,22.63,75.75
1754540700,43,22.49,75.94
1754540760,43,22.36,76.11
1754540820,43,22.23,76.26
1754540880,43,22.08,76.39
1754540940,43,21.91,76.6
1754541000,43,21.76,76.78
1754541060,43,21.61,76.99
1754541120,43,21.44,77.12
1754541180,43,21.3,77.23
1754541240,43,21.12,77.35
1754541300,43,20.99,77.48
1754541360,43,20.85,77.64
1754541420,43,20.73,77.83
1754541480,43,20.59,77.95
1754541540,43,20.59,77.95
1754541600,43,20.59,77.95
1754541660,43,20.59,77.95
1754541720,43,20.59,77.95
1754541780,43,20.59,77.95
1754541840,43,20.59,77.95
1754541900,43,20.59,77.95
1754541960,43,20.59,77.95
1754542020,43,20.59,77.95
1754542080,43,20.59,77.95
1754542140,43,20.59,77.95
1754542200,43,18.7,79.66
1754542260,43,18.55,79.78
1754542320,43,18.39,79.88
1754542380,43,18.28,79.95
1754542440,43,18.16,80.08
1754542500,43,18.02,80.41
1754542560,43,17.9,80.53
1754542620,43,17.8,80.67
1754542680,43,17.63,80.77
1754542740,43,17.46,80.93
1754542800,43,17.24,81.14
1754542860,43,17.06,81.33
1754542920,43,16.87,81.49
1754542980,43,16.68,81.6
1754543040,43,16.53,81.74
1754543100,43,16.34,81.87
1754543160,43,16.18,81.99
1754543220,43,16.08,82.14
1754543280,43,15.94,82.28
1754543340,43,15.78,82.47
1754543400,43,15.6,82.63
1754543460,43,15.48,82.77
1754543520,43,15.38,82.96
1754543580,43,15.26,83.12
1754543640,43,15.12,83.26
1754543700,43,14.93,83.38
1754543760,43,14.72,83.6
1754543820,43,14.56,83.81
1754543880,43,14.42,83.97
1754543940,43,14.29,84.11
1754544000,43,14.12,84.23
1754544060,43,13.99,84.34
1754544120,43,13.79,84.48
1754544180,43,13.65,84.68
1754544240,43,13.47,84.84
1754544300,43,13.3,84.98
1754544360,43,13.12,85.13
1754544420,43,13.04,85.35
1754544480,43,12.91,85.51
1754544540,43,12.72,85.64
1754544600,43,12.57,85.77
1754544660,43,12.39,85.89
1754544720,43,12.23,85.98
1754544780,43,12.1,86.1
1754544840,43,11.98,86.3
1754544900,43,11.87,86.41
1754544960,43,11.72,86.56
1754545020,43,11.52,86.66
1754545080,43,11.39,86.88
1754545140,43,11.27,86.97
1754545200,43,11.15,87.2
1754545260,43,11.01,87.42
1754545320,43,10.81,87.61
1754545380,43,10.62,87.77
1754545440,43,10.44,87.88
1754545500,43,10.31,87.96
1754545560,43,10.17,88.2
1754545620,43,9.96,88.33
1754545680,43,9.79,88.5
1754545740,43,9.68,88.67
1754545800,43,9.57,88.77
1754545860,43,9.39,88.9
1754545920,43,9.21,89.06
1754545980,43,8.94,89.31
1754546040,43,8.76,89.48
1754546100,43,8.59,89.58
1754546160,43,8.44,89.66
1754546220,43,8.34,89.81
1754546280,43,8.24,90.02
1754546340,43,8.1,90.16
1754546400,43,7.83,90.24
1754546460,43,7.63,90.37
1754546520,43,7.52,90.52
1754546580,43,7.38,90.66
1754546640,43,7.23,90.78
1754546700,43,7.1,90.98
1754546760,43,6.94,91.15
1754546820,43,6.73,91.29
1754546880,43,6.59,91.41
1754546940,43,6.41,91.59
1754547000,43,6.24,91.72
1754547060,43,6.11,91.98
1754547120,43,5.99,92.08
1754547180,43,5.79,92.3
1754547240,43,5.61,92.46
1754547300,43,5.43,92.57
1754547360,43,5.3,92.68
1754547420,43,5.18,92.88
1754547480,43,5.05,92.96
1754547540,43,5.02,92.96
1754547600,43,5.02,92.96
1754547660,43,5.02,92.96
1754547720,43,5.02,92.96
1754547780,43,5.02,92.96
1754547840,43,5.02,92.96
1754547900,43,5.02,92.96
1754547960,43,5.02,92.96
1754548020,43,4.11,88.57
1754548080,43,4.16,88.56
1754548140,43,4.13,88.57
1754548200,43,4.36,88.57
1754548260,43,4.39,88.57
1754548320,43,4.46,88.57
1754548380,43,4.5,88.57
1754548440,43,4.54,88.56
1754548500,43,4.55,88.57
1754548560,45,4.59,88.56
1754548620,45,4.62,88.57
1754548680,45,4.61,88.57
1754548740,45,4.65,88.57
1754548800,45,4.69,88.56
1754548860,45,4.72,88.54
1754548920,45,4.75,88.55
1754548980,45,4.77,88.55
1754549040,45,4.79,88.54
1754549100,45,4.82,88.54
1754549160,45,4.83,88.54
1754549220,45,4.87,88.55
1754549280,45,4.88,88.54
1754549340,45,4.96,88.54
1754549400,45,4.98,88.55
1754549460,45,4.98,88.54
1754549520,45,5,88.56
1754549580,45,4.97,88.56
1754549640,45,5.02,88.55
1754549700,45,5.04,88.54
1754549760,45,5.07,88.56
1754549820,45,5.07,88.56
1754549880,45,5.09,88.55
1754549940,45,5.13,88.55
1754550000,47,5.12,88.55
1754550060,47,5.14,88.54
1754550120,47,5.2,88.54
1754550180,47,5.19,88.55
1754550240,47,5.22,88.55
1754550300,47,5.22,88.54
1754550360,47,5.26,88.55
1754550420,47,5.27,88.54
1754550480,47,5.26,88.55
1754550540,47,5.32,88.55
1754550600,47,5.35,88.56
1754550660,47,5.36,88.55
1754550720,47,5.4,88.55
1754550780,47,5.43,88.55
1754550840,47,5.46,88.55
1754550900,47,5.49,88.55
1754550960,47,5.53,88.55
1754551020,47,5.55,88.55
1754551080,47,5.6,88.55
1754551140,47,5.63,88.55
1754551200,47,5.65,88.55
1754551260,49,5.66,88.55
1754551320,49,5.67,88.55
1754551380,49,5.7,88.55
1754551440,49,5.7,88.55
1754551500,49,5.74,88.55
1754551560,49,5.78,88.54
1754551620,49,5.81,88.55
1754551680,49,5.83,88.55
1754551740,49,5.88,88.56
1754551800,49,5.9,88.55
1754551860,49,5.91,88.55
1754551920,49,5.93,88.55
1754551980,49,5.95,88.55
1754552040,49,5.99,88.55
1754552100,49,6.03,88.54
1754552160,49,6.03,88.55
1754552220,49,6.04,88.55
1754552280,51,6.08,88.54
1754552340,51,6.07,88.55
1754552400,51,6.09,88.54
1754552460,51,6.14,88.55
1754552520,51,6.13,88.54
1754552580,51,6.16,88.54
1754552640,51,6.17,88.53
1754552700,51,6.2,88.54
1754552760,51,6.23,88.55
1754552820,51,6.26,88.54
1754552880,51,6.29,88.56
1754552940,51,6.32,88.54
1754553000,51,6.39,88.53
1754553060,51,6.4,88.55
1754553120,51,6.44,88.54
1754553180,51,6.47,88.55
1754553240,51,6.49,88.55
1754553300,51,6.52,88.55
1754553360,51,6.54,88.55
1754553420,51,6.58,88.54
1754553480,51,6.6,88.55
1754553540,51,6.6,88.55
1754553600,51,6.6,88.55
1754553660,51,6.6,88.55
1754553720,51,6.6,88.55
1754553780,51,6.6,88.55
1754553840,51,6.83,83.08
1754553900,51,6.89,83.09
1754553960,51,6.9,83.09
1754554020,51,6.93,83.09
1754554080,51,6.97,83.08
1754554140,51,7,83.08
1754554200,51,7.04,83.09
1754554260,51,7.06,83.08
1754554320,51,7.09,83.08
1754554380,51,7.15,83.08
1754554440,51,7.17,83.09
1754554500,51,7.17,83.09
1754554560,51,7.19,83.08
1754554620,51,7.21,83.08
1754554680,51,7.25,83.09
1754554740,51,7.3,83.08
1754554800,51,7.32,83.08
1754554860,51,7.4,83.09
1754554920,51,7.44,83.09
1754554980,51,7.45,83.08
1754555040,51,7.49,83.09
1754555100,51,7.54,83.08
1754555160,51,7.59,83.08
1754555220,51,7.63,83.08
1754555280,51,7.27,83.07
1754555340,51,7.17,83.09
1754555400,51,7.21,83.08
1754555460,51,7.34,83.08
1754555520,51,7.37,83.08
1754555580,51,7.43,83.08
1754555640,51,7.46,83.08
1754555700,51,7.51,83.08
1754555760,51,7.54,83.09
1754555820,51,7.57,83.09
1754555880,51,7.62,83.08
1754555940,51,7.68,83.08
1754556000,51,7.72,83.09
1754556060,51,7.76,83.08
1754556120,51,7.8,83.08
1754556180,51,7.81,83.07
1754556240,51,7.86,83.08
1754556300,51,7.89,83.08
1754556360,51,7.91,83.09
1754556420,51,7.95,83.08
1754556480,51,8,83.08
1754556540,51,8.06,83.09
1754556600,51,8.1,83.09
1754556660,51,8.14,83.08
1754556720,51,8.18,83.09
1754556780,51,8.23,83.09
1754556840,51,8.24,83.08
1754556900,51,8.29,83.09
1754556960,51,8.28,83.08
1754557020,51,8.29,83.08
1754557080,51,8.32,83.08
1754557140,51,8.35,83.08
1754557200,51,8.37,83.09
1754557260,51,8.4,83.09
1754557320,51,8.41,83.09
1754557380,51,8.45,83.07
1754557440,51,8.51,83.08
1754557500,51,8.55,83.09
1754557560,51,8.58,83.09
1754557620,51,8.66,83.09
1754557680,51,8.68,83.08
1754557740,51,8.75,83.08
1754557800,51,8.82,83.09
1754557860,51,8.88,83.08
1754557920,51,8.98,83.09
1754557980,51,9.05,83.1
1754558040,51,9.12,83.08
1754558100,51,9.2,83.08
1754558160,51,9.27,83.07
1754558220,51,9.34,83.09
1754558280,51,9.39,83.08
1754558340,51,9.45,83.08
1754558400,51,9.5,83.09
1754558460,51,9.55,83.09
1754558520,51,9.6,83.09
1754558580,54,9.61,83.09
1754558640,55,9.66,83.08
1754558700,55,9.7,83.09
1754558760,55,9.73,83.08
1754558820,55,9.76,83.08
1754558880,55,9.83,83.08
1754558940,55,9.87,83.09
1754559000,58,9.93,83.08
1754559060,58,9.98,78.65
1754559120,58,10.03,77.9
1754559180,58,10.05,77.9
1754559240,58,10.1,77.9
1754559300,58,10.1,77.9
1754559360,58,10.1,77.9
1754559420,58,10.1,77.9
1754559480,58,10.1,77.9
1754559540,58,10.1,77.9
1754559600,58,10.1,77.9
1754559660,58,10.1,77.9
1754559720,58,10.37,77.9
1754559780,58,10.41,77.89
1754559840,58,10.42,77.9
1754559900,58,10.43,77.9
1754559960,58,10.47,77.9
1754560020,58,10.28,77.89
1754560080,57,10.5,77.89
1754560140,57,10.54,77.89
1754560200,57,10.58,77.89
1754560260,57,10.61,77.9
1754560320,57,10.67,77.9
1754560380,57,10.67,77.9
1754560440,57,10.7,77.9
1754560500,57,10.74,77.89
1754560560,58,10.74,77.9
1754560620,58,10.75,77.9
1754560680,58,10.78,77.88
1754560740,58,10.78,77.9
1754560800,58,10.81,77.89
1754560860,57,10.82,77.9
1754560920,57,10.88,77.9
1754560980,58,10.9,77.9
1754561040,57,10.92,77.9
1754561100,57,10.96,77.89
1754561160,57,10.99,77.9
1754561220,57,10.91,77.9
1754561280,57,10.94,77.9
1754561340,57,11,77.89
1754561400,57,11.02,77.89
1754561460,57,11.06,77.9
1754561520,57,11.11,77.89
1754561580,57,11.13,77.89
1754561640,57,11.17,77.89
1754561700,57,11.18,77.9
1754561760,57,11.22,77.89
1754561820,56,11.25,77.9
1754561880,56,11.33,77.9
1754561940,56,11.41,77.9
1754562000,56,11.51,77.89
1754562060,57,11.62,77.89
1754562120,57,11.67,77.89
1754562180,57,11.72,77.89
1754562240,57,11.76,77.91
1754562300,57,11.78,77.88
1754562360,58,11.91,77.9
1754562420,58,12.03,77.89
1754562480,57,12.1,77.9
1754562540,57,12.14,77.9
1754562600,57,12.23,77.89
1754562660,57,12.3,77.9
1754562720,57,12.36,77.9
1754562780,56,12.47,77.9
1754562840,56,12.58,77.89
1754562900,56,12.68,77.89
1754562960,56,12.74,77.9
1754563020,56,12.81,77.9
1754563080,55,12.94,77.9
1754563140,55,13.03,77.89
1754563200,55,13.11,77.9
1754563260,55,13.18,77.9
1754563320,55,13.24,77.89
1754563380,55,13.27,77.9
1754563440,55,13.37,77.89
1754563500,55,13.42,77.9
1754563560,54,13.48,77.9
1754563620,54,13.69,77.89
1754563680,54,13.76,77.89
1754563740,54,13.81,77.9
1754563800,53,13.88,77.89
1754563860,56,14,77.89
1754563920,55,14.15,77.9
1754563980,55,14.24,77.9
1754564040,55,14.33,77.9
1754564100,55,14.45,77.9
1754564160,55,14.56,77.89
1754564220,58,14.71,77.9
1754564280,59,14.78,77.89
1754564340,59,14.84,77.89
1754564400,59,14.93,77.89
1754564460,59,15,77.88
1754564520,59,15.1,77.89
1754564580,62,15.22,77.88
1754564640,61,15.28,77.89
1754564700,61,15.35,77.89
1754564760,61,15.48,77.89
1754564820,61,15.53,77.89
1754564880,65,15.63,77.89
1754564940,64,15.72,77.89
1754565000,64,15.81,77.88
1754565060,64,15.89,77.88
1754565120,64,15.94,77.87
1754565180,64,15.99,77.89
1754565240,63,16.11,77.88
1754565300,63,16.21,77.89
1754565360,63,16.23,77.89
1754565420,63,16.43,77.89
1754565480,62,16.54,77.88
1754565540,62,16.63,77.89
1754565600,62,16.68,77.88
1754565660,62,16.79,77.88
1754565720,62,16.93,77.89
1754565780,61,17.05,77.89
1754565840,61,17.15,77.89
1754565900,61,17.27,72.52
1754565960,61,17.34,72.53
1754566020,61,17.41,72.52
1754566080,60,17.55,72.51
1754566140,60,17.69,72.53
1754566200,63,17.8,72.51
1754566260,63,17.87,72.52
1754566320,63,17.95,72.52
1754566380,63,18.02,72.52
1754566440,63,18.22,72.5
1754566500,62,18.3,72.5
1754566560,62,18.37,72.5
1754566620,62,18.47,72.51
1754566680,62,18.53,72.52
1754566740,62,18.66,72.52
1754566800,61,18.79,72.51
1754566860,61,18.88,72.52
1754566920,61,18.98,72.52
1754566980,61,19.05,72.52
1754567040,61,19.08,72.51
1754567100,60,19.15,72.52
1754567160,60,19.27,72.51
1754567220,60,19.41,72.51
1754567280,60,19.49,72.51
1754567340,59,19.55,72.52
1754567400,59,19.66,72.51
1754567460,59,19.8,72.52
1754567520,59,19.89,72.51
1754567580,60,19.94,72.51
1754567640,60,20.06,72.52
1754567700,60,20.16,72.51
1754567760,60,20.22,72.51
1754567820,60,20.35,72.53
1754567880,59,20.47,72.51
1754567940,59,20.52,72.52
1754568000,59,20.61,72.52
1754568060,59,20.71,72.5
1754568120,59,20.76,72.51
1754568180,58,20.89,72.51
1754568240,58,20.95,72.52
1754568300,58,21.01,72.5
1754568360,58,21.11,72.51
1754568420,57,21.24,72.52
1754568480,57,21.36,72.51
1754568540,57,21.44,72.51
1754568600,57,21.62,72.51
1754568660,57,21.68,72.51
1754568720,56,21.73,72.51
1754568780,56,21.82,72.51
1754568840,56,21.88,72.5
1754568900,56,21.96,72.5
1754568960,56,22.04,72.52
1754569020,55,22.11,72.5
1754569080,55,22.24,72.5
1754569140,55,22.36,72.51
1754569200,55,22.44,72.51
1754569260,55,22.49,72.52
1754569320,54,22.54,72.51
1754569380,54,22.63,72.5
1754569440,54,22.7,72.5
1754569500,54,22.75,72.5
1754569560,53,22.83,72.52
1754569620,53,22.91,72.52
1754569680,53,23.02,72.5
1754569740,53,23.13,72.51
1754569800,53,23.22,72.51
1754569860,52,23.28,72.51
1754569920,52,23.32,72.52
1754569980,52,23.42,72.52
1754570040,52,23.59,72.51
1754570100,52,23.7,72.49
1754570160,51,23.79,72.51
1754570220,51,23.87,72.51
1754570280,51,23.95,72.52
1754570340,51,24.03,72.5
1754570400,51,24.12,72.53
1754570460,50,24.27,72.5
1754570520,50,24.36,72.5
1754570580,50,24.39,72.51
1754570640,50,24.47,72.52
1754570700,49,24.54,72.53
1754570760,49,24.66,72.52
1754570820,49,24.73,72.51
1754570880,49,24.82,72.51
1754570940,49,24.84,72.51
1754571000,48,24.95,72.52
1754571060,48,25.13,72.5
1754571120,48,25.28,72.51
1754571180,48,25.34,72.51
1754571240,48,25.43,72.52
1754571300,47,25.52,72.51
1754571360,47,25.59,72.52
1754571420,47,25.63,72.52
1754571480,47,25.64,72.51
1754571540,47,25.8,72.51
1754571600,46,25.92,72.5
1754571660,46,26,72.52
1754571720,46,26.08,72.51
1754571780,46,26.16,72.51
1754571840,45,26.24,72.51
1754571900,45,26.34,72.51
1754571960,45,26.59,72.51
1754572020,45,26.67,72.52
1754572080,45,26.71,72.51
1754572140,44,26.82,72.51
1754572200,44,26.91,72.52
1754572260,44,26.97,72.51
1754572320,44,27.03,72.52
1754572380,44,27.17,72.52
1754572440,43,27.24,72.53
1754572500,44,27.3,72.52
1754572560,44,27.38,72.52
1754572620,43,27.43,72.51
1754572680,43,27.51,72.51
1754572740,43,27.61,72.51
1754572800,43,27.69,72.52
1754572860,43,27.72,72.53
1754572920,42,27.81,72.51
1754572980,42,27.85,72.53
1754573040,42,27.89,72.51
1754573100,42,28.04,72.53
1754573160,42,28.09,72.52
1754573220,41,28.19,72.52
1754573280,41,28.27,72.51
1754573340,41,28.37,72.51
1754573400,41,28.46,72.52
1754573460,40,28.53,72.51
1754573520,40,28.63,72.52
1754573580,40,28.71,72.52
1754573640,40,28.83,72.52
1754573700,40,28.9,72.53
1754573760,39,28.96,72.52
1754573820,39,29.01,72.52
1754573880,39,29.08,72.52
1754573940,41,29.15,72.53
1754574000,41,29.22,72.52
1754574060,41,29.32,72.51
1754574120,41,29.44,72.51
1754574180,41,29.53,72.52
1754574240,40,29.61,72.53
1754574300,40,29.69,72.53
1754574360,40,29.77,72.52
1754574420,40,29.94,72.52
1754574480,39,30.07,72.52
1754574540,39,30.12,72.51
1754574600,39,30.2,72.53
1754574660,39,30.29,72.53
1754574720,39,30.36,72.51
1754574780,41,30.45,72.52
1754574840,41,30.56,72.52
1754574900,41,30.67,72.52
1754574960,40,30.85,72.52
1754575020,40,30.95,72.51
1754575080,40,31.09,72.53
1754575140,40,31.14,72.53
1754575200,40,31.22,72.52
1754575260,41,31.29,72.52
1754575320,40,31.42,72.53
1754575380,40,31.5,72.52
1754575440,43,31.71,72.53
1754575500,43,31.82,72.52
1754575560,43,31.9,72.52
1754575620,43,32.01,72.51
1754575680,43,32.12,67.93
1754575740,43,32.2,66.7
1754575800,42,32.29,66.7
1754575860,42,32.37,66.69
1754575920,42,32.49,66.7
1754575980,42,32.65,66.7
1754576040,41,32.76,66.7
1754576100,41,32.84,66.69
1754576160,41,32.92,66.69
1754576220,41,32.96,66.69
1754576280,41,33.06,66.71
1754576340,40,33.15,66.7
1754576400,40,33.28,66.7
1754576460,40,33.38,66.7
1754576520,40,33.43,66.7
1754576580,39,33.41,66.69
1754576640,39,33.63,66.7
1754576700,39,33.73,66.7
1754576760,39,33.82,66.71
1754576820,38,33.93,66.7
1754576880,38,34.04,66.69
1754576940,38,34.1,66.7
1754577000,38,34.19,66.7
1754577060,38,34.27,66.7
1754577120,37,34.33,66.7
1754577180,37,34.45,66.71
1754577240,37,34.62,66.71
1754577300,37,34.73,66.7
1754577360,37,34.85,66.69
1754577420,36,34.97,66.71
1754577480,36,35.04,66.71
1754577540,36,35.11,66.7
1754577600,36,35.29,66.7
1754577660,35,35.4,66.7
1754577720,35,35.5,66.7
1754577780,35,35.6,66.7
1754577840,35,35.71,66.7
1754577900,34,35.78,66.7
1754577960,34,35.84,66.71
1754578020,34,35.89,66.7
1754578080,34,35.96,66.71
1754578140,34,36.05,66.69
1754578200,33,36.14,66.7
1754578260,33,36.22,66.69
1754578320,33,36.36,66.7
1754578380,33,36.42,66.7
1754578440,33,36.48,66.7
1754578500,32,36.54,66.7
1754578560,32,36.72,66.71
1754578620,32,36.81,66.7
1754578680,32,36.91,66.7
1754578740,32,36.97,66.7
1754578800,32,37.11,66.7
1754578860,32,37.25,66.71
1754578920,32,37.32,66.71
1754578980,31,37.4,66.7
1754579040,31,37.46,66.71
1754579100,31,37.58,66.71
1754579160,31,37.67,66.71
1754579220,31,37.8,66.71
1754579280,30,37.91,66.7
1754579340,30,37.97,66.71
1754579400,30,38.03,66.69
1754579460,30,38.19,66.7
1754579520,29,38.26,66.69
1754579580,29,38.36,66.7
1754579640,29,38.44,66.71
1754579700,29,38.56,66.7
1754579760,29,38.67,66.69
1754579820,28,38.8,66.7
1754579880,28,38.85,66.71
1754579940,28,38.91,66.7
1754580000,28,38.96,66.7
1754580060,28,39.06,66.69
1754580120,30,39.16,66.7
1754580180,29,39.29,66.7
1754580240,29,39.39,66.7
1754580300,29,39.45,66.69
1754580360,29,39.51,66.7
1754580420,29,39.63,66.7
1754580480,28,39.77,66.7
1754580540,28,39.86,66.69
1754580600,28,39.9,66.69
1754580660,28,40.01,66.7
1754580720,28,40.1,66.7
1754580780,27,40.16,66.7
1754580840,27,40.24,66.7
1754580900,27,40.32,66.69
1754580960,27,40.39,66.71
1754581020,26,40.44,66.69
1754581080,28,40.52,66.7
1754581140,28,40.61,66.69
1754581200,28,40.78,66.7
1754581260,28,40.92,66.7
1754581320,27,41.04,66.7
1754581380,27,41.19,66.7
1754581440,27,41.29,66.71
1754581500,27,41.38,66.7
1754581560,26,41.48,66.7
1754581620,26,41.52,66.71
1754581680,26,41.63,66.7
1754581740,26,41.71,66.7
1754581800,26,41.77,66.7
1754581860,25,41.77,66.69
1754581920,26,41.93,66.69
1754581980,26,41.99,66.7
1754582040,26,42.11,66.71
1754582100,26,42.35,66.7
1754582160,25,42.47,66.7
1754582220,25,42.56,66.71
1754582280,25,42.65,66.7
1754582340,25,42.73,66.7
1754582400,24,42.78,66.7
1754582460,24,42.84,66.71
1754582520,24,42.92,66.71
1754582580,24,43.02,66.7
1754582640,24,43.02,66.7
1754582700,25,43.15,66.7
1754582760,27,43.21,66.7
1754582820,27,43.29,66.7
1754582880,26,43.45,66.7
1754582940,26,43.57,66.7
1754583000,26,43.63,66.7
1754583060,26,43.74,66.7
1754583120,25,43.86,66.7
1754583180,25,43.93,66.71
1754583240,25,44.01,66.7
1754583300,25,44.11,66.69
1754583360,25,44.2,66.7
1754583420,24,44.34,66.7
1754583480,24,44.41,66.69
1754583540,24,44.51,66.69
1754583600,24,44.58,66.72
1754583660,23,44.71,66.71
1754583720,23,44.83,66.7
1754583780,23,44.92,66.7
1754583840,23,44.98,66.7
1754583900,23,45.1,66.7
1754583960,22,45.21,66.7
1754584020,22,45.31,66.71
1754584080,22,45.46,66.69
1754584140,22,45.59,66.71
1754584200,21,45.74,66.69
1754584260,21,45.85,66.7
1754584320,21,45.92,66.71
1754584380,21,45.96,66.7
1754584440,21,46.09,66.7
1754584500,20,46.19,66.71
1754584560,20,46.34,66.7
1754584620,20,46.51,66.7
1754584680,20,46.53,66.7
1754584740,20,46.63,66.7
1754584800,19,46.73,66.72
1754584860,19,46.82,66.7
1754584920,19,46.91,66.7
1754584980,19,47.05,66.7
1754585040,18,47.14,66.7
1754585100,18,47.23,66.7
1754585160,18,47.32,66.69
1754585220,18,47.39,66.7
1754585280,18,47.55,66.7
1754585340,17,47.68,66.69
1754585400,17,47.75,66.7
1754585460,17,47.84,66.69
1754585520,17,47.91,66.69
1754585580,16,48.05,66.69
1754585640,16,48.12,66.7
1754585700,16,48.2,66.7
1754585760,16,48.26,66.69
1754585820,15,48.33,66.71
1754585880,15,48.42,66.7
1754585940,15,48.52,66.7
1754586000,15,48.58,66.7
1754586060,15,48.68,66.72
1754586120,14,48.76,66.7
1754586180,14,48.93,66.7
1754586240,14,49.05,66.69
1754586300,15,49.13,66.7
1754586360,15,49.2,66.7
1754586420,15,49.4,66.7
1754586480,14,49.54,66.72
1754586540,14,49.66,66.71
1754586600,14,49.66,66.7
1754586660,14,49.8,66.7
1754586720,13,49.88,66.7
1754586780,13,49.96,66.7
1754586840,13,50.01,66.7
1754586900,13,50.13,66.7
1754586960,12,50.28,66.7
1754587020,12,50.35,66.7
1754587080,12,50.45,66.7
1754587140,12,50.49,66.71
1754587200,12,50.6,66.71
1754587260,12,50.71,66.71
1754587320,11,50.76,66.69
1754587380,11,50.87,66.71
1754587440,11,50.94,66.69
1754587500,11,51.06,66.71
1754587560,10,51.12,66.69
1754587620,10,51.23,66.7
1754587680,10,51.32,66.7
1754587740,14,51.44,66.7
1754587800,14,51.56,66.7
1754587860,14,51.65,66.71
1754587920,14,51.82,66.71
1754587980,13,51.93,66.69
1754588040,13,52.03,66.69
1754588100,13,52.1,66.7
1754588160,13,52.21,66.7
1754588220,13,52.36,66.69
1754588280,13,52.46,66.7
1754588340,12,52.56,66.7
1754588400,12,52.68,66.7
1754588460,12,52.77,66.69
1754588520,12,52.9,66.69
1754588580,11,52.98,66.7
1754588640,11,53.17,66.69
1754588700,11,53.31,66.71
1754588760,11,53.42,66.71
1754588820,10,53.49,66.7
1754588880,10,53.53,66.7
1754588940,10,53.68,66.7
1754589000,10,53.79,66.7
1754589060,9,53.86,66.69
1754589120,9,53.93,66.71
1754589180,9,54.01,66.7
1754589240,9,54.09,66.7
1754589300,9,54.13,66.7
1754589360,8,54.23,66.69
1754589420,8,54.36,66.7
1754589480,8,54.53,66.7
1754589540,8,54.6,66.71
1754589600,7,54.66,66.7
1754589660,7,54.77,66.7
1754589720,7,54.84,66.7
1754589780,7,54.99,66.7
1754589840,7,55.12,66.7
1754589900,7,55.25,66.7
1754589960,6,55.33,66.7
1754590020,6,55.4,66.7
1754590080,6,55.48,66.7
1754590140,6,55.53,66.7
1754590200,5,55.62,66.69
1754590260,5,55.67,66.7
1754590320,6,55.79,66.7
1754590380,7,55.86,66.69
1754590440,8,55.87,66.7
1754590500,8,55.91,66.71
1754590560,8,55.91,66.69
1754590620,8,55.94,66.69
1754590680,8,55.97,66.69
1754590740,8,56.01,66.69
1754590800,8,56.05,66.69
1754590860,8,56.07,66.71
1754590920,8,56.1,66.7
1754590980,8,56.14,66.7
1754591040,8,56.16,66.7
1754591100,8,56.19,66.69
1754591160,8,56.23,66.71
1754591220,8,56.24,66.71
1754591280,8,56.26,66.7
1754591340,8,56.31,66.7
1754591400,8,56.34,66.69
1754591460,8,56.36,66.7
1754591520,8,56.41,66.7
1754591580,8,56.45,66.7
1754591640,8,56.49,66.71
1754591700,8,56.51,66.7
1754591760,8,56.58,66.7
1754591820,8,56.62,66.7
1754591880,8,56.67,66.7
1754591940,8,56.73,66.69
1754592000,8,56.78,66.7
1754592060,8,56.84,66.7
1754592120,9,56.87,66.7
1754592180,9,56.93,66.7
1754592240,9,56.98,66.7
1754592300,9,57.03,66.7
1754592360,9,57.09,66.71
1754592420,9,57.14,66.7
1754592480,9,57.19,66.7
1754592540,9,57.23,66.71
1754592600,9,57.26,66.7
1754592660,9,57.3,66.7
1754592720,9,57.33,66.7
1754592780,9,57.38,66.71
1754592840,9,57.41,66.69
1754592900,9,57.46,66.7
1754592960,9,57.51,66.69
1754593020,9,57.55,66.7
1754593080,9,57.6,66.69
1754593140,9,57.62,66.71
1754593200,9,57.67,66.7
1754593260,9,57.7,66.7
1754593320,10,57.76,66.7
1754593380,10,57.79,66.7
1754593440,10,57.8,66.69
1754593500,10,57.88,66.7
1754593560,10,57.92,66.71
1754593620,10,57.97,66.69
1754593680,10,57.97,66.7
1754593740,10,58,66.71
1754593800,10,58.02,66.71
1754593860,10,58.07,66.7
1754593920,10,58.09,66.7
1754593980,10,58.1,66.69
1754594040,10,58.14,66.69
1754594100,10,58.21,66.7
1754594160,10,58.24,66.7
1754594220,10,58.34,66.7
1754594280,10,58.39,66.7
1754594340,10,58.45,66.69
1754594400,10,58.49,66.71
1754594460,10,58.54,66.7
1754594520,10,58.57,66.7
1754594580,10,58.6,66.71
1754594640,10,58.62,66.7
1754594700,10,58.64,66.7
1754594760,10,58.7,66.7
1754594820,10,58.69,66.69
1754594880,10,58.7,61.69
1754594940,10,58.72,61.7
1754595000,10,58.75,61.69
1754595060,10,58.8,61.69
1754595120,10,58.83,61.69
1754595180,10,58.83,61.69
1754595240,10,58.83,61.69
1754595300,10,58.83,61.69
1754595360,10,58.83,61.69
1754595420,10,58.83,61.69
1754595480,10,58.83,61.69
1754595540,10,59,61.69
1754595600,10,59.01,61.69
1754595660,10,59.05,61.68
1754595720,10,59.06,61.7
1754595780,10,59.09,61.7
1754595840,10,59.1,61.69
1754595900,10,59.13,61.69
1754595960,10,59.13,61.69
1754596020,10,59.18,61.69
1754596080,10,59.21,61.68
1754596140,10,59.26,61.69
1754596200,10,59.29,61.69
1754596260,10,59.31,61.7
1754596320,10,59.33,61.69
1754596380,10,59.34,61.7
1754596440,10,59.34,61.69
1754596500,10,59.4,61.68
1754596560,10,59.41,61.69
1754596620,10,59.46,61.69
1754596680,10,59.47,61.68
1754596740,10,59.5,61.68
1754596800,10,59.54,61.68
1754596860,10,59.55,61.68
1754596920,10,59.58,61.69
1754596980,10,59.59,61.68
1754597040,10,59.63,61.68
1754597100,10,59.64,61.68
1754597160,10,59.65,61.69
1754597220,10,59.67,61.68
1754597280,10,59.68,61.69
1754597340,10,59.72,61.68
1754597400,10,59.73,61.68
1754597460,12,59.76,61.7
1754597520,12,59.77,61.69
1754597580,12,59.8,61.69
1754597640,12,59.83,61.7
1754597700,12,59.85,61.69
1754597760,12,59.87,61.68
1754597820,12,59.9,61.69
1754597880,12,59.94,61.7
1754597940,12,59.95,61.68
1754598000,12,59.97,61.69
1754598060,12,60.01,61.69
1754598120,12,60.04,61.7
1754598180,12,60.03,61.69
1754598240,12,60.06,61.69
1754598300,12,60.08,61.69
1754598360,12,60.09,61.7
1754598420,12,60.12,61.7
1754598480,12,60.16,61.69
1754598540,13,60.16,61.68
1754598600,13,60.18,61.69
1754598660,13,60.2,61.68
1754598720,13,60.19,61.7
1754598780,13,60.19,61.68
1754598840,13,60.21,61.7
1754598900,13,60.24,61.69
1754598960,13,60.22,61.68
1754599020,13,60.25,61.68
1754599080,13,60.27,61.69
1754599140,13,60.31,61.69
1754599200,13,60.34,61.69
1754599260,13,60.38,61.69
1754599320,13,60.4,61.69
1754599380,13,60.41,61.68
1754599440,13,60.45,61.69
1754599500,13,60.47,61.68
1754599560,13,60.48,61.69
1754599620,13,60.48,61.68
1754599680,13,60.48,61.7
1754599740,13,60.54,61.68
1754599800,13,60.54,61.69
1754599860,13,60.54,61.69
1754599920,13,60.57,61.69
1754599980,13,60.57,61.69
1754600040,13,60.63,61.69
1754600100,13,60.68,61.69
1754600160,13,60.67,61.7
1754600220,13,60.72,61.7
1754600280,13,60.74,61.68
1754600340,13,60.78,61.69
1754600400,13,60.79,61.68
1754600460,13,60.8,56.31
1754600520,13,60.82,56.32
1754600580,13,60.85,56.31
1754600640,13,60.89,56.32
1754600700,13,60.89,56.32
1754600760,13,60.94,56.31
1754600820,13,60.97,56.32
1754600880,13,61.03,56.31
1754600940,13,61.05,56.31
1754601000,13,61.04,56.3
1754601060,13,61.04,56.3
1754601120,13,61.04,56.3
1754601180,13,61.04,56.3
1754601240,13,61.04,56.3
1754601300,13,61.04,56.3
1754601360,13,61.04,56.3
1754601420,13,61.04,56.3
