1754470860,416.4170873733
1754470920,415.95715516325
1754470980,415.54445369908
1754471040,415.19078319319
1754471100,414.907140313
1754471160,414.70349156991
1754471220,414.58856406094
1754471280,414.56965787999
1754471340,414.654751777
1754471400,414.84508528608
1754471460,415.14332696657
1754471520,415.54972153584
1754471580,416.06259260254
1754471640,416.67834850353
1754471700,417.39152449228
1754471760,418.19486044702
1754471820,419.07941251453
1754471880,420.03469640085
1754471940,421.04886008
1754472000,422.10887828439
1754472060,423.20077515111
1754472120,424.30985708963
1754472180,425.4209614635
1754472240,426.51871238775
1754472300,427.58777958149
1754472360,428.61313561246
1754472420,429.58030701567
1754472480,430.47561499034
1754472540,431.28640166529
1754472600,432.00123870588
1754472660,432.61011222721
1754472720,433.10458816911
1754472780,433.47794606611
1754472840,433.72528658724
1754472900,433.84360828044
1754472960,433.83185294486
1754473020,433.69091900337
1754473080,433.42364271064
1754473140,433.03474749424
1754473200,432.53076218727
1754473260,431.91990892665
1754473320,431.21196498764
1754473380,430.41809434031
1754473440,429.55065970545
1754473500,428.6230120975
1754473560,427.64926355071
1754473620,426.64404638952
1754473680,425.62226309821
1754473740,424.5988311095
1754473800,423.58842703036
1754473860,422.60523494393
1754473920,421.66270346001
1754473980,420.77331554657
1754474040,419.94837908804
1754474100,419.19783347461
1754474160,418.53008797879
1754474220,417.95188617195
1754474280,417.46820279489
1754474340,417.08217457397
1754474400,416.79506638352
1754474460,416.60627340629
1754474520,416.51260137312
1754474580,416.5066803755
1754474640,416.57884478476
1754474700,416.7306781586
1754474760,416.95366018006
1754474820,417.23808097029
1754474880,417.57324986303
1754474940,417.9477196532
1754475000,418.34952392188
1754475060,418.76642192154
1754475120,419.18614638845
1754475180,419.59664956687
1754475240,419.98634286493
1754475300,420.34432577697
1754475360,420.66059999245
1754475420,420.9262651134
1754475480,421.13369163572
1754475540,421.27667086739
1754475600,421.35053573307
1754475660,421.35225325329
1754475720,421.28048605214
1754475780,421.13562208756
1754475840,420.919772107
1754475900,420.63147702703
1754475960,420.29193044384
1754476020,419.89230323813
1754476080,419.44619524065
1754476140,418.96319220805
1754476200,418.4539466627
1754476260,417.92997593798
1754476320,417.40344514259
1754476380,416.88693400621
1754476440,416.39319364309
1754476500,415.93489733994
1754476560,415.52439000297
1754476620,415.17344103151
1754476680,414.89300542639
1754476740,414.69299787951
1754476800,414.58208438113
1754476860,414.56749596983
1754476920,414.65486756941
1754476980,414.84810684993
1754477040,415.14929467509
1754477100,415.55861989812
1754477160,416.0743498684
1754477220,416.69283735363
1754477280,417.40856380045
1754477340,418.21421807866
1754477400,419.11621393103
1754477460,420.07429117725
1754477520,421.09067990352
1754477580,422.15230769893
1754477640,423.24516008195
1754477700,424.35451674017
1754477760,425.46520001657
1754477820,426.56183095394
1754477880,427.62908817562
1754477940,428.65196494423
1754478000,429.61601988915
1754478060,430.50761768958
1754478120,431.31415223273
1754478180,432.02425745026
1754478240,432.62799056532
1754478300,433.11699401159
1754478360,433.48462989653
1754478420,433.72608564882
1754478480,433.83844932212
1754478540,433.8207534866
1754478600,433.67398710274
1754478660,433.40107523403
1754478720,433.00682661389
1754478780,432.49785159483
1754478840,431.88244754102
1754478900,431.1704586645
1754478960,430.37310866754
1754479020,429.50281019759
1754479080,428.57295388664
1754479140,427.59768036604
1754479200,426.59163900842
1754479260,425.56973746548
1754479320,424.54688633243
1754479380,423.53774346447
1754479440,422.55646194262
1754479500,421.61645026581
1754479560,420.73013953669
1754479620,419.90877527261
1754479680,419.16222804461
1754479740,418.49883071874
1754479800,417.92524492561
1754479860,417.44635948178
1754479920,417.06522283845
1754479980,416.78301092367
1754480040,416.59903099409
1754480100,416.51076131453
1754480160,416.51392597178
1754480220,416.60260243866
1754480280,416.76936070185
1754480340,417.00542992779
1754480400,417.30088961127
1754480460,417.65096036487
1754480520,418.0324295776
1754480580,418.43861766038
1754480640,418.85725710125
1754480700,419.27610590878
1754480760,419.68319435354
1754480820,420.06706156787
1754480880,420.41698191731
1754480940,420.72317545248
1754481000,420.97699906167
1754481060,421.17111506516
1754481120,421.29963442611
1754481180,421.35823221211
1754481240,421.34423342051
1754481300,421.25666777235
1754481360,421.09629244865
1754481420,420.86558312333
1754481480,420.56869167262
1754481540,420.21137334713
1754481600,419.800883044
1754481660,419.34584286281
1754481720,418.85608298703
1754481780,418.34245849211
1754481840,417.81664513569
1754481900,417.29091760982
1754481960,416.76954426791
1754482020,416.29039117257
1754482080,415.84097497088
1754482140,415.4419092071
1754482200,415.10481061898
1754482260,414.84043212877
1754482320,414.65844029495
1754482380,414.56721126854
1754482440,414.57364948259
1754482500,414.68303289571
1754482560,414.89888810161
1754482620,415.22289801833
1754482680,415.65484452192
1754482740,416.19258544893
1754482800,416.8320710364
1754482860,417.56739375618
1754482920,418.39087469337
1754482980,419.29318311409
1754483040,420.26348702585
1754483100,421.28963166128
1754483160,422.35834228406
1754483220,423.45544728071
1754483280,424.56611717287
1754483340,425.6751157017
1754483400,426.76705382712
1754483460,427.82665309258
1754483520,428.83899880175
1754483580,429.78978973556
1754483640,430.66557569811
1754483700,431.46631421947
1754483760,432.1545084015
1754483820,432.73442970927
1754483880,433.19807702568
1754483940,433.5391940357
1754484000,433.75336768152
1754484060,433.83809821619
1754484120,433.79283529875
1754484180,433.61898401711
1754484240,433.3198740475
1754484300,432.90070825231
1754484360,432.36846557151
1754484420,431.73178556693
1754484480,431.00082079521
1754484540,430.18706444929
1754484600,429.30315519306
1754484660,428.36266162594
1754484720,427.37985370355
1754484780,426.36945536863
1754484840,425.3463951766
1754484900,424.32554989115
1754484960,423.32148932984
1754485020,422.34822650261
1754485080,421.41897770891
1754485140,420.54593716876
1754485200,419.74007057032
1754485260,419.01093161727
1754485320,418.36650485466
1754485380,417.81308042906
1754485440,417.35515702977
1754485500,416.99538360024
1754485560,416.73453438608
1754485620,416.57152048592
1754485680,416.50343712492
1754485740,416.52564556914
1754485800,416.63188786489
1754485860,416.81443190496
1754485920,417.06424370996
1754485980,417.37118350669
1754486040,417.72422022216
1754486100,418.1116631857
1754486160,418.52140226618
1754486220,418.94115472479
1754486280,419.35871286147
1754486340,419.76218797271
1754486400,420.14024611969
1754486460,420.48233145088
1754486520,420.77887313355
1754486580,421.02147231184
1754486640,421.20306601525
1754486700,421.31806463507
1754486760,421.36258852038
1754486820,421.33391677688
1754486880,421.22947545325
1754486940,421.053690211
1754487000,420.80829970162
1754487060,420.4978059145
1754487120,420.12829459767
1754487180,419.70732531124
1754487240,419.24379277078
1754487300,418.747763628
1754487360,418.2302866439
1754487420,417.70318564913
1754487480,417.17883423994
1754487540,416.66991796784
1754487600,416.18918798789
1754487660,415.74921068625
1754487720,415.36211798909
1754487780,415.03936314953
1754487840,414.79148680744
1754487900,414.62789793104
1754487960,414.55667465614
1754488020,414.58571816832
1754488080,414.71595202582
1754488140,414.95450892558
1754488200,415.30134056723
1754488260,415.7558200643
1754488320,416.3153974282
1754488380,416.97562203743
1754488440,417.73020117584
1754488500,418.57109346016
1754488560,419.48863588266
1754488620,420.47169808859
1754488680,421.50787006806
1754488740,422.58366722181
1754488800,423.68475781481
1754488860,424.79620479604
1754488920,425.90271795415
1754488980,426.98891169442
1754489040,428.03956373019
1754489100,429.03987008118
1754489160,429.97569195349
1754489220,430.83379032824
1754489280,431.60204487998
1754489340,432.27986950027
1754489400,432.83561408778
1754489460,433.27361937522
1754489520,433.58801487158
1754489580,433.77479118125
1754489640,433.83186200763
1754489700,433.75909442917
1754489760,433.55830703933
1754489820,433.23323600482
1754489880,432.78946922236
1754489940,432.23435149334
1754490000,431.57685747852
1754490060,430.82744029108
1754490120,429.99785377424
1754490180,429.100952855
1754490240,428.15047488388
1754490300,427.16080551033
1754490360,426.14673298721
1754490420,425.12319509242
1754490480,424.10502309033
1754490540,423.10668665952
1754490600,422.1420484379
1754490660,421.22412281825
1754490720,420.36485696662
1754490780,419.57492827825
1754490840,418.86356633446
1754490900,418.23840226462
1754490960,417.70534857423
1754491020,417.26851189446
1754491080,416.93014043181
1754491140,416.69060716771
1754491200,416.5484290326
1754491260,416.50032201339
1754491320,416.54128968999
1754491380,416.664745132
1754491440,416.8626619335
1754491500,417.12575185423
1754491560,417.44366519781
1754491620,417.80520977493
1754491680,418.19858399227
1754491740,418.61161940958
1754491800,419.03202801361
1754491860,419.44764974047
1754491920,419.84669394379
1754491980,420.21797453817
1754492040,420.55112901487
1754492100,420.83682167811
1754492160,421.06692591282
1754492220,421.23691824454
1754492280,421.33590584588
1754492340,421.36358349662
1754492400,421.3179997637
1754492460,421.1989217067
1754492520,421.00784433577
1754492580,420.74796689283
1754492640,420.42413789396
1754492700,420.04276870022
1754492760,419.61171734627
1754492820,419.14014441667
1754492880,418.63834330025
1754492940,418.11754762063
1754493000,417.58971908357
1754493060,417.06731939054
1754493120,416.56306990352
1754493180,416.0897053845
1754493240,415.65972132163
1754493300,415.28512637154
1754493360,414.97719958613
1754493420,414.74625927059
1754493480,414.6014477793
1754493540,414.55053666371
1754493600,414.59975623989
1754493660,414.75365319135
1754493720,415.01497927427
1754493780,415.38461384357
1754493840,415.8615202995
1754493900,416.44274134026
1754493960,417.12342826556
1754494020,417.89690729211
1754494080,418.7697382099
1754494140,419.68705745273
1754494200,420.68232108619
1754494260,421.72791402649
1754494320,422.81015206983
1754494380,423.9145543148
1754494440,425.0260875801
1754494500,426.1294208902
1754494560,427.20918088516
1754494620,428.25021456059
1754494680,429.23783992099
1754494740,430.15809132184
1754494800,430.99795092424
1754494860,431.74556321738
1754494920,432.3904291875
1754494980,432.92357711253
1754495040,433.33770738699
1754495100,433.6310576344
1754495160,433.79033996381
1754495220,433.81974334356
1754495280,433.71955229151
1754495340,433.4919982057
1754495400,433.14121862505
1754495460,432.67318509421
1754495520,432.09560070686
1754495580,431.41776885809
1754495640,430.65043518718
1754495700,429.80560513288
1754495760,428.89633932107
1754495820,427.93653377807
1754495880,426.94067932773
1754495940,425.92361636791
1754496000,424.9002801958
1754496060,423.88544493151
1754496120,422.89347006084
1754496180,421.93805426887
1754496240,421.03200120407
1754496300,420.18700167858
1754496360,419.41343657249
1754496420,418.72020392948
1754496480,418.11457640015
1754496540,417.60208512756
1754496600,417.18644170926
1754496660,416.86949273384
1754496720,416.65121068618
1754496780,416.52972085187
1754496840,416.50136357401
1754496900,416.56079046159
1754496960,416.70109243509
1754497020,416.91395683926
1754497080,417.18985047838
1754497140,417.5182235445
1754497200,417.88773310435
1754497260,418.28647790369
1754497320,418.70224249906
1754497380,419.12274492424
1754497440,419.53588332732
1754497500,419.92997697061
1754497560,420.29399718879
1754497620,420.61778417451
1754497680,420.89224579549
1754497740,421.10953515453
1754497800,421.26320310618
1754497860,421.34832528392
1754497920,421.36159863589
1754497980,421.3014081881
1754498040,421.16786199311
1754498100,420.96279348545
1754498160,420.68973372537
1754498220,420.34775206236
1754498280,419.95487417056
1754498340,419.51414996609
1754498400,419.03499853495
1754498460,418.52793165468
1754498520,418.00435791021
1754498580,417.47636653501
1754498640,416.95649642671
1754498700,416.45749414185
1754498760,415.99206525108
1754498820,415.5726236629
1754498880,415.21104366957
1754498940,414.91841952359
1754499000,414.70483719258
1754499060,414.57916365268
1754499120,414.54885604649
1754499180,414.61979757556
1754499240,414.79616132791
1754499300,415.08030595439
1754499360,415.47270531279
1754499420,415.97191365611
1754499480,416.57456718354
1754499540,417.27542199227
1754499600,418.06742768835
1754499660,418.94183515835
1754499720,419.8883369488
1754499780,420.89523349597
1754499840,421.94963143947
1754499900,423.03765740048
1754499960,424.14469239426
1754500020,425.25561863444
1754500080,426.35507466655
1754500140,427.44527769687
1754500200,428.45846331772
1754500260,429.4327734596
1754500320,430.33686262852
1754500380,431.15794451773
1754500440,431.88443672334
1754500500,432.50615347805
1754500560,433.0144688371
1754500620,433.40245624445
1754500680,433.66499899485
1754500740,433.79887056879
1754500800,433.80278369685
1754500860,433.67740747247
1754500920,433.42535229455
1754500980,433.05112288396
1754501040,432.56103971356
1754501100,431.96313214159
1754501160,431.26699973533
1754501220,430.48365044971
1754501280,429.62531341366
1754501340,428.70523107719
1754501400,427.73743375795
1754501460,426.71962194189
1754501520,425.70025277041
1754501580,424.67779569548
1754501640,423.66695541066
1754501700,422.68197061914
1754501760,421.73636595311
1754501820,420.84272361306
1754501880,420.01246896549
1754501940,419.25567839878
1754502000,418.58091259103
1754502060,417.99507855999
1754502120,417.50332330707
1754502180,417.10896122912
1754502240,416.81343677024
1754502300,416.61632294105
1754502360,416.51535632441
1754502420,416.50650594377
1754502480,416.58407707393
1754502540,416.74084559048
1754502600,416.96822088141
1754502660,417.25643369465
1754502720,417.5947449919
1754502780,417.9716715125
1754502840,418.3752234904
1754502900,418.79314981363
1754502960,419.21318614657
1754503020,419.62329961606
1754503080,420.01192973083
1754503140,420.36821551397
1754503200,420.68220903904
1754503260,420.9450699521
1754503320,421.14923793593
1754503380,421.28858021882
1754503440,421.35851168611
1754503500,421.3560856288
1754503560,421.28005365342
1754503620,421.13089377665
1754503680,420.91080606272
1754503740,420.62367682042
1754503800,420.27500956645
1754503860,419.9424690371
1754503920,419.42254182813
1754503980,418.93680411046
1754504040,418.42531947528
1754504100,417.89964923864
1754504160,417.37199101044
1754504220,416.85494520203
1754504280,416.36127135385
1754504340,415.90363842298
1754504400,415.49437546225
1754504460,415.14522290873
1754504520,414.86709546196
1754504580,414.66985659651
1754504640,414.56211117874
1754504700,414.55168819136
1754504760,414.64455012321
1754504820,414.80286573243
1754504880,415.09179552861
1754504940,415.48896143359
1754505000,415.99282871985
1754505060,416.59994553158
1754505120,417.30498302957
1754505180,418.10080867967
1754505240,418.97859841678
1754505300,419.92797596679
1754505360,420.93718338722
1754505420,421.99327667021
1754505480,423.08234293709
1754505540,424.18973495042
1754505600,425.30031841329
1754505660,426.39872737737
1754505720,427.4696230364
1754505780,428.49795123415
1754505840,429.46919478475
1754505900,430.36961246544
1754505960,431.18647033587
1754506020,431.90824862127
1754506080,432.52483074189
1754506140,433.02766757807
1754506200,433.40991516147
1754506260,433.66654375624
1754506320,433.79441674878
1754506380,433.79233822461
1754506440,433.66106857245
1754506500,433.40330770499
1754506560,433.02364736794
1754506620,432.52849045346
1754506680,431.92594197429
1754506740,431.22567094888
1754506800,430.4387461584
1754506860,429.57744817274
1754506920,428.6550605948
1754506980,427.68564387027
1754507040,426.68379537543
1754507100,425.66439981809
1754507160,424.64237357244
1754507220,423.59912183359
1754507280,422.64873104987
1754507340,421.70483068504
1754507400,420.81325922873
1754507460,419.98540241858
1754507520,419.2312915518
1754507580,418.55943758662
1754507640,417.97669412023
1754507700,417.48815203682
1754507760,417.09138592289
1754507820,416.80482792732
1754507880,416.60853894865
1754507940,416.51226924893
1754508000,416.50787263248
1754508060,416.58957806382
1754508120,416.7182186831
1754508180,416.98076366049
1754508240,417.27177176088
1754508300,417.61233645293
1754508360,417.9909444683
1754508420,418.39558779167
1754508480,418.81400795109
1754508540,419.2339455122
1754508600,419.64338460804
1754508660,420.03079200166
1754508720,420.38534473633
1754508780,420.697142589
1754508840,420.95740162623
1754508900,421.15862555616
1754508960,421.29475199946
1754509020,421.36127125995
1754509080,421.3553156516
1754509140,421.27571785157
1754509200,421.12303774621
1754509260,420.89955639609
1754509320,420.60923824966
1754509380,420.25766149744
1754509440,419.8519178631
1754509500,419.40048337934
1754509560,418.91306221742
1754509620,418.40040611693
1754509680,417.87411241987
1754509740,417.34640414128
1754509800,416.82145470984
1754509860,416.33734954463
1754509920,415.88142588863
1754509980,415.47443223733
1754510040,415.12807716738
1754510100,414.85323231133
1754510160,414.65970791823
1754510220,414.55604640616
1754510280,414.5493381763
1754510340,414.645063562
1754510400,414.84696428968
1754510460,415.15694748309
1754510520,415.57502293909
1754510580,416.09927837098
1754510640,416.72588909181
1754510700,417.44916491974
1754510760,418.26163227506
1754510820,419.15414996412
1754510880,420.13260917417
1754510940,421.13534439239
1754511000,422.19886256034
1754511060,423.31093571551
1754511120,424.42012881898
1754511180,425.52925869131
1754511240,426.62294399919
1754511300,427.68588575408
1754511360,428.70312395238
1754511420,429.66028745681
1754511480,430.5438328603
1754511540,431.34126836719
1754511600,432.04135907231
1754511660,432.6343104022
1754511720,433.11192717708
1754511780,433.46774414198
1754511840,433.69713064339
1754511900,433.79736154313
1754511960,433.76765836342
1754512020,433.60919801837
1754512080,433.32508939415
1754512140,432.92031814205
1754512200,432.40166051017
1754512260,431.77756749743
1754512320,431.05802106796
1754512380,430.25436404625
1754512440,429.3791096552
1754512500,428.44572549576
1754512560,427.468406211
1754512620,426.46183064511
1754512680,425.44091072722
1754512740,424.4205359215
1754512800,423.41531778438
1754512860,422.43933927863
1754512920,421.50591351377
1754512980,420.62735650346
1754513040,419.81477782979
1754513100,419.0778965137
1754513160,418.42487775278
1754513220,417.86220469413
1754513280,417.39457959366
1754513340,417.02485973768
1754513400,416.7540288519
1754513460,416.5812045383
1754513520,416.50368150935
1754513580,416.51700962404
1754513640,416.61510499185
1754513700,416.79039172146
1754513760,417.03397145292
1754513820,417.33581601993
1754513880,417.68498178916
1754513940,418.06983801074
1754514000,418.47830693712
1754514060,418.89811008073
1754514120,419.31701599555
1754514180,419.72308489859
1754514240,420.11100188267
1754514300,420.45724993096
1754514360,420.7587449926
1754514420,421.00696430066
1754514480,421.19470690907
1754514540,421.31623342633
1754514600,421.36737885678
1754514660,421.34563542791
1754514720,421.25020427595
1754514780,421.08201514412
1754514840,420.84371375467
1754514900,420.53961702373
1754514960,420.17563679638
1754515020,419.75917298982
1754515080,419.29897957111
1754515140,418.80500125474
1754515200,418.28818917705
1754515260,417.7602945227
1754515320,417.23364523544
1754515380,416.7209094502
1754515440,416.23484987494
1754515500,415.78807361669
1754515560,415.39278213707
1754515620,415.0605261281
1754515680,414.80196996203
1754515740,414.62667135938
1754515800,414.54287829453
1754515860,414.55735082804
1754515920,414.67520889056
1754515980,414.89981042574
1754516040,415.23266234406
1754516100,415.67336625835
1754516160,416.21960023494
1754516220,416.86713702379
1754516280,417.60989844755
1754516340,418.44004544162
1754516400,419.34809845994
1754516460,420.32309423985
1754516520,421.35276463989
1754516580,422.42374212953
1754516640,423.52178462618
1754516700,424.63201581516
1754516760,425.73917634891
1754516820,426.82788121564
1754516880,427.88287856458
1754516940,428.88930536378
1754517000,429.83293543991
1754517060,430.7004162475
1754517120,431.47948708383
1754517180,432.1591838118
1754517240,432.73855956587
1754517300,433.19065951538
1754517360,433.51983324561
1754517420,433.72185186698
1754517480,433.79440368184
1754517540,433.73712815031
1754517600,433.55161757579
1754517660,433.2413874294
1754517720,432.81181369038
1754517780,432.27004062431
1754517840,431.62485872212
1754517900,430.88655521099
1754517960,430.06673933449
1754518020,429.17814511252
1754518080,428.23441470405
1754518140,427.24986588094
1754518200,426.23924746889
1754518260,425.21748622784
1754518320,424.19943369158
1754518380,423.19960722766
1754518440,422.23194372535
1754518500,421.309560274
1754518560,420.4445305041
1754518620,419.64768026513
1754518680,418.9284066884
1754518740,418.29452426977
1754518800,417.75214109753
1754518860,417.3055677536
1754518920,416.95726074712
1754518980,416.70780148086
1754519040,416.55591199718
1754519100,416.49850476775
1754519160,416.53076871222
1754519220,416.64628688654
1754519280,416.83718441446
1754519340,417.0943032936
1754519400,417.40740038822
1754519460,417.76536449832
1754519520,418.1564480757
1754519580,418.56850894704
1754519640,418.9892575804
1754519700,419.4065034466
1754519760,419.80840007724
1754519820,420.18367866127
1754519880,420.52187020337
1754519940,420.81351063856
1754520000,421.05032564042
1754520060,421.22539198892
1754520120,421.3332728064
1754520180,421.37012443584
1754520240,421.3337732187
1754520300,421.22376082594
1754520360,421.04135793859
1754520420,420.78954480557
1754520480,420.47296042743
1754520540,420.09782015842
1754520600,419.67180335304
1754520660,419.20391278797
1754520720,418.70430812643
1754520780,418.17533873282
1754520840,417.64640258504
1754520900,417.12138823473
1754520960,416.61300684029
1754521020,416.13400985916
1754521080,415.6969399178
1754521140,415.31388105362
1754521200,414.99621526037
1754521260,414.75438977115
1754521320,414.59769975207
1754521380,414.53409085397
1754521440,414.56998573571
1754521500,414.71013823227
1754521560,414.95751850538
1754521620,415.31323054756
1754521680,415.77646652561
1754521740,416.34449572061
1754521800,417.01269066448
1754521860,417.77458913689
1754521920,418.62199089909
1754521980,419.54508718298
1754522040,420.53262028375
1754522100,421.57207001147
1754522160,422.64986325359
1754522220,423.75160249794
1754522280,424.86230961374
1754522340,425.96667577942
1754522400,427.04932404128
1754522460,428.09506486072
1754522520,429.08915125433
1754522580,430.01752465064
1754522640,430.86704806185
1754522700,431.62572274173
1754522760,432.28288486349
1754522820,432.82937914904
1754522880,433.25770680402
1754522940,433.56214571548
1754523000,433.73884010274
1754523060,433.78586118333
1754523120,433.70323392684
1754523180,433.49293280801
1754523240,433.15884525592
1754523300,432.70670359922
1754523360,432.14398652217
1754523420,431.47979150255
1754523480,430.72468015434
1754523540,429.89049884067
1754523600,428.99017672773
1754523660,428.03750818818
1754523720,427.04691395258
1754523780,426.03319704365
1754523840,425.01128872221
1754523900,423.99599243134
1754523960,423.00172975163
1754524020,422.04229303671
1754524080,421.13060937831
1754524140,420.27852043009
1754524200,419.49658239515
1754524260,418.79388970862
1754524320,418.16843280791
1754524380,417.64654130658
1754524440,417.22113630912
1754524500,416.89427247539
1754524560,416.6661297355
1754524620,416.5350361254
1754524680,416.49752608592
1754524740,416.54843290925
1754524800,416.6810132968
1754524860,416.88710149074
1754524920,417.15728876671
1754524980,417.48112670805
1754525040,417.84734728227
1754525100,418.24409721058
1754525160,418.65918121923
1754525220,419.08030953299
1754525280,419.49534487383
1754525340,419.89254433927
1754525400,420.26079172885
1754525460,420.58981615367
1754525520,420.87039326244
1754525580,421.09452456427
1754525640,421.25559455462
1754525700,421.34849926454
1754525760,421.36974703535
1754525820,421.3175286788
1754525880,421.19175608669
1754525940,420.99406865231
1754526000,420.72780737334
1754526060,420.3979570143
1754526120,420.01105721411
1754526180,419.57508362108
1754526240,419.09930275803
1754526300,418.59409850891
1754526360,418.0707789357
1754526420,417.54136237467
1754526480,417.01834818952
1754526540,416.51447594608
1754526600,416.04247735471
1754526660,415.61482556283
1754526720,415.24348653723
1754526780,414.93967734301
1754526840,414.7136360938
1754526900,414.57440814796
1754526960,414.52965338143
1754527020,414.58547731092
1754527080,414.74629153186
1754527140,415.01470492201
1754527200,415.39144867568
1754527260,415.87533671882
1754527320,416.47391671227
1754527380,417.15023177747
1754527440,417.92943232736
1754527500,418.79233656438
1754527560,419.72883821446
1754527620,420.72741483575
1754527680,421.77532291431
1754527740,422.87708658752
1754527800,423.98184405577
1754527860,425.09233128357
1754527920,426.19320474564
1754527980,427.2691058712
1754528040,428.30491907297
1754528100,429.28602468057
1754528160,430.19854300997
1754528220,431.02956191226
1754528280,431.76735312265
1754528340,432.4015617501
1754528400,432.92337525664
1754528460,433.32566559697
1754528520,433.60310304553
1754528580,433.75224005582
1754528640,433.77156395557
1754528700,433.66151774373
1754528760,433.42448871772
1754528820,433.06476484136
1754528880,432.58846111693
1754528940,432.00341324212
1754529000,431.3190449626
1754529060,430.54620771143
1754529120,429.6969962815
1754529180,428.78454321381
1754529240,427.82279518648
1754529300,426.82627506131
1754529360,425.80983357444
1754529420,424.78839493601
1754529480,423.77670014639
1754529540,422.7890567001
1754529600,421.83908917702
1754529660,420.9395089627
1754529720,420.10189735676
1754529780,419.33651041014
1754529840,418.65210869851
1754529900,418.05581546819
1754529960,417.55300604391
1754530020,417.14723075913
1754530080,416.84017297554
1754530140,416.63164291009
1754530200,416.5196080351
1754530260,416.50025741187
1754530320,416.56810128664
1754530380,416.71610151803
1754530440,416.93583098496
1754530500,417.21765840919
1754530560,417.55095471858
1754530620,417.92431669662
1754530680,418.32580338931
1754530740,418.74318057328
1754530800,419.1641685263
1754530860,419.5766886496
1754530920,419.96910270437
1754530980,420.33044442429
1754531040,420.65063383334
1754531100,420.92067469816
1754531160,421.13283005251
1754531220,421.28077311943
1754531280,421.35971112857
1754531340,421.36597059815
1754531400,421.29786888571
1754531460,421.15639917615
1754531520,420.94356866069
1754531580,420.66307652898
1754531640,420.32024937366
1754531700,419.92194581575
1754531760,419.47643182606
1754531820,418.99322873235
1754531880,418.4829363831
1754531940,417.95703439934
1754532000,417.42766488005
1754532060,416.90740032295
1754532120,416.40900054885
1754532180,415.94516500331
1754532240,415.52828007001
1754532300,415.17017287888
1754532360,414.88187133343
1754532420,414.67337715918
1754532480,414.55345622375
1754532540,414.52945045212
1754532600,414.60711528221
1754532660,414.79048612445
1754532720,415.08177671417
1754532780,415.48131189451
1754532840,415.98749459282
1754532900,416.59681194944
1754532960,417.3038752101
1754533020,418.10149641672
1754533080,418.98079887545
1754533140,419.93135936829
1754533200,420.94137920311
1754533260,421.99788063854
1754533320,423.08692475789
1754533380,424.21236152116
1754533440,425.30350309791
1754533500,426.40052663899
1754533560,427.46958743988
1754533620,428.49564840624
1754533680,429.46421719151
1754533740,430.36158732554
1754533800,431.17506504326
1754533860,431.8931781284
1754533920,432.50586346585
1754533980,433.00463040496
1754534040,433.38269746784
1754534100,433.6351005086
1754534160,433.7587699135
1754534220,433.75257806617
1754534280,433.61735304095
1754534340,433.35586110392
1754534400,432.97275711585
1754534460,432.47450379278
1754534520,431.86926102695
1754534580,431.16674692626
1754534640,430.37807267842
1754534700,429.5155537837
1754534760,428.59250062075
1754534820,427.60652172346
1754534880,426.60475824403
1754534940,425.58627863753
1754535000,424.56598830519
1754535060,423.55855551218
1754535120,422.57815963837
1754535180,421.6382481083
1754535240,420.7513066109
1754535300,419.92864705496
1754535360,419.18021696149
1754535420,418.51443700249
1754535480,417.93806260223
1754535540,417.45608242418
1754535600,417.07164818375
1754535660,416.78604031824
1754535720,416.59866964894
1754535780,416.507114929
1754535840,416.50719540278
1754535900,416.5930767587
1754535960,416.75740815885
1754536020,416.99148739484
1754536080,417.28545088047
1754536140,417.62848325742
1754536200,418.00904536061
1754536260,418.41511199567
1754536320,418.83441769479
1754536380,419.25470457939
1754536440,419.66396780623
1754536500,420.05069404148
1754536560,420.40408863323
1754536620,420.71428744548
1754536680,420.97254966718
1754536740,421.1714284166
1754536800,421.30491556321
1754536860,421.36856026984
1754536920,421.35955664503
1754536980,421.2768011886
1754537040,421.12091820916
1754537100,420.89425293797
1754537160,420.60083241813
1754537220,420.24629475578
1754537280,419.83778782683
1754537340,419.3838390333
1754537400,418.89419785715
1754537460,418.37965578995
1754537520,417.85184166111
1754537580,417.32300240973
1754537640,416.80576824202
1754537700,416.31290828078
1754537760,415.85708084155
1754537820,415.45058299289
1754537880,415.10510417944
1754537940,414.83148871392
1754538000,414.6395118693
1754538060,414.53767408387
1754538120,414.53301782219
1754538180,414.63097007109
1754538240,414.83521521461
1754538300,415.14759985755
1754538360,415.56807223284
1754538420,416.10431335479
1754538480,416.62283607508
1754538540,417.33409094938
1754538600,418.13553166947
1754538660,419.01820605837
1754538720,419.97162281817
1754538780,420.98392385854
1754538840,422.04208182512
1754538900,423.13211962035
1754538960,424.23934319346
1754539020,425.34859408553
1754539080,426.44450238142
1754539140,427.51174629507
1754539200,428.53530936774
1754539260,429.50073148442
1754539320,430.39434941504
1754539380,431.20352287325
1754539440,431.91684242524
1754539500,432.52431596028
1754539560,433.01753113669
1754539620,433.38978952953
1754539680,433.63621525583
1754539740,433.75382989948
1754539800,433.74159782485
1754539860,433.60043911245
1754539920,433.33321032885
1754539980,432.94465343476
1754540040,432.44131359751
1754540100,431.83142713199
1754540160,431.12478124991
1754540220,430.3325471874
1754540280,429.46709257377
1754540340,428.54176790018
1754540400,427.57068112834
1754540460,426.55157350352
1754540520,425.54998345845
1754540580,424.53016320214
1754540640,423.52365122455
1754540700,422.54460664787
1754540760,421.60644932237
1754540820,420.72163053204
1754540880,419.90142156932
1754540940,419.15572387236
1754541000,418.49290740918
1754541060,417.91967323734
1754541120,417.44095300602
1754541180,417.05983984732
1754541240,416.7775551547
1754541300,416.59345136159
1754541360,416.50505059019
1754541420,416.50811827247
1754541480,416.59893257132
1754541540,416.76700514
1754541600,417.00436771142
1754541660,417.3011056051
1754541720,417.64636339102
1754541780,418.02857241498
1754541840,418.43568977661
1754541900,418.85544412517
1754541960,419.27558351488
1754542020,419.68412062301
1754542080,420.06957078481
1754542140,420.42117852771
1754542200,420.72912877361
1754542260,420.98473786356
1754542320,421.18062416498
1754542380,421.31085126694
1754542440,421.37104457836
1754542500,421.35847811986
1754542560,421.27213032041
1754542620,421.11270790812
1754542680,420.88263748954
1754542740,420.58602492044
1754542800,420.22858307903
1754542860,419.81752886694
1754542920,419.36145277921
1754542980,418.87015891782
1754543040,418.35448357202
1754543100,417.8260913394
1754543160,417.29725384368
1754543220,416.78061464305
1754543280,416.28894451777
1754543340,415.83489160057
1754543400,415.43073101502
1754543460,415.08811880413
1754543520,414.81785479922
1754543580,414.62966014084
1754543640,414.53197138361
1754543700,414.53175907879
1754543760,414.63437180449
1754543820,414.84341016977
1754543880,415.16063332148
1754543940,415.58590001744
1754544000,416.11714559915
1754544060,416.75039542967
1754544120,417.47981457899
1754544180,418.29779276498
1754544240,419.19506343912
1754544300,420.16085087523
1754544360,421.18305138128
1754544420,422.24843298362
1754544480,423.34285847983
1754544540,424.45152398917
1754544600,425.55920899384
1754544660,426.65053316939
1754544720,427.7102152854
1754544780,428.72332953565
1754544840,429.6755548196
1754544900,430.55341329401
1754544960,431.34449082378
1754545020,432.03764445244
1754545080,432.63198062609
1754545140,433.09983077997
1754545200,433.44554451262
1754545260,433.66464628924
1754545320,433.7545706278
1754545380,433.71470022776
1754545440,433.54637186232
1754545500,433.25285082525
1754545560,432.83927242154
1754545620,432.31255363342
1754545680,431.68127479939
1754545740,430.95553358968
1754545800,430.1467734301
1754545860,429.26758903027
1754545920,428.33151208732
1754545980,427.35278062552
1754546040,426.34609578571
1754546100,425.3263701862
1754546160,424.30847154883
1754546220,423.30697023131
1754546280,422.33588507138
1754546340,421.4084459032
1754546400,420.53686704462
1754546460,419.73214025786
1754546520,418.9924080719
1754546580,418.36001880554
1754546640,417.80697355258
1754546700,417.34925596322
1754546760,416.98955854635
1754546820,416.72869951605
1754546880,416.56563392909
1754546940,416.49749888318
1754547000,416.51969521151
1754547060,416.62600109103
1754547120,416.80871626765
1754547180,417.05883359611
1754547240,417.3662342686
1754547300,417.71990267062
1754547360,418.1081564705
1754547420,418.51888732352
1754547480,418.93980773608
1754547540,419.35869763343
1754547600,419.76365022058
1754547660,420.14330694852
1754547720,420.48708157217
1754547780,420.78536765182
1754547840,421.02972618494
1754547900,421.21305017952
1754547960,421.32970341856
1754548020,421.37563112864
1754548080,421.34844074626
1754548140,421.24745137696
1754548200,421.07371164167
1754548260,420.8299844631
1754548320,420.52070035246
1754548380,420.15187901483
1754548440,419.73102079672
1754548500,419.26696964859
1754548560,418.76124336905
1754548620,418.24160137447
1754548680,417.71181397645
1754548740,417.18425340451
1754548800,416.67161320908
1754548860,416.18665992081
1754548920,415.74198409868
1754548980,415.34975012031
1754549040,415.02145164825
1754549100,414.76767721294
1754549160,414.59789060652
1754549220,414.52023057131
1754549280,414.5413339459
1754549340,414.66618600618
1754549400,414.89800121201
1754549460,415.23813722204
1754549520,415.68604257311
1754549580,416.23924280111
1754549640,416.89336083845
1754549700,417.64217454276
1754549760,418.47770897922
1754549820,419.39036175881
1754549880,420.36905886418
1754549940,421.40143779106
1754550000,422.47405431685
1754550060,423.62922302019
1754550120,424.73418078056
1754550180,425.83471700801
1754550240,426.9154747869
1754550300,427.96125080065
1754550360,428.95725115204
1754550420,429.88933848111
1754550480,430.74426693685
1754550540,431.5099011289
1754550600,432.17541554258
1754550660,432.7314712936
1754550720,433.17036751877
1754550780,433.48616530733
1754550840,433.67478125537
1754550900,433.73405225887
1754550960,433.6637664027
1754551020,433.46566290866
1754551080,433.14339973151
1754551140,432.70248954943
1754551200,432.15020510166
1754551260,431.49545528442
1754551320,430.74863386852
1754551380,429.92144314659
1754551440,429.02669462925
1754551500,428.0780936263
1754551560,427.0900021191
1754551620,426.07719584263
1754551680,425.05461083181
1754551740,424.03708736971
1754551800,423.03911534076
1754551860,422.07458565565
1754551920,421.15655240766
1754551980,420.28324328505
1754552040,419.49416091359
1754552100,418.78373520578
1754552160,418.15963513302
1754552220,417.62781317663
1754552280,417.1924164976
1754552340,416.85573333081
1754552400,416.61817512311
1754552460,416.47829472706
1754552520,416.43284019027
1754552580,416.47829892133
1754552640,416.60373827845
1754552700,416.80551614563
1754552760,417.07289732974
1754552820,417.39553425542
1754552880,417.76222905756
1754552940,418.16116655445
1754553000,418.58015672573
1754553060,419.00688205499
1754553120,419.42914499141
1754553180,419.83511088411
1754553240,420.21354192704
1754553300,420.55401791069
1754553360,420.84714007625
1754553420,421.08471344901
1754553480,421.25990742938
1754553540,421.3673880333
1754553600,421.40342264745
1754553660,421.36595434605
1754553720,421.25464477717
1754553780,421.07088491497
1754553840,420.81777348199
1754553900,420.50006335313
1754553960,420.12407676103
1754554020,419.69759062644
1754554080,419.22969350859
1754554140,418.73061841702
1754554200,418.21154947233
1754554260,417.68441193896
1754554320,417.16164459539
1754554380,416.65596027389
1754554440,416.18009857666
1754554500,415.74657532228
1754554560,415.36743344418
1754554620,415.05400014274
1754554680,414.81665507371
1754554740,414.66461416109
1754554800,414.60573395586
1754554860,414.64633923415
1754554920,414.79107953702
1754554980,415.04281605373
1754555040,415.40254205143
1754555100,415.86933848999
1754555160,416.44036584463
1754555220,417.11089238253
1754555280,417.87435835788
1754555340,418.72247482498
1754555400,419.6453556859
1754555460,420.63167647193
1754555520,421.66886600166
1754555580,422.74331473076
1754555640,423.85900164555
1754555700,424.96415251158
1754555760,426.06161234299
1754555820,427.13603535134
1754555880,428.17228505101
1754555940,429.15568800218
1754556000,430.07227926149
1754556060,430.90903182592
1754556120,431.6540753884
1754556180,432.2968886393
1754556240,432.82847144518
1754556300,433.24149050299
1754556360,433.53039693849
1754556420,433.69151413233
1754556480,433.72309451498
1754556540,433.62534453452
1754556600,433.40041746316
1754556660,433.05237389872
1754556720,432.58711211641
1754556780,432.01226560772
1754556840,431.33707399947
1754556900,430.57222600434
1754556960,429.72967804424
1754557020,428.82245118305
1754557080,427.86440960318
1754557140,426.87002423725
1754557200,425.85412550212
1754557260,424.83164936877
1754557320,423.81738122522
1754557380,422.8257014855
1754557440,421.87034157262
1754557500,420.96414497083
1754557560,420.11885120372
1754557620,419.34489697106
1754557680,418.65124242309
1754557740,418.04522540096
1754557800,417.53244661042
1754557860,417.11668807656
1754557920,416.79986654037
1754557980,416.58202272178
1754558040,416.46134655921
1754558100,416.4342381695
1754558160,416.49540211571
1754558220,416.63797450705
1754558280,416.85367882003
1754558340,417.13300772907
1754558400,417.46542701443
1754558460,417.83959733517
1754558520,418.2436093658
1754558580,418.66522761464
1754558640,419.10631720747
1754558700,419.51219588942
1754558760,419.91366482364
1754558820,420.28545154303
1754558880,420.61732169428
1754558940,420.90010015833
1754559000,421.12584969433
1754559060,421.28802533874
1754559120,421.38255868386
1754559180,421.40291041576
1754559240,421.34952273293
1754559300,421.22242793196
1754559360,421.02338609344
1754559420,420.75585609214
1754559480,420.42493552679
1754559540,420.03726933955
1754559600,419.6009289691
1754559660,419.1252639022
1754559720,418.6207280319
1754559780,418.09868369416
1754559840,417.57118669199
1754559900,417.05075601842
1754559960,416.5501320193
1754560020,416.08202934561
1754560080,415.65888427708
1754560140,415.29260791486
1754560200,414.99434494623
1754560260,414.77424480055
1754560320,414.64124947169
1754560380,414.60290237079
1754560440,414.66518220897
1754560500,414.83236544169
1754560560,415.10692024372
1754560620,415.48943463125
1754560680,415.97857866065
1754560740,416.5711055935
1754560800,417.26188697302
1754560860,418.04398457839
1754560920,418.90875640324
1754560980,419.84599470557
1754561040,420.84409330578
1754561100,421.89024074064
1754561160,422.97063540459
1754561220,424.07071843666
1754561280,425.17542058357
1754561340,426.26941392575
1754561400,427.33737487898
1754561460,428.36423893235
1754561520,429.33545371938
1754561580,430.23722163059
1754561640,431.05672864607
1754561700,431.78235565598
1754561760,432.40386890981
1754561820,432.91258664086
1754561880,433.30151934068
1754561940,433.56548160278
1754562000,433.70117395624
1754562060,433.70723314949
1754562120,433.58425132862
1754562180,433.33476204387
1754562240,432.96319489074
1754562300,432.47579874723
1754562360,431.88053488363
1754562420,431.18694154291
1754562480,430.40597203954
1754562540,429.54980886399
1754562600,428.63165670399
1754562660,427.6655170337
1754562720,426.64909384771
1754562780,425.63079043718
1754562840,424.60910450198
1754562900,423.59875485577
1754562960,422.61400238286
1754563020,421.66840550128
1754563080,420.77458832714
1754563140,419.94402601571
1754563200,419.18685149878
1754563260,418.51168705268
1754563320,417.92550669585
1754563380,417.43352559786
1754563440,417.03912778068
1754563500,416.74382666989
1754563560,416.54726209227
1754563620,416.44723323263
1754563680,416.43976677402
1754563740,416.51921869717
1754563800,416.67840750868
1754563860,416.90877602423
1754563920,417.2005784817
1754563980,417.54308781943
1754564040,417.92482188579
1754564100,418.33378008658
1754564160,418.75768862317
1754564220,419.18424845873
1754564280,419.60138147311
1754564340,419.99747022644
1754564400,420.3615869673
1754564460,420.68370780689
1754564520,420.95490832392
1754564580,421.16753737641
1754564640,421.31536542874
1754564700,421.39440423926
1754564760,421.39951220813
1754564820,421.33142867062
1754564880,421.18983098053
1754564940,420.97681826649
1754565000,420.69617934508
1754565060,420.35332615476
1754565120,419.9551964748
1754565180,419.5101274583
1754565240,419.02770166763
1754565300,418.51857010138
1754565360,417.99425024681
1754565420,417.46690905018
1754565480,416.94912977304
1754565540,416.45366876667
1754565600,415.99320627024
1754565660,415.58009586574
1754565720,415.22611735565
1754565780,414.94223786936
1754565840,414.73838594367
1754565900,414.62324315479
1754565960,414.60405762294
1754566020,414.68648325053
1754566080,414.87444808563
1754566140,415.17005493229
1754566200,415.5735160255
1754566260,416.08312345105
1754566320,416.69525597008
1754566380,417.40442217241
1754566440,418.21736589695
1754566500,419.0983337539
1754566560,420.04940578808
1754566620,421.0587021972
1754566680,422.11318161812
1754566740,423.19886099763
1754566800,424.30105169822
1754566860,425.40460785204
1754566920,426.49418227533
1754566980,427.55448522218
1754567040,428.5705413193
1754567100,429.52794017266
1754567160,430.41307636153
1754567220,431.21337532983
1754567280,431.91749841752
1754567340,432.51553167512
1754567400,432.99914483145
1754567460,433.36172620741
1754567520,433.5984882455
1754567580,433.7065426927
1754567640,433.68494436825
1754567700,433.5347029103
1754567760,433.25876235824
1754567820,432.8619488905
1754567880,432.35088711947
1754567940,431.73388839124
1754568000,431.02080744323
1754568060,430.22287644107
1754568120,429.3525140046
1754568180,428.42311413266
1754568240,427.4488181153
1754568300,426.44427318857
1754568360,425.42438200386
1754568420,424.40404724567
1754568480,423.39791592642
1754568540,422.42012736063
1754568600,421.48407338306
1754568660,420.60216561554
1754568720,419.7856273683
1754568780,419.04430441278
1754568840,418.38650238629
1754568900,417.81885345481
1754568960,417.3462149553
1754569020,416.97160208938
1754569080,416.69615603088
1754569140,416.51914805856
1754569200,416.43801953222
1754569260,416.44845698422
1754569320,416.54450000951
1754569380,416.71868066619
1754569440,416.96219042798
1754569500,417.26507159984
1754569560,417.61642911763
1754569620,418.00465838712
1754569680,418.41768457406
1754569740,418.84320861923
1754569800,419.26895521939
1754569860,419.68291807811
1754569920,420.07359813514
1754569980,420.43022892493
1754570040,420.74298895007
1754570100,421.0070395689
1754570160,421.20625111009
1754570220,421.33950549134
1754570280,421.40246082939
1754570340,421.39242698453
1754570400,421.30842031698
1754570460,421.1511863838
1754570520,420.92319092067
1754570580,420.62857752197
1754570640,420.27309476481
1754570700,419.86399244843
1754570760,419.48829462867
1754570820,418.9206129357
1754570880,418.40701844617
1754570940,417.88078238245
1754571000,417.35418190112
1754571060,416.83985916488
1754571120,416.35057645241
1754571180,415.89896598084
1754571240,415.49728087159
1754571300,415.15714755112
1754571360,414.88933048083
1754571420,414.70350929552
1754571480,414.60807475792
1754571540,414.60994743943
1754571600,414.71442294646
1754571660,414.92504700358
1754571720,415.24352310611
1754571780,415.66965478105
1754571840,416.20132415473
1754571900,416.83450508606
1754571960,417.56331615224
1754572020,418.38010532789
1754572080,419.27556977762
1754572140,420.2389063123
1754572200,421.25798976246
1754572260,422.31957566858
1754572320,423.40952325339
1754572380,424.51303431151
1754572440,425.61490342948
1754572500,426.69977555228
1754572560,427.75240184326
1754572620,428.75790010084
1754572680,429.70200066763
1754572740,430.57128458146
1754572800,431.35340563287
1754572860,432.03729348061
1754572920,432.61333462946
1754572980,433.07352849052
1754573040,433.41618863625
1754573100,433.6256173836
1754573160,433.70160316355
1754573220,433.67394340979
1754573280,433.51775461385
1754573340,433.23607104294
1754573400,432.83380638141
1754573460,432.31766781754
1754573520,431.69604218966
1754573580,430.97885327418
1754573640,430.17739334845
1754573700,429.30413148148
1754573760,428.37250157112
1754573820,427.39667353972
1754573880,426.39131145967
1754573940,425.37132269469
1754574000,424.35160172118
1754574060,423.34677726301
1754574120,422.37095711794
1754574180,421.43748906648
1754574240,420.5587321656
1754574300,419.74584696781
1754574360,419.00860812042
1754574420,418.35524309868
1754574480,417.79230034063
1754574540,417.32454947534
1754574600,416.95491568418
1754574660,416.68444937394
1754574720,416.51233269132
1754574780,416.43592013158
1754574840,416.45081590366
1754574900,416.55098346357
1754574960,416.72888604257
1754575020,416.97565493515
1754575080,417.28128198319
1754575140,417.63483224365
1754575200,418.0246724815
1754575260,418.4387108904
1754575320,418.86464359819
1754575380,419.29020147342
1754575440,419.70339685891
1754575500,420.09275995032
1754575560,420.44756481725
1754575620,420.7580393573
1754575680,421.01935544224
1754575740,421.21553986987
1754575800,421.34550506954
1754575860,421.40498618241
1754575920,421.39137345821
1754575980,421.30376559396
1754576040,421.14299097264
1754576100,420.91159661951
1754576160,420.61380501151
1754576220,420.2554393487
1754576280,419.84381846224
1754576340,419.38762301825
1754576400,418.89673516618
1754576460,418.38205425547
1754576520,417.85529169664
1754576580,417.32874846539
1754576640,416.81507879356
1754576700,416.32704630419
1754576760,415.87727191414
1754576820,415.47798510661
1754576880,415.14077813685
1754576940,414.87637006809
1754577000,414.69438499928
1754577060,414.60314900056
1754577120,414.60950996616
1754577180,414.71868418271
1754577240,414.93413289729
1754577300,415.25747182093
1754577360,415.6884141261
1754577420,416.22475164499
1754577480,416.86237043378
1754577540,417.59530349235
1754577600,418.41581843092
1754577660,419.31453847036
1754577720,420.2805942958
1754577780,421.30180366815
1754577840,422.38286862269
1754577900,423.45563203565
1754577960,424.55925242002
1754578020,425.66051707335
1754578080,426.74407083985
1754578140,427.79467842918
1754578200,428.79748094803
1754578260,429.73824429325
1754578320,430.60359592479
1754578380,431.39339921381
1754578440,432.07061290565
1754578500,432.63943463559
1754578560,433.09197239078
1754578620,433.42208221706
1754578680,433.62546776218
1754578740,433.69974602345
1754578800,433.64448311698
1754578860,433.46119759998
1754578920,433.15333166751
1754578980,432.72619066426
1754579040,432.18685181299
1754579100,431.54404351958
1754579160,430.80799706779
1754579220,429.99027238995
1754579280,429.10356400075
1754579340,428.16148182406
1754579400,427.17832140878
1754579460,426.16881925532
1754579520,425.14790059209
1754579580,424.13042347139
1754579640,423.13092375228
1754579700,422.16336563187
1754579760,421.24090239063
1754579820,420.37565192166
1754579880,419.57849090551
1754579940,418.85887480844
1754580000,418.22467944987
1754580060,417.68207800856
1754580120,417.23544786648
1754580180,416.88731249029
1754580240,416.6383189605
1754580300,416.48725155869
1754580360,416.43108105181
1754580420,416.46504854933
1754580480,416.58278207806
1754580540,416.7764434928
1754580600,417.03690169997
1754580660,417.35393061152
1754580720,417.7164251098
1754580780,418.1126324486
1754580840,418.5303937699
1754580900,418.95739109724
1754580960,419.38139505402
1754581020,419.7905086429
1754581080,420.17950068404
1754581140,420.52493984023
1754581200,420.82392838608
1754581260,421.06812778174
1754581320,421.25054677704
1754581380,421.36567779647
1754581440,421.40960477662
1754581500,421.38008094497
1754581560,421.27657527822
1754581620,421.10028688026
1754581680,420.85412702626
1754581740,420.54266912766
1754581800,420.17206738052
1754581860,419.74994506574
1754581920,419.28525603112
1754581980,418.78811726501
1754582040,418.26962097129
1754582100,417.741625133
1754582160,417.21652778642
1754582220,416.70702869533
1754582280,416.22588270123
1754582340,415.78564927908
1754582400,415.39844300588
1754582460,415.07568973935
1754582520,414.82789315802
1754582580,414.66441723436
1754582640,414.59328672553
1754582700,414.62101316264
1754582760,414.75244739034
1754582820,414.99066292678
1754582880,415.33687249498
1754582940,415.79037957772
1754583000,416.34856610503
1754583060,417.00691660915
1754583120,417.75907839933
1754583180,418.5969571295
1754583240,419.51084232931
1754583300,420.48956886242
1754583360,421.52069983048
1754583420,422.59073550776
1754583480,423.68534090958
1754583540,424.78958809544
1754583600,425.88820857945
1754583660,426.96585113213
1754583720,428.00734026991
1754583780,428.99793083203
1754583840,429.92355482575
1754583900,430.79781308126
1754583960,431.54019026226
1754584020,432.19490786251
1754584080,432.73941959217
1754584140,433.16619823527
1754584200,433.46948889715
1754584260,433.6454002514
1754584320,433.69196487332
1754584380,433.60916781133
1754584440,433.3989428278
1754584500,433.06513740333
1754584560,432.61344470998
1754584620,432.05130638457
1754584680,431.38778564982
1754584740,430.63341337108
1754584800,429.80000930291
1754584860,428.90048130772
1754584920,427.94860573756
1754584980,426.95879255008
1754585040,425.94583907088
1754585100,424.92467592292
1754585160,423.91011367278
1754585220,422.91658448926
1754585280,421.95789722268
1754585340,421.0470002611
1754585400,420.19576081196
1754585460,419.41476424034
1754585520,418.71313745051
1754585580,418.09839986814
1754585640,417.57634505383
1754585700,417.15095536863
1754585760,416.82435124592
1754585820,416.5967772582
1754585880,416.46662210632
1754585940,416.43047638541
1754586000,416.48322339051
1754586060,416.61816240301
1754586120,416.82716153384
1754586180,417.10083685886
1754586240,417.4346156965
1754586300,417.79964852564
1754586360,418.20165905458
1754586420,418.6225711324
1754586480,419.05006467617
1754586540,419.47196016386
1754586600,419.87646271097
1754586660,420.25239390133
1754586720,420.58941151553
1754586780,420.8782115806
1754586840,421.11406724629
1754586900,421.28245668639
1754586960,421.38256239548
1754587020,421.41082080585
1754587080,421.36535029629
1754587140,421.24599099167
1754587200,421.05431203001
1754587260,420.79358676184
1754587320,420.46873591383
1754587380,420.08623967045
1754587440,419.65402004248
1754587500,419.18129539266
1754587560,418.67840947286
1754587620,418.15663779368
1754587680,417.62797458757
1754587740,417.10490368776
1754587800,416.60015944514
1754587860,416.1264767545
1754587920,415.69634181669
1754587980,415.32174306629
1754588040,415.01392919372
1754588100,414.78317868313
1754588160,414.63858550734
1754588220,414.587865378
1754588280,414.6371865973
1754588340,414.79102910067
1754588400,415.05207493897
1754588460,415.42113140516
1754588520,415.89709130866
1754588580,416.47692784407
1754588640,417.15572666319
1754588700,417.92675363171
1754588760,418.7815570336
1754588820,419.71010212764
1754588880,420.70093530239
1754588940,421.7413744966
1754589000,422.81772206523
1754589060,423.9154966255
1754589120,425.01967495851
1754589180,426.11495040442
1754589240,427.18598826346
1754589300,428.21768455961
1754589360,429.19541919681
1754589420,430.1052998728
1754589480,430.93439265393
1754589540,431.67093543888
1754589600,432.3045309083
1754589660,432.83402198505
1754589720,433.23477693618
1754589780,433.511068907
1754589840,433.65941480103
1754589900,433.6782641743
1754589960,433.56510053613
1754590020,433.33103285779
1754590080,432.97154914234
1754590140,432.49564656656
1754590200,431.91112542123
1754590260,431.22737672818
1754590320,430.4552222209
1754590380,429.60673275285
1754590440,428.69502007775
1754590500,427.7340156676
1754590560,426.73823256663
1754590620,425.72251726038
1754590680,424.7017953303
1754590740,423.69081537014
1754590800,422.70389578269
1754590860,421.7546791318
1754590920,420.85589868665
1754590980,420.01916111789
1754591040,419.25475287801
1754591100,418.57146584778
1754591160,417.9764569523
1754591220,417.4751361042
1754591280,417.07108821452
1754591340,416.7660302749
1754591400,416.55980435758
1754591460,416.45040661268
1754591520,416.43405157222
1754591580,416.50527031774
1754591640,416.65704035704
1754591700,416.88094457646
1754591760,417.1673548932
1754591820,417.50563912784
1754591880,417.88438381888
1754591940,418.29163061082
1754592000,418.71512070807
1754592060,419.14254276203
1754592120,419.56177946629
1754592180,419.9611482607
1754592240,420.32963175303
1754592300,420.65709374472
1754592360,420.9344772523
1754592420,421.15398008851
1754592480,421.30920774887
1754592540,421.39529734616
1754592600,421.4086176924
1754592660,421.34718211362
1754592720,421.21203053303
1754592780,421.00510111606
1754592840,420.73002679716
1754592900,420.39207169142
1754592960,419.9980363899
1754593020,419.55613527824
1754593080,419.07584378707
1754593140,418.56772333885
1754593200,418.04322301831
1754593260,417.51446283614
1754593320,416.99400208904
1754593380,416.49459691676
1754593440,416.02895144916
1754593500,415.60946715923
1754593560,415.24799517908
1754593620,414.95559621512
1754593680,414.7423138977
1754593740,414.61696332954
1754593800,414.58694311534
1754593860,414.65807174489
1754593920,414.83445308831
1754593980,415.1183736902
1754594040,415.51023411749
1754594100,416.00851590022
1754594160,416.60978484493
1754594220,417.30873071989
1754594280,418.09824309044
1754594340,418.96951847413
1754594400,419.91220467675
1754594460,420.91456881019
1754594520,421.96369335823
1754594580,423.04569331581
1754594640,424.14595062759
1754594700,425.24936139589
1754594760,426.34059118009
1754594820,427.40433366456
1754594880,428.42556802511
1754594940,429.38981108781
1754595000,430.28335616902
1754595060,431.09350418128
1754595120,431.80877033734
1754595180,432.4190729645
1754595240,432.91589754834
1754595300,433.29243419201
1754595360,433.54368645642
1754595420,433.6665500009
1754595480,433.65865256871
1754595540,433.52107026522
1754595600,433.25751363833
1754595660,432.87263051292
1754595720,432.37287646846
1754595780,431.76640441092
1754595840,431.06292588518
1754595900,430.27354617995
1754595960,429.41057576448
1754596020,428.47150206792
1754596080,427.51785760825
1754596140,426.51679024775
1754596200,425.49900217782
1754596260,424.47940281443
1754596320,423.47266778335
1754596380,422.49298967784
1754596440,421.55383396439
1754596500,420.66770873961
1754596560,419.84595211406
1754596620,419.09854140966
1754596680,418.43392798555
1754596740,417.85890103475
1754596800,417.3784831302
1754596860,416.99585965615
1754596920,416.71234339914
1754596980,416.52737598884
1754597040,416.43856341942
1754597100,416.44174859738
1754597160,416.53111629808
1754597220,416.69932950509
1754597280,416.93769397255
1754597340,417.23634751857
1754597400,417.58447009482
1754597460,417.97051031663
1754597520,418.38242388368
1754597580,418.80791946107
1754597640,419.23470553465
1754597700,419.65073784993
1754597760,420.04445713146
1754597820,420.40501703524
1754597880,420.72249658289
1754597940,420.98809366251
1754598000,421.19429629412
1754598060,421.3350287875
1754598120,421.40577037751
1754598180,421.40364439907
1754598240,421.32747647835
1754598300,421.17782119868
1754598360,420.95695590588
1754598420,420.66350072287
1754598480,420.31274501451
1754598540,419.90754063927
1754598600,419.45638643524
1754598660,418.96900737846
1754598720,418.4561735219
1754598780,417.92949761236
1754598840,417.40121447411
1754598900,416.88394811155
1754598960,416.39046537028
1754599020,415.93342772542
1754599080,415.5251405058
1754599140,415.17730646585
1754599200,414.9007881544
1754599260,414.70538381161
1754599320,414.59962134459
1754599380,414.59057464217
1754599440,414.68370609211
1754599500,414.88273883387
1754599560,415.18956057643
1754599620,415.60416326637
1754599680,416.12461732197
1754599740,416.74708286439
1754599800,417.4658571214
1754599860,418.2734571571
1754599920,419.16073623675
1754599980,420.11703144055
1754600040,421.13033951369
1754600100,422.18751739888
1754600160,423.27450418907
1754600220,424.37655575344
1754600280,425.47849846461
1754600340,426.56498271041
1754600400,427.62074239279
1754600460,428.63085141892
1754600520,429.58097341497
1754600580,430.4576004045
1754600640,431.24827648779
1754600700,431.94180290337
1754600760,432.5284212375
1754600820,432.99997196108
1754600880,433.35002610065
1754600940,433.57398686262
1754601000,433.66916304869
1754601060,433.63480853371
1754601120,433.47213098576
1754601180,433.18426815657
1754601240,432.77623238539
1754601300,432.25482414507
1754601360,431.62851591777
1754601420,430.90730814225
1754601480,430.10255942191
1754601540,429.36216524374
1754601600,428.4365994279
1754601660,427.46552432316
1754601720,426.4635640417
1754601780,425.44560778697
1754601840,424.42655720334
1754601900,423.42106996723
1754601960,422.44330812163
1754602020,421.50669519133
1754602080,420.62368668912
1754602140,419.80555845671
1754602200,419.06221701168
1754602260,418.40203569485
1754602320,417.83171958428
1754602380,417.35620409653
1754602440,416.97858378983
1754602500,416.70008042794
1754602560,416.52004504945
1754602620,416.43599634028
1754602680,416.44369400517
1754602740,416.53724550354
1754602800,416.70924381763
1754602860,416.95093328796
1754602920,417.25239999973
1754602980,417.60278274544
1754603040,417.99050050358
1754603100,418.41051756495
1754603160,418.82945433796
1754603220,419.25610750464
1754603280,419.67142258516
1754603340,420.06386894827
1754603400,420.42263952497
1754603460,420.73786241773
1754603520,421.00079340888
1754603580,421.20398608575
1754603640,421.34143673181
1754603700,421.40870161237
1754603760,421.4029845654
1754603820,421.323194034
1754603880,421.16996770619
1754603940,420.94566514683
1754604000,420.65432814226
1754604060,420.30160942393
1754604120,419.89467087419
1754604180,419.44205281766
1754604240,418.95351649304
1754604300,418.43986227675
1754604360,417.90389567754
1754604420,417.37561642018
1754604480,416.85895264353
1754604540,416.36667332057
1754604600,415.91142974376
1754604660,415.50550518076
1754604720,415.16056875221
1754604780,414.88743833488
1754604840,414.6958572152
1754604900,414.59428903246
1754604960,414.58973528639
1754605020,414.68757913623
1754605080,414.8914589419
1754605140,415.20317436771
1754605200,415.62262689657
1754605260,416.14779625313
1754605320,416.77475327598
1754605380,417.49770903279
1754605440,418.30909919771
1754605500,419.19970196588
1754605560,420.15878708674
1754605620,421.17429367306
1754605680,422.23302905063
1754605740,423.32089495506
1754605800,424.42312306641
1754605860,425.5245254567
1754605920,426.60975122784
1754605980,427.66354528528
1754606040,428.67100460561
1754606100,429.61782751759
1754606160,430.49055175113
1754606220,431.27677730602
1754606280,431.965370539
1754606340,432.54664660614
1754606400,433.01252526907
1754606460,433.35666337342
1754606520,433.57455426383
1754606580,433.66359872548
1754606640,433.62314396142
1754606700,433.45448785198
1754606760,433.16086693206
1754606820,432.74737294928
1754606880,432.2208913976
1754606940,431.58997079209
1754607000,430.8646794591
1754607060,430.05643658508
1754607120,429.17781534667
1754607180,428.24233094339
1754607240,427.26420981798
1754607300,426.25814667314
1754607360,425.23905294454
1754607420,424.22180109847
1754607480,423.22096930597
1754607540,422.25059114909
1754607600,421.30891144698
1754607660,420.43920363574
1754607720,419.63662481139
1754607780,418.91076403732
1754607840,418.26964572176
1754607900,417.71960151769
1754607960,417.26517459828
1754608020,416.90905826394
1754608080,416.65207011894
1754608140,416.4931622998
1754608200,416.42946746667
1754608260,416.45637955095
1754608320,416.56766724191
1754608380,416.75561816862
1754608440,417.01121030721
1754608500,417.32430712467
1754608560,417.68387240715
1754608620,418.07820036838
1754608680,418.49515641912
1754608740,418.92242385942
1754608800,419.34775173865
1754608860,419.75919920745
1754608920,420.1453721006
1754608980,420.49564596786
1754609040,420.80037544609
1754609100,421.0510811651
1754609160,421.24061495103
1754609220,421.36329897411
1754609280,421.41503681831
1754609340,421.39339466267
1754609400,421.29765125697
1754609460,421.12881587625
1754609520,420.88961394407
1754609580,420.58444029734
1754609640,420.21928211391
1754609700,419.80160952619
1754609760,419.34023974095
1754609820,418.84517389
1754609880,418.32741042757
1754609940,417.78107083488
1754610000,417.27151141329
1754610060,416.75841435914
1754610120,416.27221357032
1754610180,415.82550848265
1754610240,415.43048110667
1754610300,415.09865233143
1754610360,414.84064557083
1754610420,414.66596778122
1754610480,414.58280824785
1754610540,414.59786098396
1754610600,414.71617420825
1754610660,414.94103012815
1754610720,415.28031947148
1754610780,415.72241831548
1754610840,416.26955712597
1754610900,416.9174028007
1754610960,417.6597786728
1754611020,418.48875484878
1754611080,419.39477335327
1754611140,420.36680345874
1754611200,421.3925243689
1754611260,422.45853157583
1754611320,423.55056279293
1754611380,424.65373905432
1754611440,425.7528163664
1754611500,426.83244319982
1754611560,427.87741979775
1754611620,428.87295053412
1754611680,429.80489535265
1754611740,430.66000204284
1754611800,431.42612608419
1754611860,432.09243027114
1754611920,432.64956170481
1754611980,433.08980344295
1754612040,433.40719853831
1754612100,433.59764464659
1754612160,433.65895784236
1754612220,433.59090465454
1754612280,433.39520233225
1754612340,433.07548646239
1754612400,432.63724734514
1754612460,432.08773560664
1754612520,431.43583855696
1754612580,430.6919291518
1754612640,429.86768986227
1754612700,428.97591418905
1754612760,428.03028896838
1754612820,427.04516100069
1754612880,426.03529119718
1754612940,425.01560451077
1754613000,424.00092985108
1754613060,423.00574815196
1754613120,422.04394310174
1754613180,421.12856324163
1754613240,420.2715993156
1754613300,419.48378121622
1754613360,418.77439855442
1754613420,418.15114846235
1754613480,417.6200137226
1754613540,417.18517345618
1754613600,416.8489498058
1754613660,416.61178749192
1754613720,416.47227241012
1754613780,416.42718428482
1754613840,416.471584059
1754613900,416.5989337666
1754613960,416.80124628531
1754614020,417.06926176641
1754614080,417.39264702444
1754614140,417.7602137523
1754614200,418.16015111595
1754614260,418.58026836324
1754614320,419.00824098429
1754614380,419.43881514316
1754614440,419.84586145357
1754614500,420.22526161519
1754614560,420.56658451063
1754614620,420.8604195355
1754614680,421.09855987618
1754614740,421.27416212563
1754614800,421.3818796292
1754614860,421.41796703093
1754614920,421.38035528703
1754614980,421.26869448093
1754615040,421.08436494122
1754615100,420.83045593266
1754615160,420.51171232278
1754615220,420.13445003917
1754615280,419.70644163574
1754615340,419.23677378395
1754615400,418.73567899031
1754615460,418.21434395606
1754615520,417.6846999143
1754615580,417.15919327836
1754615640,416.65054762043
1754615700,416.17151604387
1754615760,415.73463058294
1754615820,415.35195300672
1754615880,415.03483182842
1754615940,414.79367030388
1754616000,414.637710081
1754616060,414.57483493095
1754616120,414.61139865197
1754616180,414.7520809215
1754616240,414.99977349198
1754616300,415.355500794
1754616360,415.81837484667
1754616420,416.38558673671
1754616480,417.05243449825
1754616540,417.81238692465
1754616600,418.65718201972
1754616660,419.57695807
1754616720,420.56041465392
1754616780,421.59500031488
1754616840,422.66712385568
1754616900,423.76238072687
1754616960,424.86580091242
1754617020,425.9620992503
1754617080,427.03593422766
1754617140,428.07216627543
1754617200,429.05611168507
1754617260,429.97378775565
1754617320,430.81214504124
1754617380,431.55928288795
1754617440,432.20464481445
1754617500,432.73919100827
1754617560,433.15554331665
1754617620,433.44810574719
1754617680,433.61315155884
1754617740,433.6483792965
1754617800,433.55280614246
1754617860,433.33022192045
1754617920,432.98466635055
1754617980,432.52201607855
1754618040,431.94988387635
1754618100,431.27748846483
1754618160,430.51549975262
1754618220,429.67585494631
1754618280,428.77155740702
1754618340,427.81645486354
1754618400,426.82500317165
1754618460,425.81201914703
1754618520,424.79242670373
1754618580,423.78100075452
1754618640,422.79211348003
1754618700,421.83948764012
1754618760,420.93596098671
1754618820,420.09326986091
1754618880,419.32184724322
1754618940,418.63065135504
1754619000,418.02701911466
1754619060,417.51655113186
1754619120,417.10302996944
1754619180,416.78837333721
1754619240,416.57262314735
1754619300,416.45397059586
1754619360,416.42881666298
1754619420,416.49186667058
1754619480,416.63625693994
1754619540,416.85371012388
1754619600,417.13471749008
1754619660,417.4687423796
1754619720,417.84444196738
1754619780,418.24990234611
1754619840,418.67288232311
1754619900,419.10106117264
1754619960,419.52228561049
1754620020,419.92481137394
1754620080,420.29753498916
1754620140,420.6302117869
1754620200,420.91365507
1754620260,421.13991628528
1754620320,421.30243869634
1754620380,421.39618543094
1754620440,421.41773840602
1754620500,421.36386513658
1754620560,421.23633968525
1754620620,421.03664789421
1754620680,420.76824033096
1754620740,420.43620825061
1754620800,420.04719142071
1754620860,419.60925816555
1754620920,419.13175695409
1754620980,418.62514292722
1754621040,418.10078207434
1754621100,417.57073636435
1754621160,417.04753353866
1754621220,416.5439256303
1754621280,416.07264057307
1754621340,415.64613149564
1754621400,415.27632822007
1754621460,414.97439717836
1754621520,414.75051087863
1754621580,414.6136365345
1754621640,414.57134437915
1754621700,414.62964124381
1754621760,414.7928326693
1754621820,415.06341652603
1754621880,415.44201047302
1754621940,415.92731487753
1754622000,416.51611206078
1754622060,417.20330244862
1754622120,417.98197403755
1754622180,418.84351080936
1754622240,419.77772869135
1754622300,420.77304300852
1754622360,421.81666140087
1754622420,422.89479876959
1754622480,423.9929100125
1754622540,425.09593604176
1754622600,426.18855841657
1754622660,427.25545786783
1754622720,428.28157270502
1754622780,429.25234848639
1754622840,430.15398487833
1754622900,430.9736618339
1754622960,431.69975178398
1754623020,432.32201027947
1754623080,432.83174283021
1754623140,433.22740384894
1754623200,433.49076272003
1754623260,433.6260342934
1754623320,433.63186957348
1754623380,433.50887394598
1754623440,433.25959338258
1754623500,432.88846857037
1754623560,432.40175792877
1754623620,431.80743046325
1754623680,431.11503010583
1754623740,430.3355135952
1754623800,429.48106438851
1754623860,428.56488552042
1754623920,427.60097472593
1754623980,426.6038848355
1754624040,425.58847750543
1754624100,424.56966446992
1754624160,423.56215422512
1754624220,422.58019876101
1754624280,421.63734899844
1754624340,420.74622289987
1754624400,419.91829073022
1754624460,419.16368168962
1754624520,418.4910157781
1754624580,417.90726429129
1754624640,417.41764149512
1754624700,417.02553153093
1754624760,416.73244729297
1754624820,416.53802862089
1754624880,416.44007471229
1754624940,416.43461208466
1754625000,416.51599620613
1754625060,416.67704456906
1754625120,416.90919833606
1754625180,417.202709123
1754625240,417.54684700992
1754625300,417.93012549889
1754625360,418.34053915293
1754625420,418.76580752633
1754625480,419.19362481236
1754625540,419.6119049524
1754625600,420.00902174124
1754625660,420.37403793651
1754625720,420.696919559
1754625780,420.96873164706
1754625840,421.18181211704
1754625900,421.32992080967
1754625960,421.40836125598
1754626020,421.41407315093
1754626080,421.34569410872
1754626140,421.2035896319
1754626200,420.98570073778
1754626260,420.70301984164
1754626320,420.35799627808
1754626380,419.95758851258
1754626440,419.51015389919
1754626500,419.0252947895
1754626560,418.51368000039
1754626620,417.98684424932
1754626680,417.45697108755
1754626740,416.93665778281
1754626800,416.43867338549
1754626860,415.97570909282
1754626920,415.5601276562
1754626980,415.20371624923
1754627040,414.9174476026
1754627100,414.7112541504
1754627160,414.59381976412
1754627220,414.57239337231
1754627280,414.65262846739
1754627340,414.83845146216
1754627400,415.13196271453
1754627460,415.53337133945
1754627520,416.04096589459
1754627580,416.65112145807
1754627640,417.35834303541
1754627700,418.15534443637
1754627760,419.03316101146
1754627820,419.98129393558
1754627880,420.98788309149
1754627940,422.0399057721
1754628000,423.12339295813
1754628060,424.22366953766
1754628120,425.32559976747
1754628180,426.41384383057
1754628240,427.47311658248
1754628300,428.48844451793
1754628360,429.44541644636
1754628420,430.33042358888
1754628480,431.13088509734
1754628540,431.83545533631
1754628600,432.43421001344
1754628660,432.91880602708
1754628720,433.28261844827
1754628780,433.52084459438
1754628840,433.63057988589
1754628900,433.61086185387
1754628960,433.46268212689
1754629020,433.18896625103
1754629080,432.78695997598
1754629140,432.27655660876
1754629200,431.66047408215
1754629260,430.94857446404
1754629320,430.15209331131
1754629380,429.28345038903
1754629440,428.35603804947
1754629500,427.38399301548
1754629560,426.38195494887
1754629620,425.36481587942
1754629680,424.34746483132
1754629740,423.34453217787
1754629800,422.37013837076
1754629860,421.43765110936
1754629920,420.55945924425
1754629980,419.74675852552
1754630040,419.00936589024
1754630100,418.35555657469
1754630160,417.79193115929
1754630220,417.32331461953
1754630280,416.95268944715
1754630340,416.68116419533
1754630400,416.5079780505
1754630460,416.43054126307
1754630520,416.4445105024
1754630580,416.54389755336
1754630640,416.72120847154
1754630700,416.96761134985
1754630760,417.27312779632
1754630820,417.62684500068
1754630880,418.0171437503
1754630940,418.43193784379
1754631000,418.85892017592
1754631060,419.28581073509
1754631120,419.70060181915
1754631180,420.09179592903
1754631240,420.44863225606
1754631300,420.76129636644
1754631360,421.02111296606
1754631420,421.22071367302
1754631480,421.35418064705
1754631540,421.41716221812
1754631600,421.40695887937
1754631660,421.32257824871
1754631720,421.16475810411
1754631780,420.93595710256
1754631840,420.64031330058
1754631900,420.28357084424
1754631960,419.87297747572
1754632020,419.41715078848
1754632080,419.00144519121
1754632140,418.48862336329
1754632200,417.96114133417
1754632260,417.43120833177
1754632320,416.91143691015
1754632380,416.41459921051
1754632440,415.9533774996
1754632500,415.54011362883
1754632560,415.18656218455
1754632620,414.90365213542
1754632680,414.7012617158
1754632740,414.58801106615
1754632800,414.57107724528
1754632860,414.65603451041
1754632920,414.84672480301
1754632980,415.14515994463
1754633040,415.55145827587
1754633100,416.06381705853
1754633160,416.67852130315
1754633220,417.38998890264
1754633280,418.19085117567
1754633340,419.07206717452
1754633400,420.02307007142
1754633460,421.0319387308
1754633520,422.08560064064
1754633580,423.17004944031
1754633640,424.27058220429
1754633700,425.37204817774
1754633760,426.45910488814
1754633820,427.5164769113
1754633880,428.529212637
1754633940,429.48293453168
1754634000,430.36407862314
1754634060,431.16011972596
1754634120,431.85977568161
1754634180,432.45319522795
1754634240,432.93211594229
1754634300,433.28999802512
1754634360,433.52212862906
1754634420,433.62632499873
1754634480,433.59983088506
1754634540,433.44561910627
1754634600,433.16607769967
1754634660,432.76610243505
1754634720,432.25238265019
1754634780,431.62213183829
1754634840,430.90607017767
1754634900,430.10601426645
1754634960,429.23443491026
1754635020,428.30476480244
1754635080,427.33116958315
1754635140,426.32830587337
1754635200,425.3110703736
1754635260,424.29434437502
1754635320,423.29273755804
1754635380,422.32033973255
1754635440,421.39047512968
1754635500,420.51547731662
1754635560,419.70647901612
1754635620,418.97322503163
1754635680,418.32391134809
1754635740,417.76505366976
1754635800,417.30138807929
1754635860,416.93580584922
1754635920,416.66932372396
1754635980,416.50109023815
1754636040,416.42842784848
1754636100,416.44691007259
1754636160,416.55047135922
1754636220,416.73154824898
1754636280,416.98124791729
1754636340,417.28954094726
1754636400,417.6454742349
1754636460,418.08316057473
1754636520,418.49865400207
1754636580,418.92553170694
1754636640,419.35152338311
1754636700,419.76464378207
1754636760,420.1534290125
1754636820,420.50716378214
1754636880,420.81609001394
1754636940,421.0715974061
1754637000,421.26639100726
1754637060,421.39463328584
1754637120,421.45205835101
1754637180,421.43605646151
1754637240,421.34572745031
1754637300,421.18190219371
1754637360,420.94713157822
1754637420,420.64564414615
1754637480,420.28327058306
1754637540,419.86733936282
1754637600,419.40654295238
1754637660,418.90227950578
1754637720,418.3821574746
1754637780,417.84991366605
1754637840,417.31787823479
1754637900,416.79873332504
1754637960,416.30526734193
1754638020,415.85012610221
1754638080,415.44556060911
1754638140,415.10318289327
1754638200,414.83372967988
1754638260,414.64684062657
1754638320,414.5508553059
1754638380,414.5526331412
1754638440,414.65740009099
1754638500,414.86862536365
1754638560,415.18793084114
1754638620,415.61503553476
1754638680,416.14773447621
1754638740,416.78191702174
1754638800,417.5116185485
1754638860,418.32910860343
1754638920,419.22501213016
1754638980,420.18846153823
1754639040,421.20727651392
1754639100,422.26816794455
1754639160,423.35696189891
1754639220,424.45883928231
1754639280,425.55858730176
1754639340,426.64085361695
1754639400,427.69040953474
1754639460,428.69240282307
1754639520,429.63260679018
1754639580,430.49765696735
1754639640,431.27527221967
1754639700,431.95445672103
1754639760,432.52567961916
1754639820,432.98102963458
1754639880,433.314342274
1754639940,433.52129788471
1754640000,433.59948847647
1754640060,433.54845423095
1754640120,433.36968605663
1754640180,433.06659907034
1754640240,432.64446862824
1754640300,432.1103430044
1754640360,431.4729210584
1754640420,430.74240451407
1754640480,429.90199503915
1754640540,429.04934543849
1754640600,428.11304931442
1754640660,427.135703271
1754640720,426.13201823522
1754640780,425.09996207434
1754640840,424.08841036046
1754640900,423.09500147181
1754640960,422.13366563421
1754641020,421.2175195845
1754641080,420.35864241726
1754641140,419.56787063793
1754641200,418.8546164831
1754641260,418.22671276765
1754641320,417.69028981078
1754641380,417.24968081287
1754641440,416.90736600299
1754641500,416.66395023871
1754641560,416.51817710613
1754641620,416.46697869842
1754641680,416.50555993924
1754641740,416.62751558688
1754641800,416.82497737626
1754641860,417.08878814806
1754641920,417.40869952239
1754641980,417.77358765896
1754642040,418.17168600671
1754642100,418.59082608464
1754642160,419.01868470293
1754642220,419.44303165223
1754642280,419.85197339697
1754642340,420.23418828679
1754642400,420.57914904999
1754642460,420.87732864696
1754642520,421.12038592781
1754642580,421.30132804658
1754642640,421.41464628367
1754642700,421.45642475556
1754642760,421.42441780997
1754642820,421.31809678194
1754642880,421.13866452997
1754642940,420.88903763781
1754643000,420.57379653279
1754643060,420.19910427885
1754643120,419.77259530714
1754643180,419.3032358447
1754643240,418.80115794371
1754643300,418.27747189063
1754643360,417.74405504386
1754643420,417.21332744655
1754643480,416.69801314401
1754643540,416.21089346575
1754643600,415.76455647358
1754643660,415.37114728222
1754643720,415.04212405016
1754643780,414.78802443228
1754643840,414.61824717576
1754643900,414.54038564646
1754643960,414.5636186005
1754644020,414.69073783059
1754644080,414.92482343377
1754644140,415.2670931838
1754644200,415.71685430665
1754644260,416.27149140515
1754644320,416.92649086193
1754644380,417.67550126667
1754644440,418.51042864601
1754644500,419.42156517818
1754644560,420.39774500243
1754644620,421.42653320632
1754644680,422.4944320102
1754644740,423.58710907803
1754644800,424.68963994356
1754644860,425.78676050803
1754644920,426.86312489163
1754644980,427.90356393344
1754645040,428.8933397391
1754645100,429.81839186186
1754645160,430.66557149773
1754645220,431.42285655169
1754645280,432.07955249371
1754645340,432.62646452139
1754645400,433.05604705064
1754645460,433.36252478512
1754645520,433.54198418852
1754645580,433.59243404642
1754645640,433.51383426678
1754645700,433.30809253099
1754645760,432.97902887126
1754645820,432.53230871173
1754645880,431.97534496405
1754645940,431.3171730198
1754646000,430.56829475113
1754646060,429.7405013672
1754646120,428.84667246793
1754646180,427.90055658602
1754646240,426.91653645051
1754646300,425.90938288302
1754646360,424.89400153087
1754646420,423.8851768719
1754646480,422.89731808559
1754646540,421.92869525348
1754646600,421.0387834
1754646660,420.19288214571
1754646720,419.40479129421
1754646780,418.70957263326
1754646840,418.10116939965
1754646900,417.58533030709
1754646960,417.16599290721
1754647020,416.84523358873
1754647080,416.6232533771
1754647140,416.49839971741
1754647200,416.46722407583
1754647260,416.5245729778
1754647320,416.66371213185
1754647380,416.87647954812
1754647440,417.15346501063
1754647500,417.48421201406
1754647560,417.85743798772
1754647620,418.2612683306
1754647680,418.68347959016
1754647740,419.11174703131
1754647800,419.5338921356
1754647860,419.93812371472
1754647920,420.31327244723
1754647980,420.64900896916
1754648040,420.93604595965
1754648100,421.16631903205
1754648160,421.3331436622
1754648220,421.43134554593
1754648280,421.45736224741
1754648340,421.40931448435
1754648400,421.2870458928
1754648460,421.09213046222
1754648520,420.82784837417
1754648580,420.49912851752
1754648640,420.11246117081
1754648700,419.67578037598
1754648760,419.19831855924
1754648820,418.69043564268
1754648880,418.16342546371
1754648940,417.62930276002
1754649000,417.10057438501
1754649060,416.58999878071
1754649120,416.11033804218
1754649180,415.67410687162
1754649240,415.29332484832
1754649300,414.97927249279
1754649360,414.74226178768
1754649420,414.59142130549
1754649480,414.53438686959
1754649540,414.57930516954
1754649600,414.72892534119
1754649660,414.98593441368
1754649720,415.35114399179
1754649780,415.82344867327
1754649840,416.39982327598
1754649900,417.07535413441
1754649960,417.8433073379
1754650020,418.69523120386
1754650080,419.62109109235
1754650140,420.60943380217
1754650200,421.64757820955
1754650260,422.72182832447
1754650320,423.81770455466
1754650380,424.92018942763
1754650440,426.01397867338
1754650500,427.08374406012
1754650560,428.11438846263
1754650620,429.09129971491
1754650680,430.00059444015
1754650740,430.82934850139
1754650800,431.56581030287
1754650860,432.19959354197
1754650920,432.72184641377
1754650980,433.12539469803
1754651040,433.40485660114
1754651100,433.55672773817
1754651160,433.57943460264
1754651220,433.47335708598
1754651280,433.24081771691
1754651340,432.88603954331
1754651400,432.41507250899
1754651460,431.83568956777
1754651520,431.15725408877
1754651580,430.39056055815
1754651640,429.54765102274
1754651700,428.64161014711
1754651760,427.68634150467
1754651820,426.69633265509
1754651880,425.68640328096
1754651940,424.67145349642
1754652000,423.64961765676
1754652060,422.66888713882
1754652120,421.72599450429
1754652180,420.83363425061
1754652240,420.00337245195
1754652300,419.24545135268
1754652360,418.56861842981
1754652420,417.97998597912
1754652480,417.48491744533
1754652540,417.08695186346
1754652600,416.78361283114
1754652660,416.58714302966
1754652720,416.48305185246
1754652780,416.47166215233
1754652840,416.54746794121
1754652900,416.70341290692
1754652960,416.93104958984
1754653020,417.22072423757
1754653080,417.56178222288
1754653140,417.94279280389
1754653200,418.35178478408
1754653260,418.77649121481
1754653320,419.20459728957
1754653380,419.62398688188
1754653440,420.02298313132
1754653500,420.3905786909
1754653560,420.71665152739
1754653620,420.99216250465
1754653680,421.20933148994
1754653740,421.36178823004
1754653800,421.44469758006
1754653860,421.45485411837
1754653920,421.39074690076
1754653980,421.25259234459
1754654040,421.04233486288
1754654100,420.76361520955
1754654160,420.42170700485
1754654220,420.02342241667
1754654280,419.5769884755
1754654340,419.09189565847
1754654400,418.57872319576
1754654460,418.04893905735
1754654520,417.51468450551
1754654580,416.98854211757
1754654640,416.48329328745
1754654700,416.00416522644
1754654760,415.57946653203
1754654820,415.2128966642
1754654880,414.91553329467
1754654940,414.69743385837
1754655000,414.56742588934
1754655060,414.53291743724
1754655120,414.59973446923
1754655180,414.77198638119
1754655240,415.0519635141
1754655300,415.4400687513
1754655360,415.93478472959
1754655420,416.53267743738
1754655480,417.22843619233
1754655540,418.01494921143
1754655600,418.88341383974
1754655660,419.82347558717
1754655720,420.82340196609
1754655780,421.8702760013
1754655840,422.9502141197
1754655900,424.04860074753
1754655960,425.15033563731
1754656020,426.24008924413
1754656080,427.30256142653
1754656140,428.32273880099
1754656200,429.2861462199
1754656260,430.17908806038
1754656320,430.98887580694
1754656380,431.70403509201
1754656440,432.314496894
1754656500,432.81175909195
1754656560,433.18902421648
1754656620,433.44130798518
1754656680,433.5655176193
1754656740,433.56049882704
1754656800,433.42705080141
1754656860,433.16790904413
1754656920,432.78769628999
1754656980,432.29284189954
1754657040,431.69147305916
1754657100,430.99327426078
1754657160,430.20932382234
1754657220,429.35190518243
1754657280,428.4342977736
1754657340,427.47055053827
1754657400,426.47524180953
1754657460,425.46322960115
1754657520,424.4493966183
1754657580,423.44839450212
1754657640,422.47439130499
1754657700,421.52568675498
1754657760,420.64603565483
1754657820,419.83080699284
1754657880,419.08993377596
1754657940,418.43182157435
1754658000,417.86321284713
1754658060,417.38908304732
1754658120,417.01257063121
1754658180,416.73494239217
1754658240,416.55559470233
1754658300,416.47209115439
1754658360,416.48023410251
1754658420,416.57417089045
1754658480,416.74653049344
1754658540,416.98858848174
1754658600,417.29045665389
1754658660,417.57990367461
1754658720,418.02953033739
1754658780,418.44311106291
1754658840,418.86973661189
1754658900,419.29711384175
1754658960,419.71319990594
1754659020,420.10644271136
1754659080,420.4660072402
1754659140,420.78198802639
1754659200,421.04560236514
1754659260,421.24936124698
1754659320,421.38721515096
1754659380,421.45467228845
1754659440,421.448887366
1754659500,421.36871942605
1754659560,421.21475769585
1754659620,420.98931572608
1754659680,420.69639221324
1754659740,420.34160115564
1754659800,419.93207099756
1754659860,419.47631486819
1754659920,418.98407391281
1754659980,418.46613626978
1754660040,417.93413470336
1754660100,417.40032632982
1754660160,416.87735826347
1754660220,416.37802334913
1754660280,415.9150101312
1754660340,415.50065352189
1754660400,415.14668633603
1754660460,414.86400274361
1754660520,414.66243362128
1754660580,414.55054028029
1754660640,414.53543051093
1754660700,414.60283687547
1754660760,414.77997046663
1754660820,415.06489428338
1754660880,415.45792011463
1754660940,415.95743881636
1754661000,416.55992566891
1754661060,417.25998259445
1754661120,418.05041346453
1754661180,418.92233813489
1754661240,419.86533351593
1754661300,420.86760565372
1754661360,421.91618665343
1754661420,422.9971529459
1754661480,424.09586060402
1754661540,425.1971931656
1754661600,426.28581727771
1754661660,427.3464414382
1754661720,428.36407383301
1754661780,429.32427071621
1754661840,430.21338121026
1754661900,431.01877082202
1754661960,431.72903034515
1754662020,432.33416268471
1754662080,432.82574541524
1754662140,433.19706661703
1754662200,433.44323198208
1754662260,433.56124163656
1754662320,433.55003558749
1754662380,433.41050716397
1754662440,433.1454840681
1754662500,432.75967856629
1754662560,432.25960469745
1754662620,431.65346728409
1754662680,430.95102195399
1754662740,430.16340919659
1754662800,429.30296487753
1754662860,428.38301019183
1754662920,427.41762443208
1754662980,426.42140431076
1754663040,425.40921389546
1754663100,424.39592880336
1754663160,423.39618324922
1754663220,422.4241143803
1754663280,421.47802610583
1754663340,420.60153410963
1754663400,419.78998197823
1754663460,419.05323095353
1754663520,418.39960755541
1754663580,417.83576939568
1754663640,417.36660288983
1754663700,416.99515474309
1754663760,416.72259995697
1754663820,416.54824341891
1754663880,416.46955992498
1754663940,416.48226782776
1754664000,416.58043629191
1754664060,416.75662353352
1754664120,417.00204306995
1754664180,417.30675445678
1754664240,417.6598745326
1754664300,418.04980483765
1754664360,418.46447090917
1754664420,418.89156703424
1754664480,419.31880592697
1754664540,419.73416303528
1754664600,420.12611509184
1754664660,420.483866942
1754664720,420.79756289553
1754664780,421.05847892967
1754664840,421.25919246753
1754664900,421.3937268879
1754664960,421.45766838083
1754665020,421.44825320985
1754665080,421.36442410079
1754665140,421.20685462185
1754665200,420.97794126501
1754665260,420.68176335684
1754665320,420.32401133887
1754665380,419.91188454447
1754665440,419.45396008095
1754665500,418.96003491657
1754665560,418.44094374855
1754665620,417.90835568345
1754665680,417.37455318719
1754665740,416.84366078597
1754665800,416.35408191791
1754665860,415.89288673553
1754665920,415.48092324533
1754665980,415.12989057353
1754666040,414.85063770179
1754666100,414.65293990763
1754666160,414.54529347096
1754666220,414.53473289388
1754666280,414.62909878691
1754666340,414.82900427493
1754666400,415.13693007117
1754666460,415.55277748778
1754666520,416.07452495172
1754666580,416.69824120641
1754666640,417.41813476124
1754666700,418.22663860005
1754666760,419.11452841552
1754666820,420.07107194386
1754666880,421.08420635226
1754666940,422.14074081536
1754667000,423.22657595392
1754667060,424.32694649376
1754667120,425.4266683522
1754667180,426.51039604094
1754667240,427.56288145941
1754667300,428.56923013211
1754667360,429.51515040958
1754667420,430.38719138932
1754667480,431.17296561053
1754667540,431.86135292426
1754667600,432.44268232789
1754667660,432.90888924019
1754667720,433.2536441386
1754667780,433.47245514855
1754667840,433.56273685964
1754667900,433.52384927658
1754667960,433.3571043378
1754668020,433.06574028696
1754668080,432.65486429404
1754668140,432.13136418388
1754668200,431.50379058894
1754668260,430.78221129725
1754668320,429.97803944913
1754668380,429.10384157721
1754668440,428.17312031677
1754668500,427.20008606584
1754668560,426.19941342404
1754668620,425.18598966758
1754668680,424.1746591191
1754668740,423.1799679666
1754668800,422.21591418762
1754668860,421.29570724767
1754668920,420.43154215559
1754668980,419.63439175975
1754669040,418.91382449684
1754669100,418.27784337895
1754669160,417.72447390114
1754669220,417.27643097575
1754669280,416.92651422557
1754669340,416.67549308012
1754669400,416.52227303156
1754669460,416.46394222862
1754669520,416.49585274861
1754669580,416.61173485169
1754669640,416.80384115676
1754669700,417.06311895514
1754669760,417.37940545579
1754669820,417.74164294154
1754669880,418.1381090798
1754669940,418.55665781793
1754670000,418.98496612516
1754670060,419.41078182794
1754670120,419.82216786642
1754670180,420.20773846698
1754670240,420.55688318912
1754670300,420.85997354191
1754670360,421.10855203878
1754670420,421.29549579452
1754670480,421.41515551718
1754670540,421.46346614667
1754670600,421.43802758427
1754670660,421.33815420269
1754670720,421.16489232742
1754670780,420.92100538581
1754670840,420.61092692818
1754670900,420.24068223284
1754670960,419.81777941236
1754671020,419.35107350597
1754671080,418.85060140979
1754671140,418.32739601809
1754671200,417.7932785136
1754671260,417.26063398987
1754671320,416.74217406016
1754671380,416.25069069936
1754671440,415.79880582657
1754671500,415.3987213221
1754671560,415.06197427204
1754671620,414.7992020876
1754671680,414.61992314978
1754671740,414.53233493943
1754671800,414.54418218592
1754671860,414.65738230673
1754671920,414.87835356532
1754671980,415.20747995739
1754672040,415.64428314909
1754672100,416.19626623067
1754672160,416.84095189988
1754672220,417.58033997543
1754672280,418.40649737629
1754672340,419.30986288281
1754672400,420.27940317817
1754672460,421.30279581523
1754672520,422.36663582137
1754672580,423.456661838
1754672640,424.55799738078
1754672700,425.65540260295
1754672760,426.73353184758
1754672820,427.77719227785
1754672880,428.77159961831
1754672940,429.70262264248
1754673000,430.55702215496
1754673060,431.32266721558
1754673120,431.98873521105
1754673180,432.54588856826
1754673240,432.9864260905
1754673300,433.30440665195
1754673360,433.49574343705
1754673420,433.55826736928
1754673480,433.49175883611
1754673540,433.29794710787
1754673600,432.9804784341
1754673660,432.54485114519
1754673720,431.99832132589
1754673780,431.34977873206
1754673840,430.60959543
1754673900,429.7894493835
1754673960,428.90212573177
1754674020,427.96129891281
1754674080,426.9812991695
1754674140,425.97686732137
1754674200,424.9629013021
1754674260,423.95420296717
1754674320,422.96521952553
1754674380,422.00979790363
1754674440,421.10094647816
1754674500,420.25061280993
1754674560,419.46948103972
1754674620,418.76679296728
1754674680,418.15019641404
1754674740,417.62562395244
1754674800,417.19720448183
1754674860,416.86720926839
1754674920,416.63603472103
1754674980,416.50221906757
1754675040,416.46249690323
1754675100,416.51188691
1754675160,416.64381226741
1754675220,416.85025088825
1754675280,417.12191226748
1754675340,417.44843722031
1754675400,417.82508914185
1754675460,418.2275237643
1754675520,418.64937866357
1754675580,419.07832471042
1754675640,419.50215648495
1754675700,419.90903542864
1754675760,420.28772371128
1754675820,420.62780487318
1754675880,420.91988736404
1754675940,421.15578747142
1754676000,421.32868854551
1754676060,421.43327387067
1754676120,421.46583100188
1754676180,421.42432581508
1754676240,421.30844533592
1754676300,421.11960810313
1754676360,420.86094242788
1754676420,420.53723257201
1754676480,420.15483373232
1754676540,419.72155715248
1754676600,419.24652718399
1754676660,418.74001260293
1754676720,418.21323495743
1754676780,417.67815716455
1754676840,417.147255634
1754676900,416.63328204077
1754676960,416.14901370908
1754677020,415.70700431946
1754677080,415.31933428042
