1754470860,-4.0529,-7.88,1.22
1754470920,-4.05518,-7.87,1.23
1754470980,-4.05567,-7.87,1.24
1754471040,-4.05623,-7.87,1.25
1754471100,-4.05797,-7.87,1.26
1754471160,-4.0598,-7.87,1.27
1754471220,-4.06105,-7.88,1.28
1754471280,-4.06246,-7.88,1.29
1754471340,-4.06284,-7.88,1.3
1754471400,-4.06224,-7.89,1.31
1754471460,-4.06416,-7.89,1.32
1754471520,-4.06734,-7.94,1.33
1754471580,-4.06562,-7.94,1.33
1754471640,-4.06323,-7.94,1.33
1754471700,-4.06276,-7.93,1.33
1754471760,-4.06182,-7.93,1.33
1754471820,-4.06207,-7.93,1.33
1754471880,-4.06204,-7.92,1.33
1754471940,-4.05927,-7.92,1.33
1754472000,-4.05727,-7.92,1.32
1754472060,-4.05471,-7.92,1.32
1754472120,-4.05221,-7.92,1.32
1754472180,-4.05073,-7.93,1.31
1754472240,-4.04701,-7.93,1.31
1754472300,-4.04596,-7.94,1.3
1754472360,-4.04551,-7.95,1.29
1754472420,-4.04395,-7.95,1.29
1754472480,-4.04234,-7.96,1.28
1754472540,-4.04261,-7.97,1.27
1754472600,-4.04285,-7.97,1.25
1754472660,-4.03983,-7.98,1.24
1754472720,-4.03829,-7.98,1.23
1754472780,-4.03655,-7.98,1.21
1754472840,-4.03414,-7.98,1.2
1754472900,-4.03271,-7.97,1.19
1754472960,-4.03212,-7.97,1.17
1754473020,-4.03124,-7.97,1.16
1754473080,-4.02969,-7.97,1.15
1754473140,-4.02757,-7.96,1.13
1754473200,-4.02505,-7.96,1.12
1754473260,-4.02309,-7.95,1.1
1754473320,-4.02167,-7.94,1.09
1754473380,-4.0206,-7.94,1.07
1754473440,-4.02215,-7.93,1.06
1754473500,-4.02124,-7.94,1.05
1754473560,-4.02123,-7.94,1.04
1754473620,-4.0211,-7.94,1.02
1754473680,-4.02098,-7.95,1.01
1754473740,-4.0213,-7.96,0.99
1754473800,-4.02064,-7.96,0.98
1754473860,-4.01943,-7.97,0.96
1754473920,-4.01763,-7.97,0.95
1754473980,-4.01605,-7.98,0.93
1754474040,-4.01059,-7.98,0.92
1754474100,-4.00711,-7.99,0.91
1754474160,-4.00451,-8,0.9
1754474220,-4.00211,-8,0.89
1754474280,-3.99861,-8,0.88
1754474340,-3.99643,-8,0.88
1754474400,-3.99395,-8,0.87
1754474460,-3.99111,-8,0.87
1754474520,-3.98895,-8,0.87
1754474580,-3.9873,-8,0.87
1754474640,-3.98696,-8.01,0.87
1754474700,-3.98718,-8.01,0.87
1754474760,-3.98768,-8.01,0.88
1754474820,-3.98943,-8.01,0.88
1754474880,-3.99086,-8.01,0.89
1754474940,-3.99096,-8.01,0.89
1754475000,-3.99172,-8,0.9
1754475060,-3.99153,-8,0.91
1754475120,-3.99528,-7.99,0.92
1754475180,-3.9968,-7.99,0.92
1754475240,-3.99743,-7.99,0.93
1754475300,-4.00239,-7.98,0.94
1754475360,-4.00674,-7.98,0.95
1754475420,-4.00998,-7.98,0.96
1754475480,-4.0121,-7.97,0.97
1754475540,-4.01253,-7.97,0.98
1754475600,-4.01286,-7.96,0.99
1754475660,-4.01195,-7.96,1
1754475720,-4.0021,-7.95,1.01
1754475780,-4.00142,-7.95,1.04
1754475840,-4.0056,-7.95,1.07
1754475900,-4.01043,-7.95,1.09
1754475960,-4.0144,-7.97,1.11
1754476020,-4.01948,-7.97,1.12
1754476080,-4.01987,-7.97,1.13
1754476140,-4.01987,-7.97,1.13
1754476200,-4.01987,-7.97,1.13
1754476260,-4.04151,-7.98,1.18
1754476320,-4.04415,-7.98,1.19
1754476380,-4.04467,-7.98,1.2
1754476440,-4.04527,-7.98,1.21
1754476500,-4.04642,-7.97,1.23
1754476560,-4.04425,-7.97,1.24
1754476620,-4.04552,-7.96,1.25
1754476680,-4.04847,-7.96,1.27
1754476740,-4.04891,-7.95,1.28
1754476800,-4.04786,-7.94,1.29
1754476860,-4.04885,-7.93,1.31
1754476920,-4.0498,-7.92,1.32
1754476980,-4.05019,-7.92,1.33
1754477040,-4.05249,-7.92,1.34
1754477100,-4.05467,-7.91,1.35
1754477160,-4.05754,-7.91,1.36
1754477220,-4.06026,-7.91,1.36
1754477280,-4.05954,-7.93,1.37
1754477340,-4.06143,-7.92,1.37
1754477400,-4.06415,-7.93,1.38
1754477460,-4.06643,-7.94,1.38
1754477520,-4.07057,-7.94,1.38
1754477580,-4.07363,-7.94,1.37
1754477640,-4.07453,-7.95,1.36
1754477700,-4.07663,-7.96,1.36
1754477760,-4.07613,-7.95,1.35
1754477820,-4.07594,-7.96,1.34
1754477880,-4.07352,-7.97,1.34
1754477940,-4.06995,-7.97,1.33
1754478000,-4.06691,-7.97,1.32
1754478060,-4.06337,-7.97,1.31
1754478120,-4.06074,-7.97,1.31
1754478180,-4.05747,-7.98,1.3
1754478240,-4.05546,-7.98,1.29
1754478300,-4.05663,-7.98,1.27
1754478360,-4.05522,-7.98,1.26
1754478420,-4.05065,-7.99,1.24
1754478480,-4.04905,-7.99,1.22
1754478540,-4.04474,-7.98,1.2
1754478600,-4.04118,-7.98,1.18
1754478660,-4.03623,-7.98,1.16
1754478720,-4.03239,-7.97,1.15
1754478780,-4.02823,-7.97,1.13
1754478840,-4.02391,-7.96,1.12
1754478900,-4.01989,-7.95,1.1
1754478960,-4.01831,-7.95,1.09
1754479020,-4.01558,-7.94,1.07
1754479080,-4.0121,-7.93,1.06
1754479140,-4.00858,-7.92,1.04
1754479200,-4.00455,-7.91,1.03
1754479260,-4.00176,-7.9,1.01
1754479320,-4.0004,-7.9,1
1754479380,-3.99836,-7.91,0.98
1754479440,-3.99726,-7.93,0.97
1754479500,-3.99435,-7.94,0.96
1754479560,-3.99188,-7.92,0.95
1754479620,-3.99035,-7.92,0.94
1754479680,-3.99325,-7.94,0.92
1754479740,-3.99362,-7.95,0.91
1754479800,-3.99305,-7.95,0.9
1754479860,-3.98948,-7.96,0.89
1754479920,-3.98457,-7.95,0.87
1754479980,-3.98244,-7.96,0.86
1754480040,-3.98208,-7.97,0.85
1754480100,-3.98254,-7.97,0.85
1754480160,-3.97707,-7.97,0.84
1754480220,-3.97472,-7.97,0.84
1754480280,-3.97162,-7.97,0.84
1754480340,-3.96973,-7.97,0.84
1754480400,-3.96827,-7.97,0.84
1754480460,-3.96764,-7.96,0.85
1754480520,-3.96671,-7.96,0.85
1754480580,-3.96843,-7.97,0.86
1754480640,-3.96732,-7.97,0.87
1754480700,-3.96678,-7.97,0.89
1754480760,-3.96944,-7.97,0.9
1754480820,-3.97143,-7.97,0.91
1754480880,-3.97433,-7.97,0.93
1754480940,-3.9775,-7.96,0.94
1754481000,-3.98088,-7.97,0.96
1754481060,-3.98354,-7.97,0.97
1754481120,-3.98619,-7.97,0.99
1754481180,-3.99022,-7.97,1
1754481240,-3.99571,-7.96,1.02
1754481300,-3.99981,-7.96,1.04
1754481360,-4.00388,-7.96,1.05
1754481420,-4.00816,-7.95,1.07
1754481480,-4.01179,-7.95,1.08
1754481540,-4.01399,-7.94,1.1
1754481600,-4.01647,-7.94,1.12
1754481660,-4.01755,-7.93,1.13
1754481720,-4.01755,-7.93,1.13
1754481780,-4.01755,-7.93,1.13
1754481840,-4.01755,-7.93,1.13
1754481900,-4.01755,-7.93,1.13
1754481960,-4.01755,-7.93,1.13
1754482020,-4.01755,-7.93,1.13
1754482080,-4.01755,-7.93,1.13
1754482140,-4.01755,-7.93,1.13
1754482200,-4.01755,-7.93,1.13
1754482260,-4.01755,-7.93,1.13
1754482320,-4.04259,-7.91,1.27
1754482380,-4.04302,-7.9,1.28
1754482440,-4.04425,-7.91,1.3
1754482500,-4.04442,-7.91,1.31
1754482560,-4.04322,-7.91,1.32
1754482620,-4.03903,-7.91,1.33
1754482680,-4.04314,-7.91,1.35
1754482740,-4.04603,-7.91,1.36
1754482800,-4.04738,-7.92,1.37
1754482860,-4.04843,-7.91,1.37
1754482920,-4.05084,-7.91,1.38
1754482980,-4.05339,-7.92,1.38
1754483040,-4.05519,-7.92,1.38
1754483100,-4.0577,-7.94,1.38
1754483160,-4.0585,-7.93,1.38
1754483220,-4.06013,-7.94,1.38
1754483280,-4.06162,-7.95,1.37
1754483340,-4.0622,-7.95,1.37
1754483400,-4.06565,-7.96,1.36
1754483460,-4.07035,-7.97,1.36
1754483520,-4.07037,-7.98,1.35
1754483580,-4.07051,-7.98,1.34
1754483640,-4.07135,-7.99,1.33
1754483700,-4.06867,-7.99,1.32
1754483760,-4.06533,-7.99,1.31
1754483820,-4.06295,-7.99,1.3
1754483880,-4.0604,-7.98,1.28
1754483940,-4.05593,-7.97,1.27
1754484000,-4.05274,-7.96,1.26
1754484060,-4.04942,-7.96,1.25
1754484120,-4.04499,-7.95,1.23
1754484180,-4.04234,-7.94,1.23
1754484240,-4.04185,-7.94,1.22
1754484300,-4.04143,-7.94,1.2
1754484360,-4.04255,-7.93,1.19
1754484420,-4.04169,-7.93,1.17
1754484480,-4.0404,-7.93,1.16
1754484540,-4.03839,-7.93,1.14
1754484600,-4.03594,-7.93,1.12
1754484660,-4.03767,-7.94,1.11
1754484720,-4.03756,-7.94,1.09
1754484780,-4.04001,-7.92,1.08
1754484840,-4.04135,-7.93,1.06
1754484900,-4.04147,-7.93,1.04
1754484960,-4.03653,-7.94,1.02
1754485020,-4.03468,-7.95,1.01
1754485080,-4.03067,-7.94,0.99
1754485140,-4.02804,-7.94,0.98
1754485200,-4.02558,-7.94,0.97
1754485260,-4.02187,-7.94,0.95
1754485320,-4.01597,-7.94,0.94
1754485380,-4.01238,-7.95,0.92
1754485440,-4.01316,-7.95,0.91
1754485500,-4.00828,-7.96,0.9
1754485560,-4.00694,-7.96,0.89
1754485620,-4.00398,-7.97,0.89
1754485680,-4.002,-7.97,0.88
1754485740,-3.99937,-7.97,0.88
1754485800,-3.99701,-7.98,0.88
1754485860,-3.99784,-7.98,0.88
1754485920,-4.00173,-7.98,0.88
1754485980,-3.99856,-7.98,0.88
1754486040,-3.99754,-7.98,0.88
1754486100,-4.00126,-7.98,0.89
1754486160,-4.00167,-7.97,0.89
1754486220,-4.00208,-7.96,0.89
1754486280,-4.00196,-7.96,0.9
1754486340,-4.00189,-7.95,0.91
1754486400,-4.00455,-7.94,0.92
1754486460,-4.00934,-7.94,0.93
1754486520,-4.01236,-7.94,0.95
1754486580,-4.01661,-7.93,0.96
1754486640,-4.01915,-7.93,0.97
1754486700,-4.02128,-7.94,0.98
1754486760,-4.02455,-7.94,1
1754486820,-4.02793,-7.95,1.02
1754486880,-4.02969,-7.95,1.03
1754486940,-4.03217,-7.96,1.05
1754487000,-4.03414,-7.97,1.07
1754487060,-4.03788,-7.96,1.09
1754487120,-4.04134,-7.96,1.11
1754487180,-4.04394,-7.95,1.13
1754487240,-4.04681,-7.95,1.15
1754487300,-4.05017,-7.95,1.16
1754487360,-4.05249,-7.94,1.18
1754487420,-4.05808,-7.94,1.2
1754487480,-4.0638,-7.93,1.22
1754487540,-4.06541,-7.92,1.23
1754487600,-4.06595,-7.92,1.24
1754487660,-4.06779,-7.91,1.26
1754487720,-4.0684,-7.9,1.27
1754487780,-4.06967,-7.9,1.28
1754487840,-4.07175,-7.89,1.3
1754487900,-4.07379,-7.9,1.31
1754487960,-4.07509,-7.89,1.32
1754488020,-4.07793,-7.89,1.33
1754488080,-4.07825,-7.89,1.34
1754488140,-4.08057,-7.89,1.35
1754488200,-4.08283,-7.89,1.36
1754488260,-4.0839,-7.9,1.36
1754488320,-4.0842,-7.9,1.36
1754488380,-4.08431,-7.9,1.37
1754488440,-4.0844,-7.91,1.37
1754488500,-4.08498,-7.91,1.37
1754488560,-4.08381,-7.91,1.37
1754488620,-4.08228,-7.92,1.37
1754488680,-4.07797,-7.92,1.36
1754488740,-4.07349,-7.92,1.36
1754488800,-4.07103,-7.92,1.36
1754488860,-4.06957,-7.93,1.35
1754488920,-4.06447,-7.94,1.35
1754488980,-4.0631,-7.97,1.34
1754489040,-4.05833,-7.96,1.34
1754489100,-4.05598,-7.96,1.33
1754489160,-4.05468,-7.95,1.32
1754489220,-4.05533,-7.96,1.31
1754489280,-4.05342,-7.96,1.3
1754489340,-4.05324,-7.96,1.28
1754489400,-4.05405,-7.96,1.26
1754489460,-4.05102,-7.97,1.24
1754489520,-4.04505,-7.96,1.23
1754489580,-4.04194,-7.95,1.21
1754489640,-4.04166,-7.96,1.2
1754489700,-4.03827,-7.96,1.18
1754489760,-4.03338,-7.98,1.16
1754489820,-4.02853,-7.98,1.15
1754489880,-4.01948,-7.97,1.13
1754489940,-4.01795,-7.96,1.12
1754490000,-4.01385,-7.95,1.1
1754490060,-4.00883,-7.97,1.09
1754490120,-4.0053,-7.95,1.08
1754490180,-4.00227,-7.94,1.06
1754490240,-4.00103,-7.94,1.05
1754490300,-4.00304,-7.93,1.04
1754490360,-4.00351,-7.93,1.02
1754490420,-4.00102,-7.94,1.01
1754490480,-4.00303,-7.94,0.99
1754490540,-4.00263,-7.95,0.98
1754490600,-3.99981,-7.95,0.96
1754490660,-3.99922,-7.96,0.95
1754490720,-3.99757,-7.97,0.93
1754490780,-3.99374,-7.96,0.92
1754490840,-3.99372,-7.96,0.91
1754490900,-3.99814,-7.98,0.9
1754490960,-3.99993,-7.99,0.89
1754491020,-3.99815,-8,0.88
1754491080,-3.99568,-8.01,0.87
1754491140,-3.99223,-8,0.86
1754491200,-3.98958,-8,0.86
1754491260,-3.98659,-8.01,0.86
1754491320,-3.98473,-8.01,0.85
1754491380,-3.98439,-8.01,0.85
1754491440,-3.98406,-8.01,0.86
1754491500,-3.98331,-8.01,0.86
1754491560,-3.98353,-8.01,0.86
1754491620,-3.98712,-8.01,0.87
1754491680,-3.98893,-8.01,0.87
1754491740,-3.99083,-8.02,0.87
1754491800,-3.989,-8.01,0.88
1754491860,-3.98737,-8,0.88
1754491920,-3.98736,-8,0.9
1754491980,-3.98788,-8,0.91
1754492040,-3.98974,-8.02,0.92
1754492100,-3.99126,-8,0.94
1754492160,-3.99562,-7.97,0.96
1754492220,-4.00139,-7.98,0.97
1754492280,-4.007,-7.97,0.99
1754492340,-4.01277,-7.96,1.01
1754492400,-4.01392,-7.96,1.03
1754492460,-4.01615,-7.96,1.05
1754492520,-4.02032,-7.96,1.07
1754492580,-4.02567,-7.96,1.09
1754492640,-4.03076,-7.96,1.1
1754492700,-4.03536,-7.97,1.12
1754492760,-4.04125,-7.97,1.14
1754492820,-4.04605,-7.98,1.15
1754492880,-4.05004,-7.98,1.17
1754492940,-4.05249,-7.98,1.18
1754493000,-4.05613,-7.98,1.19
1754493060,-4.05766,-8,1.2
1754493120,-4.0585,-7.99,1.22
1754493180,-4.06053,-7.98,1.23
1754493240,-4.06188,-7.97,1.24
1754493300,-4.06367,-7.96,1.25
1754493360,-4.06695,-7.96,1.26
1754493420,-4.06875,-7.96,1.27
1754493480,-4.06832,-7.95,1.28
1754493540,-4.06761,-7.94,1.29
1754493600,-4.06663,-7.93,1.3
1754493660,-4.06702,-7.93,1.31
1754493720,-4.0655,-7.93,1.33
1754493780,-4.06342,-7.93,1.34
1754493840,-4.06171,-7.94,1.35
1754493900,-4.06095,-7.95,1.36
1754493960,-4.05931,-7.95,1.37
1754494020,-4.06149,-7.95,1.37
1754494080,-4.06333,-7.98,1.38
1754494140,-4.06643,-7.98,1.38
1754494200,-4.06784,-7.99,1.39
1754494260,-4.07009,-7.99,1.39
1754494320,-4.07177,-8,1.39
1754494380,-4.07608,-8.01,1.38
1754494440,-4.07909,-8.01,1.38
1754494500,-4.08059,-8.01,1.37
1754494560,-4.08285,-8.01,1.37
1754494620,-4.08517,-8.01,1.36
1754494680,-4.0845,-8.01,1.35
1754494740,-4.08336,-8,1.34
1754494800,-4.07998,-8.01,1.33
1754494860,-4.07978,-8.01,1.32
1754494920,-4.077,-8.01,1.31
1754494980,-4.07319,-8.01,1.3
1754495040,-4.07081,-8,1.29
1754495100,-4.06815,-8,1.28
1754495160,-4.06805,-7.99,1.26
1754495220,-4.06837,-7.99,1.25
1754495280,-4.06422,-8.01,1.23
1754495340,-4.06457,-7.99,1.21
1754495400,-4.06352,-7.99,1.19
1754495460,-4.05757,-7.99,1.17
1754495520,-4.0575,-7.98,1.15
1754495580,-4.05143,-7.98,1.13
1754495640,-4.05028,-7.97,1.12
1754495700,-4.04159,-7.96,1.1
1754495760,-4.03767,-7.96,1.08
1754495820,-4.03758,-7.95,1.06
1754495880,-4.03961,-7.94,1.05
1754495940,-4.03274,-7.93,1.03
1754496000,-4.02957,-7.92,1.01
1754496060,-4.02899,-7.91,1
1754496120,-4.02204,-7.92,0.98
1754496180,-4.02108,-7.92,0.97
1754496240,-4.01966,-7.93,0.96
1754496300,-4.01643,-7.94,0.95
1754496360,-4.01469,-7.94,0.94
1754496420,-4.01651,-7.95,0.93
1754496480,-4.01504,-7.95,0.92
1754496540,-4.01283,-7.96,0.9
1754496600,-4.01142,-7.97,0.89
1754496660,-4.0137,-7.97,0.88
1754496720,-4.01315,-7.98,0.87
1754496780,-4.00957,-7.99,0.86
1754496840,-4.00642,-7.98,0.86
1754496900,-4.00331,-7.98,0.85
1754496960,-4.00415,-7.99,0.85
1754497020,-4.00237,-7.99,0.84
1754497080,-3.99446,-7.98,0.84
1754497140,-3.98958,-7.98,0.84
1754497200,-3.9865,-7.97,0.85
1754497260,-3.98789,-7.97,0.85
1754497320,-3.98311,-7.96,0.86
1754497380,-3.98224,-7.97,0.87
1754497440,-3.98356,-7.96,0.88
1754497500,-3.98832,-7.96,0.89
1754497560,-3.99333,-7.97,0.9
1754497620,-3.99292,-7.98,0.91
1754497680,-3.99553,-7.98,0.93
1754497740,-3.99891,-7.98,0.94
1754497800,-4.00047,-7.96,0.95
1754497860,-4.00278,-7.98,0.96
1754497920,-4.00609,-8,0.97
1754497980,-4.0069,-7.99,0.99
1754498040,-4.00905,-7.99,1
1754498100,-4.00674,-7.98,1.01
1754498160,-4.00865,-7.99,1.03
1754498220,-4.01116,-8,1.05
1754498280,-4.01303,-7.99,1.07
1754498340,-4.0129,-7.98,1.08
1754498400,-4.01204,-7.97,1.1
1754498460,-4.01261,-7.97,1.12
1754498520,-4.01431,-7.97,1.14
1754498580,-4.01816,-7.96,1.16
1754498640,-4.02592,-7.94,1.18
1754498700,-4.02852,-7.96,1.19
1754498760,-4.03055,-7.96,1.21
1754498820,-4.03535,-7.96,1.22
1754498880,-4.03903,-7.96,1.23
1754498940,-4.04305,-7.96,1.25
1754499000,-4.046,-7.95,1.26
1754499060,-4.04893,-7.95,1.27
1754499120,-4.05303,-7.95,1.28
1754499180,-4.0559,-7.95,1.29
1754499240,-4.06068,-7.95,1.3
1754499300,-4.06233,-7.95,1.31
1754499360,-4.06411,-7.95,1.32
1754499420,-4.06427,-7.95,1.33
1754499480,-4.06374,-7.95,1.33
1754499540,-4.06185,-7.94,1.34
1754499600,-4.06053,-7.94,1.35
1754499660,-4.05958,-7.94,1.36
1754499720,-4.05823,-7.94,1.36
1754499780,-4.05893,-7.94,1.37
1754499840,-4.05876,-7.93,1.37
1754499900,-4.0615,-7.94,1.37
1754499960,-4.06386,-7.96,1.37
1754500020,-4.06789,-7.96,1.37
1754500080,-4.06821,-7.96,1.36
1754500140,-4.07026,-7.97,1.36
1754500200,-4.07015,-7.97,1.35
1754500260,-4.0717,-7.98,1.34
1754500320,-4.07193,-7.98,1.32
1754500380,-4.07168,-7.99,1.31
1754500440,-4.07075,-8,1.29
1754500500,-4.06709,-7.99,1.27
1754500560,-4.06309,-8,1.25
1754500620,-4.05782,-8,1.23
1754500680,-4.05007,-7.99,1.21
1754500740,-4.0413,-7.98,1.2
1754500800,-4.03187,-7.98,1.18
1754500860,-4.02371,-7.97,1.17
1754500920,-4.01919,-7.97,1.16
1754500980,-4.01466,-7.99,1.14
1754501040,-4.01045,-7.98,1.13
1754501100,-4.00744,-7.97,1.12
1754501160,-4.0083,-7.95,1.11
1754501220,-4.00948,-7.95,1.09
1754501280,-4.00891,-7.96,1.08
1754501340,-4.00967,-7.97,1.06
1754501400,-4.00832,-7.97,1.05
1754501460,-4.00665,-7.97,1.04
1754501520,-4.00674,-7.97,1.02
1754501580,-4.00659,-7.98,1.01
1754501640,-4.00755,-7.97,0.99
1754501700,-4.00904,-7.98,0.98
1754501760,-4.00875,-7.99,0.96
1754501820,-4.00856,-7.99,0.95
1754501880,-4.0066,-7.98,0.94
1754501940,-4.00265,-7.98,0.93
1754502000,-3.99699,-7.97,0.92
1754502060,-3.99466,-7.98,0.91
1754502120,-3.99258,-7.98,0.9
1754502180,-3.99099,-7.98,0.89
1754502240,-3.9912,-7.98,0.89
1754502300,-3.99118,-7.99,0.88
1754502360,-3.99217,-8,0.88
1754502420,-3.9933,-8.01,0.87
1754502480,-3.99416,-8.02,0.87
1754502540,-3.99202,-8.03,0.87
1754502600,-3.99594,-8.03,0.87
1754502660,-3.99839,-8.03,0.86
1754502720,-3.99575,-8.04,0.86
1754502780,-3.99415,-8.05,0.86
1754502840,-3.99316,-8.02,0.87
1754502900,-3.99344,-8.02,0.88
1754502960,-3.99438,-8.01,0.89
1754503020,-3.99741,-8.01,0.89
1754503080,-4.0005,-8.01,0.9
1754503140,-4.003,-8,0.91
1754503200,-4.00459,-7.99,0.92
1754503260,-4.00544,-7.98,0.93
1754503320,-4.00626,-7.98,0.95
1754503380,-4.00874,-7.98,0.96
1754503440,-4.01126,-7.99,0.98
1754503500,-4.01566,-7.97,0.99
1754503560,-4.01385,-7.97,1
1754503620,-4.0163,-7.97,1.02
1754503680,-4.01792,-7.98,1.04
1754503740,-4.01926,-7.98,1.06
1754503800,-4.02168,-7.98,1.07
1754503860,-4.02944,-7.98,1.09
1754503920,-4.03309,-7.97,1.11
1754503980,-4.03493,-7.97,1.12
1754504040,-4.03804,-7.97,1.14
1754504100,-4.04088,-7.96,1.15
1754504160,-4.04093,-7.96,1.17
1754504220,-4.04305,-7.95,1.19
1754504280,-4.04548,-7.95,1.21
1754504340,-4.04597,-7.93,1.22
1754504400,-4.0466,-7.91,1.24
1754504460,-4.04892,-7.9,1.26
1754504520,-4.05055,-7.9,1.28
1754504580,-4.05119,-7.9,1.29
1754504640,-4.05366,-7.89,1.31
1754504700,-4.05645,-7.9,1.32
1754504760,-4.06081,-7.91,1.33
1754504820,-4.06558,-7.91,1.35
1754504880,-4.06966,-7.91,1.36
1754504940,-4.07352,-7.92,1.36
1754505000,-4.07571,-7.94,1.37
1754505060,-4.07711,-7.95,1.37
1754505120,-4.07999,-7.95,1.38
1754505180,-4.08082,-7.96,1.38
1754505240,-4.07786,-7.96,1.37
1754505300,-4.0783,-7.97,1.37
1754505360,-4.07778,-7.98,1.37
1754505420,-4.0783,-7.99,1.37
1754505480,-4.07532,-7.98,1.37
1754505540,-4.07142,-7.97,1.37
1754505600,-4.06734,-7.97,1.36
1754505660,-4.06469,-7.97,1.36
1754505720,-4.06339,-7.97,1.35
1754505780,-4.06196,-7.99,1.34
1754505840,-4.06184,-7.99,1.34
1754505900,-4.0618,-7.99,1.33
1754505960,-4.06145,-7.99,1.31
1754506020,-4.0603,-8,1.29
1754506080,-4.05985,-8.01,1.28
1754506140,-4.05819,-8.01,1.26
1754506200,-4.05661,-8.02,1.24
1754506260,-4.05408,-8.03,1.22
1754506320,-4.05189,-8.03,1.2
1754506380,-4.04949,-8.01,1.18
1754506440,-4.04567,-8.01,1.17
1754506500,-4.03944,-8,1.14
1754506560,-4.03398,-7.99,1.13
1754506620,-4.03168,-7.99,1.11
1754506680,-4.02662,-7.99,1.09
1754506740,-4.01994,-7.98,1.08
1754506800,-4.01339,-7.98,1.06
1754506860,-4.00722,-7.97,1.05
1754506920,-4.00295,-7.97,1.04
1754506980,-3.9966,-7.98,1.04
1754507040,-3.99474,-7.98,1.03
1754507100,-3.99545,-7.97,1.02
1754507160,-3.99733,-7.98,1.01
1754507220,-3.9999,-7.98,1
1754507280,-4.00215,-7.99,0.99
1754507340,-4.00188,-7.99,0.97
1754507400,-4.00361,-8,0.96
1754507460,-4.00736,-8,0.95
1754507520,-4.00921,-8.01,0.94
1754507580,-4.00989,-8,0.92
1754507640,-4.01291,-8,0.91
1754507700,-4.0096,-8,0.89
1754507760,-4.01036,-8.01,0.88
1754507820,-4.01,-8.01,0.86
1754507880,-4.00914,-8.01,0.85
1754507940,-4.00362,-8.01,0.85
1754508000,-3.99955,-8.01,0.84
1754508060,-3.99568,-8.02,0.84
1754508120,-3.99067,-8.02,0.84
1754508180,-3.98711,-8.03,0.84
1754508240,-3.98349,-8.04,0.84
1754508300,-3.98075,-8.03,0.85
1754508360,-3.97695,-8.03,0.85
1754508420,-3.97695,-8.04,0.86
1754508480,-3.97384,-8.05,0.87
1754508540,-3.97363,-8.04,0.88
1754508600,-3.97485,-8.04,0.89
1754508660,-3.98235,-8.03,0.9
1754508720,-3.98755,-8.02,0.91
1754508780,-3.99034,-8.02,0.92
1754508840,-3.99324,-8.02,0.93
1754508900,-3.99646,-8.02,0.94
1754508960,-4.00049,-8.02,0.95
1754509020,-4.00424,-8,0.97
1754509080,-4.0053,-7.96,0.98
1754509140,-4.00836,-7.96,0.99
1754509200,-4.00967,-7.96,1
1754509260,-4.01078,-7.95,1.02
1754509320,-4.01049,-7.95,1.04
1754509380,-4.01106,-7.96,1.05
1754509440,-4.01328,-7.97,1.07
1754509500,-4.0138,-7.97,1.09
1754509560,-4.01709,-7.98,1.11
1754509620,-4.02014,-7.98,1.13
1754509680,-4.02447,-7.98,1.14
1754509740,-4.02644,-7.98,1.16
1754509800,-4.02964,-7.97,1.17
1754509860,-4.03192,-7.97,1.19
1754509920,-4.03654,-7.96,1.2
1754509980,-4.04061,-7.96,1.21
1754510040,-4.0426,-7.96,1.23
1754510100,-4.04263,-7.95,1.24
1754510160,-4.04411,-7.95,1.25
1754510220,-4.04604,-7.95,1.26
1754510280,-4.04856,-7.94,1.28
1754510340,-4.04903,-7.92,1.29
1754510400,-4.04271,-7.91,1.29
1754510460,-4.04298,-7.9,1.31
1754510520,-4.03989,-7.9,1.32
1754510580,-4.04292,-7.9,1.33
1754510640,-4.04349,-7.9,1.35
1754510700,-4.04541,-7.91,1.36
1754510760,-4.04727,-7.91,1.36
1754510820,-4.05146,-7.92,1.37
1754510880,-4.05395,-7.93,1.38
1754510940,-4.05825,-7.95,1.38
1754511000,-4.06265,-7.96,1.38
1754511060,-4.06598,-7.97,1.38
1754511120,-4.06983,-7.98,1.38
1754511180,-4.07261,-7.98,1.37
1754511240,-4.07419,-7.99,1.36
1754511300,-4.07484,-8,1.36
1754511360,-4.07497,-8,1.35
1754511420,-4.07479,-8.01,1.33
1754511480,-4.07269,-8.01,1.32
1754511540,-4.06931,-8.01,1.31
1754511600,-4.06567,-8,1.3
1754511660,-4.06226,-8,1.28
1754511720,-4.0583,-8,1.27
1754511780,-4.05393,-8,1.25
1754511840,-4.05078,-8,1.23
1754511900,-4.04737,-8,1.22
1754511960,-4.04372,-8,1.2
1754512020,-4.03906,-8,1.19
1754512080,-4.03536,-8,1.17
1754512140,-4.03257,-8,1.15
1754512200,-4.02907,-7.99,1.14
1754512260,-4.02672,-7.99,1.12
1754512320,-4.02516,-7.98,1.11
1754512380,-4.02265,-7.98,1.09
1754512440,-4.02246,-7.97,1.08
1754512500,-4.02126,-7.97,1.07
1754512560,-4.02091,-7.96,1.05
1754512620,-4.02067,-7.95,1.04
1754512680,-4.01865,-7.94,1.03
1754512740,-4.01708,-7.93,1.01
1754512800,-4.01639,-7.93,1
1754512860,-4.01501,-7.92,0.99
1754512920,-4.01286,-7.92,0.98
1754512980,-4.01232,-7.93,0.97
1754513040,-4.01285,-7.93,0.97
1754513100,-4.01338,-7.93,0.96
1754513160,-4.01305,-7.94,0.95
1754513220,-4.0137,-7.95,0.94
1754513280,-4.01441,-7.95,0.93
1754513340,-4.01449,-7.96,0.91
1754513400,-4.01506,-7.96,0.9
1754513460,-4.01472,-7.97,0.89
1754513520,-4.015,-7.97,0.88
1754513580,-4.01475,-7.98,0.88
1754513640,-4.01271,-7.98,0.87
1754513700,-4.01084,-7.98,0.87
1754513760,-4.00891,-7.98,0.86
1754513820,-4.00674,-7.98,0.86
1754513880,-4.00318,-7.98,0.86
1754513940,-4.00059,-7.97,0.87
1754514000,-3.99755,-7.96,0.87
1754514060,-3.99457,-7.95,0.88
1754514120,-3.99235,-7.96,0.89
1754514180,-3.99151,-7.96,0.9
1754514240,-3.99282,-7.95,0.92
1754514300,-3.9952,-7.95,0.93
1754514360,-3.99698,-7.95,0.94
1754514420,-3.99781,-7.96,0.95
1754514480,-4.00142,-7.96,0.96
1754514540,-4.00254,-7.97,0.97
1754514600,-4.00552,-7.98,0.99
1754514660,-4.00775,-7.98,1
1754514720,-4.01227,-7.97,1.02
1754514780,-4.01553,-7.96,1.03
1754514840,-4.0194,-7.95,1.04
1754514900,-4.02315,-7.94,1.05
1754514960,-4.02449,-7.93,1.06
1754515020,-4.02583,-7.9,1.07
1754515080,-4.0252,-7.89,1.09
1754515140,-4.02526,-7.87,1.1
1754515200,-4.02577,-7.85,1.11
1754515260,-4.02641,-7.84,1.13
1754515320,-4.02599,-7.84,1.14
1754515380,-4.02699,-7.84,1.15
1754515440,-4.02614,-7.84,1.16
1754515500,-4.02751,-7.85,1.17
1754515560,-4.02789,-7.86,1.19
1754515620,-4.02848,-7.87,1.2
1754515680,-4.02873,-7.87,1.21
1754515740,-4.0289,-7.87,1.22
1754515800,-4.02914,-7.87,1.23
1754515860,-4.02965,-7.88,1.24
1754515920,-4.02882,-7.87,1.25
1754515980,-4.02797,-7.86,1.25
1754516040,-4.0273,-7.87,1.26
1754516100,-4.02543,-7.86,1.27
1754516160,-4.02727,-7.85,1.28
1754516220,-4.02939,-7.84,1.29
1754516280,-4.02937,-7.84,1.3
1754516340,-4.02878,-7.83,1.3
1754516400,-4.02695,-7.83,1.31
1754516460,-4.02802,-7.84,1.32
1754516520,-4.02808,-7.83,1.32
1754516580,-4.02961,-7.83,1.33
1754516640,-4.03255,-7.84,1.33
1754516700,-4.0369,-7.84,1.34
1754516760,-4.0406,-7.85,1.34
1754516820,-4.04463,-7.86,1.33
1754516880,-4.04622,-7.87,1.33
1754516940,-4.04745,-7.88,1.32
1754517000,-4.049,-7.89,1.32
1754517060,-4.05112,-7.9,1.31
1754517120,-4.05227,-7.91,1.3
1754517180,-4.05262,-7.91,1.29
1754517240,-4.05252,-7.92,1.27
1754517300,-4.05164,-7.91,1.26
1754517360,-4.05026,-7.9,1.24
1754517420,-4.04841,-7.9,1.23
1754517480,-4.04525,-7.89,1.21
1754517540,-4.0402,-7.89,1.19
1754517600,-4.036,-7.88,1.18
1754517660,-4.03205,-7.87,1.16
1754517720,-4.02855,-7.87,1.15
1754517780,-4.02526,-7.87,1.14
1754517840,-4.02284,-7.87,1.13
1754517900,-4.01936,-7.87,1.11
1754517960,-4.01786,-7.86,1.1
1754518020,-4.01898,-7.88,1.09
1754518080,-4.01786,-7.88,1.07
1754518140,-4.01731,-7.89,1.06
1754518200,-4.01835,-7.89,1.04
1754518260,-4.01679,-7.89,1.03
1754518320,-4.01473,-7.9,1.01
1754518380,-4.0137,-7.9,1
1754518440,-4.01204,-7.91,0.99
1754518500,-4.01031,-7.91,0.97
1754518560,-4.00832,-7.92,0.96
1754518620,-4.00809,-7.94,0.95
1754518680,-4.00575,-7.93,0.95
1754518740,-4.00104,-7.91,0.94
1754518800,-3.99715,-7.91,0.93
1754518860,-3.99561,-7.92,0.92
1754518920,-3.99472,-7.93,0.91
1754518980,-3.99215,-7.94,0.9
1754519040,-3.98989,-7.93,0.9
1754519100,-3.98666,-7.94,0.89
1754519160,-3.98745,-7.95,0.89
1754519220,-3.9895,-7.96,0.89
1754519280,-3.992,-7.96,0.89
1754519340,-3.99347,-7.97,0.89
1754519400,-3.99464,-7.97,0.88
1754519460,-3.997,-7.98,0.88
1754519520,-3.99921,-7.98,0.89
1754519580,-3.99847,-7.99,0.88
1754519640,-3.99828,-7.99,0.88
1754519700,-3.99595,-7.99,0.89
1754519760,-3.99497,-8,0.9
1754519820,-3.99474,-8,0.91
1754519880,-3.99444,-7.99,0.92
1754519940,-3.99394,-7.99,0.93
1754520000,-3.99421,-7.98,0.95
1754520060,-3.99536,-7.98,0.97
1754520120,-3.99775,-7.99,0.99
1754520180,-4.00058,-7.99,1.01
1754520240,-4.00638,-8,1.03
1754520300,-4.01236,-8.01,1.05
1754520360,-4.01947,-8.02,1.08
1754520420,-4.02562,-8.02,1.09
1754520480,-4.0317,-8.03,1.11
1754520540,-4.038,-8.04,1.13
1754520600,-4.04339,-8.04,1.14
1754520660,-4.04914,-8.05,1.16
1754520720,-4.05564,-8.05,1.17
1754520780,-4.05997,-8.05,1.18
1754520840,-4.06608,-8.05,1.2
1754520900,-4.06878,-8.05,1.2
1754520960,-4.07088,-8.05,1.21
1754521020,-4.06974,-8.05,1.22
1754521080,-4.07407,-8.04,1.24
1754521140,-4.07021,-8.03,1.25
1754521200,-4.07148,-8.02,1.26
1754521260,-4.07094,-8.02,1.27
1754521320,-4.07171,-8.01,1.28
1754521380,-4.07287,-8.01,1.3
1754521440,-4.07364,-8.01,1.31
1754521500,-4.07459,-8.01,1.31
1754521560,-4.0756,-8.01,1.32
1754521620,-4.07636,-8.02,1.33
1754521680,-4.07584,-8.02,1.34
1754521740,-4.07697,-8.02,1.34
1754521800,-4.07733,-8.02,1.35
1754521860,-4.08113,-8.02,1.35
1754521920,-4.08042,-8.02,1.35
1754521980,-4.07953,-8.02,1.36
1754522040,-4.07885,-8.02,1.36
1754522100,-4.07933,-8.02,1.36
1754522160,-4.0807,-8.02,1.36
1754522220,-4.08091,-8.02,1.36
1754522280,-4.08058,-8.02,1.36
1754522340,-4.08086,-8.01,1.36
1754522400,-4.08063,-8.01,1.36
1754522460,-4.07944,-8.01,1.36
1754522520,-4.07844,-8.01,1.35
1754522580,-4.07845,-8.01,1.35
1754522640,-4.07857,-8.01,1.34
1754522700,-4.07861,-8.02,1.33
1754522760,-4.07817,-8.02,1.32
1754522820,-4.07692,-8.02,1.31
1754522880,-4.07603,-8.02,1.29
1754522940,-4.07672,-8.01,1.28
1754523000,-4.0758,-8.01,1.26
1754523060,-4.0754,-8,1.24
1754523120,-4.07443,-8,1.22
1754523180,-4.07187,-7.99,1.2
1754523240,-4.07007,-7.98,1.18
1754523300,-4.06733,-7.97,1.16
1754523360,-4.06266,-7.96,1.14
1754523420,-4.05666,-7.95,1.11
1754523480,-4.05059,-7.94,1.09
1754523540,-4.04197,-7.92,1.07
1754523600,-4.03361,-7.91,1.05
1754523660,-4.02727,-7.9,1.04
1754523720,-4.02215,-7.9,1.02
1754523780,-4.01766,-7.9,1.01
1754523840,-4.01388,-7.9,1
1754523900,-4.00996,-7.9,0.99
1754523960,-4.00824,-7.91,0.98
1754524020,-4.00542,-7.91,0.97
1754524080,-4.00505,-7.92,0.96
1754524140,-4.00561,-7.93,0.95
1754524200,-4.0064,-7.93,0.93
1754524260,-4.00784,-7.94,0.92
1754524320,-4.00682,-7.94,0.91
1754524380,-4.00563,-7.95,0.9
1754524440,-4.00562,-7.95,0.89
1754524500,-4.0054,-7.95,0.88
1754524560,-4.00662,-7.96,0.87
1754524620,-4.00628,-7.96,0.86
1754524680,-4.00451,-7.96,0.85
1754524740,-4.00231,-7.95,0.85
1754524800,-3.99823,-7.95,0.84
1754524860,-3.99397,-7.95,0.84
1754524920,-3.98983,-7.95,0.84
1754524980,-3.98637,-7.95,0.84
1754525040,-3.98358,-7.96,0.84
1754525100,-3.98169,-7.96,0.84
1754525160,-3.9812,-7.96,0.85
1754525220,-3.98155,-7.96,0.85
1754525280,-3.98471,-7.96,0.86
1754525340,-3.98395,-7.96,0.87
1754525400,-3.98376,-7.96,0.87
1754525460,-3.98588,-7.95,0.88
1754525520,-3.98707,-7.95,0.89
1754525580,-3.98955,-7.95,0.91
1754525640,-3.99034,-7.96,0.92
1754525700,-3.99139,-7.95,0.93
1754525760,-3.99424,-7.94,0.95
1754525820,-3.99741,-7.94,0.97
1754525880,-3.99701,-7.94,0.98
1754525940,-3.99725,-7.93,1
1754526000,-3.99764,-7.93,1.03
1754526060,-4.00185,-7.92,1.05
1754526120,-4.00562,-7.92,1.07
1754526180,-4.00962,-7.92,1.09
1754526240,-4.01433,-7.92,1.11
1754526300,-4.01917,-7.93,1.13
1754526360,-4.02482,-7.93,1.15
1754526420,-4.03013,-7.93,1.16
1754526480,-4.03328,-7.93,1.18
1754526540,-4.03799,-7.93,1.19
1754526600,-4.04201,-7.93,1.2
1754526660,-4.04558,-7.93,1.22
1754526720,-4.04915,-7.93,1.23
1754526780,-4.0525,-7.92,1.24
1754526840,-4.05509,-7.92,1.25
1754526900,-4.05738,-7.92,1.25
1754526960,-4.05887,-7.91,1.26
1754527020,-4.05995,-7.91,1.27
1754527080,-4.06059,-7.9,1.28
1754527140,-4.05859,-7.89,1.29
1754527200,-4.05608,-7.89,1.29
1754527260,-4.05459,-7.89,1.3
1754527320,-4.05433,-7.89,1.31
1754527380,-4.05289,-7.89,1.32
1754527440,-4.05254,-7.9,1.33
1754527500,-4.05252,-7.9,1.34
1754527560,-4.05265,-7.91,1.34
1754527620,-4.05453,-7.91,1.35
1754527680,-4.05548,-7.92,1.35
1754527740,-4.05595,-7.93,1.35
1754527800,-4.05692,-7.93,1.35
1754527860,-4.05758,-7.94,1.35
1754527920,-4.05838,-7.94,1.35
1754527980,-4.05648,-7.95,1.34
1754528040,-4.05594,-7.95,1.33
1754528100,-4.0551,-7.95,1.32
1754528160,-4.05597,-7.96,1.32
1754528220,-4.05971,-7.96,1.31
1754528280,-4.06113,-7.96,1.3
1754528340,-4.06004,-7.96,1.28
1754528400,-4.05805,-7.96,1.27
1754528460,-4.05447,-7.96,1.25
1754528520,-4.05215,-7.96,1.23
1754528580,-4.04902,-7.96,1.22
1754528640,-4.04651,-7.97,1.21
1754528700,-4.0434,-7.97,1.19
1754528760,-4.0418,-7.97,1.17
1754528820,-4.03831,-7.97,1.15
1754528880,-4.03583,-7.97,1.14
1754528940,-4.03348,-7.97,1.12
1754529000,-4.03092,-7.97,1.1
1754529060,-4.02699,-7.97,1.08
1754529120,-4.02465,-7.97,1.07
1754529180,-4.02364,-7.96,1.05
1754529240,-4.0224,-7.96,1.04
1754529300,-4.0224,-7.96,1.04
1754529360,-4.0224,-7.96,1.04
1754529420,-4.0224,-7.96,1.04
1754529480,-4.0224,-7.96,1.04
1754529540,-4.0224,-7.96,1.04
1754529600,-4.0224,-7.96,1.04
1754529660,-4.0224,-7.96,1.04
1754529720,-4.0224,-7.96,1.04
1754529780,-4.0224,-7.96,1.04
1754529840,-4.0224,-7.96,1.04
1754529900,-4.0224,-7.96,1.04
1754529960,-4.0224,-7.96,1.04
1754530020,-4.0224,-7.96,1.04
1754530080,-4.0224,-7.96,1.04
1754530140,-4.0224,-7.96,1.04
1754530200,-4.02023,-8,0.89
1754530260,-4.02249,-8.01,0.88
1754530320,-4.02284,-8,0.87
1754530380,-4.02273,-7.99,0.87
1754530440,-4.02375,-7.99,0.86
1754530500,-4.02228,-8,0.86
1754530560,-4.02223,-8,0.86
1754530620,-4.0226,-7.99,0.86
1754530680,-4.02067,-7.98,0.86
1754530740,-4.01892,-7.98,0.87
1754530800,-4.01686,-7.97,0.87
1754530860,-4.01442,-7.97,0.88
1754530920,-4.01277,-7.97,0.89
1754530980,-4.01212,-7.97,0.91
1754531040,-4.01301,-7.96,0.92
1754531100,-4.01462,-7.96,0.93
1754531160,-4.01778,-7.96,0.95
1754531220,-4.02,-7.96,0.96
1754531280,-4.02133,-7.96,0.98
1754531340,-4.02488,-7.96,0.99
1754531400,-4.02888,-7.96,1.01
1754531460,-4.03291,-7.95,1.02
1754531520,-4.03626,-7.95,1.04
1754531580,-4.03868,-7.95,1.05
1754531640,-4.04082,-7.95,1.07
1754531700,-4.04377,-7.94,1.08
1754531760,-4.04521,-7.94,1.09
1754531820,-4.04649,-7.93,1.11
1754531880,-4.04707,-7.93,1.12
1754531940,-4.04755,-7.92,1.14
1754532000,-4.04829,-7.91,1.15
1754532060,-4.04843,-7.9,1.17
1754532120,-4.04916,-7.9,1.19
1754532180,-4.05052,-7.9,1.21
1754532240,-4.05291,-7.89,1.22
1754532300,-4.05504,-7.89,1.24
1754532360,-4.05642,-7.89,1.25
1754532420,-4.05881,-7.89,1.26
1754532480,-4.06061,-7.89,1.27
1754532540,-4.06258,-7.89,1.28
1754532600,-4.0647,-7.89,1.29
1754532660,-4.06679,-7.89,1.29
1754532720,-4.06801,-7.89,1.3
1754532780,-4.06758,-7.89,1.3
1754532840,-4.06731,-7.89,1.31
1754532900,-4.06691,-7.89,1.31
1754532960,-4.06514,-7.89,1.31
1754533020,-4.06278,-7.89,1.32
1754533080,-4.06052,-7.89,1.32
1754533140,-4.05601,-7.88,1.32
1754533200,-4.05062,-7.88,1.32
1754533260,-4.04704,-7.88,1.33
1754533320,-4.04642,-7.89,1.33
1754533380,-4.0462,-7.89,1.33
1754533440,-4.04511,-7.9,1.33
1754533500,-4.04308,-7.91,1.33
1754533560,-4.04329,-7.92,1.32
1754533620,-4.04477,-7.92,1.32
1754533680,-4.04635,-7.93,1.31
1754533740,-4.04656,-7.94,1.3
1754533800,-4.04722,-7.95,1.29
1754533860,-4.04766,-7.95,1.28
1754533920,-4.04786,-7.96,1.27
1754533980,-4.0489,-7.96,1.25
1754534040,-4.048,-7.96,1.23
1754534100,-4.0465,-7.96,1.22
1754534160,-4.04295,-7.95,1.2
1754534220,-4.04018,-7.94,1.18
1754534280,-4.03593,-7.93,1.16
1754534340,-4.0305,-7.92,1.14
1754534400,-4.02555,-7.91,1.12
1754534460,-4.02086,-7.9,1.1
1754534520,-4.01475,-7.89,1.08
1754534580,-4.00958,-7.88,1.07
1754534640,-4.00521,-7.88,1.05
1754534700,-4.00075,-7.88,1.03
1754534760,-3.99696,-7.87,1.01
1754534820,-3.99317,-7.87,0.99
1754534880,-3.98934,-7.87,0.98
1754534940,-3.98637,-7.87,0.96
1754535000,-3.98339,-7.87,0.95
1754535060,-3.98136,-7.87,0.93
1754535120,-3.98077,-7.88,0.92
1754535180,-3.97663,-7.88,0.91
1754535240,-3.9766,-7.88,0.91
1754535300,-3.9766,-7.88,0.91
1754535360,-3.9766,-7.88,0.91
1754535420,-3.9766,-7.88,0.91
1754535480,-3.9766,-7.88,0.91
1754535540,-3.9766,-7.88,0.91
1754535600,-3.9766,-7.88,0.91
1754535660,-3.9766,-7.88,0.91
1754535720,-3.9766,-7.88,0.91
1754535780,-3.9766,-7.88,0.91
1754535840,-3.9766,-7.88,0.91
1754535900,-3.9766,-7.88,0.91
1754535960,-3.9766,-7.88,0.91
1754536020,-3.9766,-7.88,0.91
1754536080,-3.9766,-7.88,0.91
1754536140,-3.9766,-7.88,0.91
1754536200,-3.9766,-7.88,0.91
1754536260,-3.9766,-7.88,0.91
1754536320,-3.9766,-7.88,0.91
1754536380,-3.98654,-7.95,0.87
1754536440,-3.98777,-7.95,0.87
1754536500,-3.99337,-7.95,0.88
1754536560,-3.99587,-7.94,0.89
1754536620,-3.99868,-7.94,0.9
1754536680,-3.99954,-7.94,0.91
1754536740,-3.99918,-7.93,0.92
1754536800,-3.99789,-7.93,0.93
1754536860,-3.99735,-7.93,0.95
1754536920,-3.99556,-7.94,0.96
1754536980,-3.99614,-7.94,0.98
1754537040,-3.99628,-7.95,1
1754537100,-3.99638,-7.95,1.02
1754537160,-3.99862,-7.95,1.04
1754537220,-4.00176,-7.96,1.07
1754537280,-4.00581,-7.96,1.09
1754537340,-4.00947,-7.96,1.11
1754537400,-4.0137,-7.96,1.13
1754537460,-4.01849,-7.96,1.15
1754537520,-4.02208,-7.96,1.16
1754537580,-4.02208,-7.96,1.16
1754537640,-4.02208,-7.96,1.16
1754537700,-4.0354,-7.96,1.21
1754537760,-4.03662,-7.95,1.23
1754537820,-4.04378,-7.95,1.24
1754537880,-4.04725,-7.94,1.26
1754537940,-4.0484,-7.93,1.27
1754538000,-4.04921,-7.92,1.28
1754538060,-4.0497,-7.91,1.3
1754538120,-4.05089,-7.9,1.31
1754538180,-4.05186,-7.9,1.32
1754538240,-4.05311,-7.89,1.33
1754538300,-4.05296,-7.89,1.34
1754538360,-4.05477,-7.89,1.35
1754538420,-4.05689,-7.89,1.36
1754538480,-4.05915,-7.89,1.37
1754538540,-4.06103,-7.9,1.37
1754538600,-4.06256,-7.9,1.37
1754538660,-4.06375,-7.9,1.37
1754538720,-4.06475,-7.91,1.37
1754538780,-4.0653,-7.91,1.37
1754538840,-4.06508,-7.91,1.37
1754538900,-4.0645,-7.92,1.37
1754538960,-4.06482,-7.92,1.36
1754539020,-4.064,-7.93,1.36
1754539080,-4.0615,-7.93,1.35
1754539140,-4.05927,-7.93,1.34
1754539200,-4.05617,-7.93,1.33
1754539260,-4.05291,-7.93,1.33
1754539320,-4.05114,-7.94,1.32
1754539380,-4.0476,-7.95,1.31
1754539440,-4.04613,-7.95,1.3
1754539500,-4.04712,-7.96,1.29
1754539560,-4.04711,-7.97,1.28
1754539620,-4.04721,-7.97,1.26
1754539680,-4.04903,-7.97,1.25
1754539740,-4.04978,-7.98,1.24
1754539800,-4.04942,-7.98,1.22
1754539860,-4.04798,-7.98,1.2
1754539920,-4.04707,-7.98,1.18
1754539980,-4.04522,-7.98,1.17
1754540040,-4.04314,-7.97,1.14
1754540100,-4.03982,-7.97,1.13
1754540160,-4.0371,-7.97,1.11
1754540220,-4.0344,-7.96,1.09
1754540280,-4.0304,-7.95,1.07
1754540340,-4.02579,-7.95,1.05
1754540400,-4.02242,-7.94,1.04
1754540460,-4.01812,-7.94,1.03
1754540520,-4.01455,-7.94,1.02
1754540580,-4.01222,-7.94,1
1754540640,-4.01133,-7.94,0.99
1754540700,-4.01111,-7.95,0.98
1754540760,-4.00969,-7.95,0.97
1754540820,-4.0081,-7.96,0.96
1754540880,-4.00791,-7.97,0.95
1754540940,-4.00821,-7.97,0.94
1754541000,-4.00812,-7.98,0.93
1754541060,-4.00864,-7.98,0.92
1754541120,-4.00883,-7.99,0.91
1754541180,-4.00986,-7.99,0.89
1754541240,-4.00831,-8,0.89
1754541300,-4.00863,-8,0.88
1754541360,-4.00868,-8,0.87
1754541420,-4.00942,-8,0.87
1754541480,-4.00963,-8,0.87
1754541540,-4.00963,-8,0.87
1754541600,-4.00963,-8,0.87
1754541660,-4.00963,-8,0.87
1754541720,-4.00963,-8,0.87
1754541780,-4.00963,-8,0.87
1754541840,-4.00963,-8,0.87
1754541900,-4.00963,-8,0.87
1754541960,-4.00963,-8,0.87
1754542020,-4.00963,-8,0.87
1754542080,-4.00963,-8,0.87
1754542140,-4.00963,-8,0.87
1754542200,-4.01217,-7.98,0.93
1754542260,-4.01326,-7.97,0.94
1754542320,-4.01461,-7.97,0.95
1754542380,-4.01516,-7.97,0.96
1754542440,-4.01572,-7.97,0.97
1754542500,-4.01581,-7.97,0.98
1754542560,-4.01664,-7.97,0.99
1754542620,-4.01725,-7.96,1
1754542680,-4.0176,-7.96,1.02
1754542740,-4.0162,-7.95,1.04
1754542800,-4.01601,-7.95,1.05
1754542860,-4.01689,-7.94,1.07
1754542920,-4.01785,-7.94,1.09
1754542980,-4.01784,-7.94,1.11
1754543040,-4.01955,-7.94,1.13
1754543100,-4.022,-7.94,1.15
1754543160,-4.02681,-7.94,1.17
1754543220,-4.03007,-7.94,1.18
1754543280,-4.03425,-7.94,1.2
1754543340,-4.03756,-7.93,1.21
1754543400,-4.03987,-7.93,1.22
1754543460,-4.04144,-7.93,1.23
1754543520,-4.042,-7.92,1.24
1754543580,-4.043,-7.92,1.25
1754543640,-4.0446,-7.91,1.27
1754543700,-4.04683,-7.91,1.28
1754543760,-4.04975,-7.9,1.29
1754543820,-4.05344,-7.9,1.3
1754543880,-4.05523,-7.89,1.31
1754543940,-4.05465,-7.88,1.31
1754544000,-4.05128,-7.88,1.32
1754544060,-4.04799,-7.88,1.33
1754544120,-4.04516,-7.88,1.34
1754544180,-4.04527,-7.88,1.34
1754544240,-4.04512,-7.88,1.35
1754544300,-4.04541,-7.89,1.35
1754544360,-4.04654,-7.89,1.35
1754544420,-4.04728,-7.9,1.35
1754544480,-4.04826,-7.91,1.35
1754544540,-4.04957,-7.92,1.35
1754544600,-4.0494,-7.92,1.34
1754544660,-4.05088,-7.93,1.34
1754544720,-4.0527,-7.94,1.33
1754544780,-4.0532,-7.95,1.32
1754544840,-4.05242,-7.95,1.31
1754544900,-4.05193,-7.96,1.3
1754544960,-4.05242,-7.96,1.29
1754545020,-4.051,-7.96,1.28
1754545080,-4.04726,-7.96,1.27
1754545140,-4.04338,-7.95,1.26
1754545200,-4.04018,-7.95,1.24
1754545260,-4.03588,-7.95,1.23
1754545320,-4.03377,-7.95,1.22
1754545380,-4.03234,-7.95,1.21
1754545440,-4.0311,-7.95,1.2
1754545500,-4.03084,-7.95,1.19
1754545560,-4.0308,-7.94,1.17
1754545620,-4.03212,-7.94,1.16
1754545680,-4.03215,-7.94,1.15
1754545740,-4.02925,-7.94,1.13
1754545800,-4.03076,-7.94,1.11
1754545860,-4.03014,-7.93,1.09
1754545920,-4.02954,-7.93,1.07
1754545980,-4.02746,-7.93,1.05
1754546040,-4.02479,-7.93,1.03
1754546100,-4.02198,-7.93,1.01
1754546160,-4.01847,-7.93,1
1754546220,-4.01696,-7.93,0.98
1754546280,-4.01372,-7.93,0.97
1754546340,-4.00925,-7.93,0.95
1754546400,-4.00428,-7.93,0.94
1754546460,-4.00209,-7.94,0.93
1754546520,-4.00024,-7.94,0.93
1754546580,-3.99919,-7.95,0.92
1754546640,-3.99786,-7.95,0.91
1754546700,-3.99752,-7.96,0.91
1754546760,-3.99637,-7.97,0.9
1754546820,-3.9951,-7.97,0.89
1754546880,-3.99622,-7.98,0.89
1754546940,-3.99599,-7.99,0.89
1754547000,-3.99548,-7.99,0.89
1754547060,-3.99668,-8,0.89
1754547120,-3.99746,-8,0.89
1754547180,-3.99934,-8,0.89
1754547240,-4.00109,-8,0.89
1754547300,-4.00272,-8,0.89
1754547360,-4.00406,-7.99,0.9
1754547420,-4.00598,-7.99,0.91
1754547480,-4.00654,-7.99,0.91
1754547540,-4.00682,-7.99,0.91
1754547600,-4.00682,-7.99,0.91
1754547660,-4.00682,-7.99,0.91
1754547720,-4.00682,-7.99,0.91
1754547780,-4.00682,-7.99,0.91
1754547840,-4.00682,-7.99,0.91
1754547900,-4.00682,-7.99,0.91
1754547960,-4.00682,-7.99,0.91
1754548020,-4.01623,-7.97,1.01
1754548080,-4.01976,-7.98,1.02
1754548140,-4.02268,-7.98,1.03
1754548200,-4.02516,-7.98,1.05
1754548260,-4.02784,-7.98,1.06
1754548320,-4.0311,-7.98,1.08
1754548380,-4.0317,-7.98,1.09
1754548440,-4.03281,-7.98,1.11
1754548500,-4.03595,-7.98,1.12
1754548560,-4.03729,-7.98,1.13
1754548620,-4.0381,-7.98,1.15
1754548680,-4.03851,-7.97,1.16
1754548740,-4.03668,-7.96,1.18
1754548800,-4.03339,-7.95,1.19
1754548860,-4.03264,-7.94,1.2
1754548920,-4.03188,-7.94,1.22
1754548980,-4.02906,-7.93,1.23
1754549040,-4.02854,-7.92,1.25
1754549100,-4.03171,-7.93,1.26
1754549160,-4.03486,-7.94,1.27
1754549220,-4.03745,-7.94,1.28
1754549280,-4.04055,-7.95,1.29
1754549340,-4.0437,-7.95,1.3
1754549400,-4.04746,-7.94,1.31
1754549460,-4.0502,-7.94,1.32
1754549520,-4.05344,-7.94,1.33
1754549580,-4.05625,-7.95,1.33
1754549640,-4.05741,-7.94,1.34
1754549700,-4.0584,-7.94,1.34
1754549760,-4.05991,-7.94,1.34
1754549820,-4.06021,-7.9,1.34
1754549880,-4.05895,-7.94,1.34
1754549940,-4.05755,-7.94,1.34
1754550000,-4.05456,-7.94,1.34
1754550060,-4.05229,-7.95,1.34
1754550120,-4.05081,-7.96,1.34
1754550180,-4.0497,-7.97,1.34
1754550240,-4.04866,-7.98,1.33
1754550300,-4.0458,-7.99,1.33
1754550360,-4.04676,-8,1.33
1754550420,-4.04666,-8.01,1.32
1754550480,-4.04734,-8.01,1.31
1754550540,-4.04801,-8.01,1.3
1754550600,-4.04845,-8.01,1.29
1754550660,-4.04902,-8.01,1.28
1754550720,-4.04878,-8,1.27
1754550780,-4.04721,-8.01,1.25
1754550840,-4.04554,-8.01,1.24
1754550900,-4.04544,-7.98,1.23
1754550960,-4.04429,-7.98,1.21
1754551020,-4.04265,-7.97,1.19
1754551080,-4.04,-7.96,1.18
1754551140,-4.03616,-7.95,1.16
1754551200,-4.03297,-7.94,1.15
1754551260,-4.0301,-7.94,1.13
1754551320,-4.02755,-7.94,1.12
1754551380,-4.02641,-7.93,1.1
1754551440,-4.02647,-7.93,1.09
1754551500,-4.02647,-7.93,1.07
1754551560,-4.02546,-7.93,1.06
1754551620,-4.02493,-7.93,1.04
1754551680,-4.02348,-7.93,1.02
1754551740,-4.02162,-7.93,1.01
1754551800,-4.02281,-7.93,1
1754551860,-4.01978,-7.94,0.98
1754551920,-4.01765,-7.95,0.96
1754551980,-4.01505,-7.95,0.94
1754552040,-4.01092,-7.96,0.93
1754552100,-4.00837,-7.97,0.92
1754552160,-4.00686,-7.97,0.91
1754552220,-4.00291,-7.96,0.9
1754552280,-3.99874,-7.96,0.89
1754552340,-3.99403,-7.95,0.88
1754552400,-3.99152,-7.95,0.88
1754552460,-3.99025,-7.95,0.88
1754552520,-3.98541,-7.95,0.88
1754552580,-3.98307,-7.96,0.88
1754552640,-3.98377,-7.96,0.88
1754552700,-3.98478,-7.97,0.88
1754552760,-3.98836,-7.97,0.89
1754552820,-3.98793,-7.98,0.89
1754552880,-3.99005,-7.99,0.89
1754552940,-3.99087,-7.99,0.89
1754553000,-3.99397,-7.99,0.9
1754553060,-3.99549,-7.99,0.91
1754553120,-3.99777,-7.99,0.92
1754553180,-4.00085,-7.99,0.92
1754553240,-4.00303,-7.99,0.93
1754553300,-4.005,-7.99,0.94
1754553360,-4.00968,-7.98,0.94
1754553420,-4.01244,-7.97,0.95
1754553480,-4.01273,-7.97,0.96
1754553540,-4.01273,-7.97,0.96
1754553600,-4.01273,-7.97,0.96
1754553660,-4.01273,-7.97,0.96
1754553720,-4.01273,-7.97,0.96
1754553780,-4.01273,-7.97,0.96
1754553840,-4.01218,-7.96,1.05
1754553900,-4.00932,-7.97,1.07
1754553960,-4.01107,-7.96,1.09
1754554020,-4.01533,-7.96,1.11
1754554080,-4.0188,-7.96,1.13
1754554140,-4.02311,-7.97,1.15
1754554200,-4.03079,-7.97,1.16
1754554260,-4.03483,-7.97,1.18
1754554320,-4.03948,-7.97,1.19
1754554380,-4.04362,-7.97,1.21
1754554440,-4.04704,-7.97,1.22
1754554500,-4.04996,-7.95,1.23
1754554560,-4.05478,-7.96,1.24
1754554620,-4.05625,-7.95,1.25
1754554680,-4.05652,-7.95,1.26
1754554740,-4.05787,-7.94,1.28
1754554800,-4.05701,-7.93,1.29
1754554860,-4.0576,-7.93,1.3
1754554920,-4.0586,-7.92,1.31
1754554980,-4.05652,-7.92,1.32
1754555040,-4.05293,-7.91,1.33
1754555100,-4.05195,-7.91,1.35
1754555160,-4.05733,-7.91,1.36
1754555220,-4.06051,-7.92,1.37
1754555280,-4.06789,-7.92,1.37
1754555340,-4.07101,-7.92,1.37
1754555400,-4.07066,-7.93,1.37
1754555460,-4.07036,-7.94,1.37
1754555520,-4.07015,-7.94,1.37
1754555580,-4.07221,-7.95,1.37
1754555640,-4.07452,-7.95,1.37
1754555700,-4.07516,-7.96,1.36
1754555760,-4.07564,-7.96,1.36
1754555820,-4.07213,-7.96,1.35
1754555880,-4.06974,-7.96,1.35
1754555940,-4.06652,-7.97,1.34
1754556000,-4.06316,-7.97,1.34
1754556060,-4.06269,-7.97,1.33
1754556120,-4.06319,-7.97,1.32
1754556180,-4.06307,-7.98,1.31
1754556240,-4.05867,-7.99,1.3
1754556300,-4.0567,-8,1.29
1754556360,-4.05577,-8,1.28
1754556420,-4.05554,-8,1.26
1754556480,-4.05384,-8,1.25
1754556540,-4.04968,-7.99,1.23
1754556600,-4.04824,-7.99,1.21
1754556660,-4.04731,-7.99,1.19
1754556720,-4.04298,-7.98,1.16
1754556780,-4.04128,-7.98,1.15
1754556840,-4.03836,-7.97,1.13
1754556900,-4.03268,-7.97,1.11
1754556960,-4.02775,-7.98,1.09
1754557020,-4.02431,-7.96,1.08
1754557080,-4.02043,-7.94,1.06
1754557140,-4.01744,-7.91,1.04
1754557200,-4.01499,-7.91,1.02
1754557260,-4.01266,-7.91,1
1754557320,-4.00622,-7.92,0.98
1754557380,-4.00519,-7.92,0.97
1754557440,-4.00346,-7.93,0.96
1754557500,-3.99777,-7.94,0.94
1754557560,-3.99222,-7.95,0.93
1754557620,-3.989,-7.96,0.92
1754557680,-3.98519,-7.96,0.91
1754557740,-3.98299,-7.96,0.9
1754557800,-3.98103,-7.97,0.89
1754557860,-3.97846,-7.97,0.88
1754557920,-3.97601,-7.98,0.88
1754557980,-3.97615,-7.98,0.87
1754558040,-3.97727,-7.98,0.87
1754558100,-3.97796,-7.99,0.86
1754558160,-3.97957,-7.99,0.86
1754558220,-3.98097,-7.99,0.85
1754558280,-3.9807,-7.99,0.85
1754558340,-3.98007,-7.98,0.85
1754558400,-3.97878,-7.98,0.85
1754558460,-3.97715,-7.97,0.86
1754558520,-3.97309,-7.98,0.86
1754558580,-3.97117,-7.98,0.86
1754558640,-3.97084,-7.98,0.87
1754558700,-3.97132,-7.98,0.88
1754558760,-3.97147,-7.98,0.89
1754558820,-3.97282,-7.98,0.9
1754558880,-3.9756,-7.98,0.92
1754558940,-3.97969,-7.98,0.93
1754559000,-3.98304,-7.98,0.95
1754559060,-3.9866,-7.98,0.96
1754559120,-3.99068,-7.98,0.98
1754559180,-3.99563,-7.98,0.99
1754559240,-4.00043,-7.99,1.01
1754559300,-4.00066,-7.99,1.01
1754559360,-4.00066,-7.99,1.01
1754559420,-4.00066,-7.99,1.01
1754559480,-4.00066,-7.99,1.01
1754559540,-4.00066,-7.99,1.01
1754559600,-4.00066,-7.99,1.01
1754559660,-4.00066,-7.99,1.01
1754559720,-4.02095,-7.96,1.14
1754559780,-4.02449,-7.96,1.15
1754559840,-4.02575,-7.97,1.17
1754559900,-4.02733,-7.97,1.19
1754559960,-4.03158,-7.96,1.2
1754560020,-4.03236,-7.96,1.21
1754560080,-4.0345,-7.94,1.22
1754560140,-4.03776,-7.95,1.24
1754560200,-4.04025,-7.95,1.25
1754560260,-4.04244,-7.95,1.26
1754560320,-4.04377,-7.94,1.26
1754560380,-4.04556,-7.94,1.27
1754560440,-4.04524,-7.94,1.28
1754560500,-4.04582,-7.93,1.29
1754560560,-4.04701,-7.93,1.3
1754560620,-4.04522,-7.94,1.31
1754560680,-4.04506,-7.93,1.32
1754560740,-4.0449,-7.92,1.33
1754560800,-4.04425,-7.92,1.34
1754560860,-4.04307,-7.91,1.35
1754560920,-4.04417,-7.91,1.35
1754560980,-4.04367,-7.92,1.36
1754561040,-4.04422,-7.93,1.36
1754561100,-4.04553,-7.95,1.37
1754561160,-4.04751,-7.95,1.37
1754561220,-4.04932,-7.96,1.37
1754561280,-4.05163,-7.97,1.37
1754561340,-4.05198,-7.98,1.37
1754561400,-4.05255,-7.99,1.36
1754561460,-4.05496,-8,1.36
1754561520,-4.05841,-8,1.35
1754561580,-4.05776,-8,1.35
1754561640,-4.05663,-8,1.34
1754561700,-4.05664,-8,1.33
1754561760,-4.05526,-8.02,1.32
1754561820,-4.05471,-8.01,1.3
1754561880,-4.05343,-8.01,1.29
1754561940,-4.04925,-8,1.28
1754562000,-4.04604,-8,1.27
1754562060,-4.04464,-8,1.26
1754562120,-4.04294,-8,1.25
1754562180,-4.0422,-7.99,1.23
1754562240,-4.04172,-7.99,1.22
1754562300,-4.03971,-7.99,1.2
1754562360,-4.03783,-7.98,1.18
1754562420,-4.03687,-7.98,1.17
1754562480,-4.03669,-7.97,1.15
1754562540,-4.03105,-7.96,1.13
1754562600,-4.02945,-7.96,1.11
1754562660,-4.02789,-7.96,1.09
1754562720,-4.02581,-7.95,1.07
1754562780,-4.02358,-7.95,1.05
1754562840,-4.01879,-7.95,1.03
1754562900,-4.01444,-7.95,1.01
1754562960,-4.01302,-7.95,0.99
1754563020,-4.01076,-7.96,0.97
1754563080,-4.00561,-7.96,0.96
1754563140,-3.99945,-7.95,0.94
1754563200,-3.99712,-7.95,0.93
1754563260,-3.9944,-7.95,0.92
1754563320,-3.99547,-7.95,0.91
1754563380,-3.99162,-7.95,0.9
1754563440,-3.99442,-7.96,0.89
1754563500,-3.9918,-7.96,0.89
1754563560,-3.9912,-7.97,0.88
1754563620,-3.99166,-7.98,0.87
1754563680,-3.99003,-7.98,0.86
1754563740,-3.98885,-7.98,0.86
1754563800,-3.98885,-7.99,0.86
1754563860,-3.98827,-7.99,0.85
1754563920,-3.9858,-7.99,0.85
1754563980,-3.98532,-7.99,0.85
1754564040,-3.98243,-8,0.85
1754564100,-3.98081,-7.99,0.85
1754564160,-3.98277,-7.98,0.86
1754564220,-3.98729,-7.99,0.87
1754564280,-3.98204,-7.99,0.88
1754564340,-3.98504,-7.98,0.89
1754564400,-3.98266,-7.98,0.91
1754564460,-3.98458,-7.97,0.93
1754564520,-3.98854,-7.97,0.95
1754564580,-3.99614,-7.96,0.97
1754564640,-4.00171,-7.96,0.99
1754564700,-4.0066,-7.96,1
1754564760,-4.01194,-7.96,1.02
1754564820,-4.01966,-7.96,1.04
1754564880,-4.02585,-7.97,1.06
1754564940,-4.03258,-7.97,1.08
1754565000,-4.03772,-7.97,1.1
1754565060,-4.04359,-7.96,1.12
1754565120,-4.04934,-7.97,1.13
1754565180,-4.05513,-7.97,1.15
1754565240,-4.05995,-7.96,1.17
1754565300,-4.06481,-7.96,1.18
1754565360,-4.06999,-7.96,1.2
1754565420,-4.07299,-7.96,1.21
1754565480,-4.07536,-7.95,1.23
1754565540,-4.07483,-7.95,1.24
1754565600,-4.07505,-7.94,1.25
1754565660,-4.07535,-7.93,1.27
1754565720,-4.07536,-7.93,1.28
1754565780,-4.07498,-7.92,1.29
1754565840,-4.07553,-7.93,1.31
1754565900,-4.07566,-7.92,1.32
1754565960,-4.07403,-7.92,1.33
1754566020,-4.07663,-7.91,1.34
1754566080,-4.07844,-7.91,1.36
1754566140,-4.08199,-7.9,1.37
1754566200,-4.08179,-7.9,1.38
1754566260,-4.08303,-7.9,1.38
1754566320,-4.08151,-7.9,1.39
1754566380,-4.08473,-7.9,1.4
1754566440,-4.08859,-7.9,1.4
1754566500,-4.09059,-7.9,1.4
1754566560,-4.09303,-7.91,1.4
1754566620,-4.09422,-7.92,1.4
1754566680,-4.09353,-7.92,1.4
1754566740,-4.09196,-7.91,1.39
1754566800,-4.08876,-7.91,1.39
1754566860,-4.08439,-7.92,1.38
1754566920,-4.0808,-7.93,1.38
1754566980,-4.07646,-7.94,1.37
1754567040,-4.07056,-7.94,1.37
1754567100,-4.06756,-7.95,1.36
1754567160,-4.0619,-7.96,1.35
1754567220,-4.06252,-7.97,1.34
1754567280,-4.05837,-7.98,1.33
1754567340,-4.05671,-7.99,1.31
1754567400,-4.05627,-7.99,1.3
1754567460,-4.0538,-7.98,1.28
1754567520,-4.04941,-7.98,1.26
1754567580,-4.04714,-7.97,1.24
1754567640,-4.04591,-7.96,1.22
1754567700,-4.04276,-7.96,1.2
1754567760,-4.04325,-7.95,1.19
1754567820,-4.04133,-7.95,1.16
1754567880,-4.03704,-7.95,1.14
1754567940,-4.03205,-7.95,1.12
1754568000,-4.0272,-7.94,1.11
1754568060,-4.02231,-7.93,1.09
1754568120,-4.01884,-7.91,1.08
1754568180,-4.01672,-7.9,1.07
1754568240,-4.0161,-7.91,1.05
1754568300,-4.01219,-7.92,1.03
1754568360,-4.01042,-7.93,1.02
1754568420,-4.00886,-7.94,1
1754568480,-4.00791,-7.94,0.99
1754568540,-4.00757,-7.95,0.97
1754568600,-4.00911,-7.96,0.96
1754568660,-4.00853,-7.97,0.94
1754568720,-4.00873,-7.97,0.92
1754568780,-4.00833,-7.97,0.91
1754568840,-4.00877,-7.97,0.9
1754568900,-4.0077,-7.98,0.89
1754568960,-4.00796,-7.99,0.87
1754569020,-4.0084,-7.99,0.86
1754569080,-4.0089,-8,0.85
1754569140,-4.00717,-7.99,0.84
1754569200,-4.00489,-8.01,0.84
1754569260,-3.99992,-7.99,0.83
1754569320,-3.99686,-7.98,0.83
1754569380,-3.99698,-7.98,0.83
1754569440,-3.99503,-7.99,0.83
1754569500,-3.99608,-8,0.84
1754569560,-3.99579,-8,0.84
1754569620,-3.9984,-8,0.85
1754569680,-3.99825,-8.01,0.85
1754569740,-3.99906,-8.01,0.86
1754569800,-4.00026,-8.01,0.87
1754569860,-4.00354,-8.01,0.88
1754569920,-4.00557,-8,0.89
1754569980,-4.00696,-8,0.9
1754570040,-4.00754,-8.01,0.91
1754570100,-4.01177,-8,0.92
1754570160,-4.01499,-7.99,0.93
1754570220,-4.01849,-7.99,0.95
1754570280,-4.0202,-7.98,0.96
1754570340,-4.02076,-7.97,0.98
1754570400,-4.0232,-7.97,0.99
1754570460,-4.02342,-7.97,1.01
1754570520,-4.02392,-7.97,1.03
1754570580,-4.02488,-7.97,1.05
1754570640,-4.02506,-7.97,1.07
1754570700,-4.02598,-7.97,1.1
1754570760,-4.03207,-7.97,1.12
1754570820,-4.03679,-7.98,1.14
1754570880,-4.04104,-7.98,1.16
1754570940,-4.04376,-7.98,1.17
1754571000,-4.05013,-7.98,1.2
1754571060,-4.05506,-7.97,1.21
1754571120,-4.05801,-7.96,1.23
1754571180,-4.06177,-7.96,1.24
1754571240,-4.06293,-7.95,1.25
1754571300,-4.06461,-7.95,1.27
1754571360,-4.06885,-7.94,1.28
1754571420,-4.07125,-7.93,1.29
1754571480,-4.07142,-7.93,1.3
1754571540,-4.06961,-7.92,1.31
1754571600,-4.06758,-7.9,1.32
1754571660,-4.06675,-7.9,1.33
1754571720,-4.06534,-7.89,1.34
1754571780,-4.06453,-7.89,1.35
1754571840,-4.06412,-7.89,1.36
1754571900,-4.06495,-7.9,1.37
1754571960,-4.06549,-7.9,1.38
1754572020,-4.06769,-7.9,1.38
1754572080,-4.06881,-7.9,1.39
1754572140,-4.07075,-7.91,1.39
1754572200,-4.07189,-7.92,1.39
1754572260,-4.0719,-7.93,1.39
1754572320,-4.07419,-7.93,1.39
1754572380,-4.07646,-7.94,1.38
1754572440,-4.07757,-7.93,1.37
1754572500,-4.07642,-7.93,1.37
1754572560,-4.07525,-7.94,1.36
1754572620,-4.07309,-7.94,1.35
1754572680,-4.07181,-7.94,1.34
1754572740,-4.06945,-7.94,1.33
1754572800,-4.0647,-7.95,1.32
1754572860,-4.06012,-7.97,1.3
1754572920,-4.0559,-7.96,1.29
1754572980,-4.05275,-7.95,1.28
1754573040,-4.04799,-7.94,1.27
1754573100,-4.04356,-7.94,1.25
1754573160,-4.0403,-7.94,1.24
1754573220,-4.03763,-7.93,1.22
1754573280,-4.03712,-7.93,1.21
1754573340,-4.03704,-7.94,1.19
1754573400,-4.03581,-7.94,1.17
1754573460,-4.03519,-7.94,1.16
1754573520,-4.0343,-7.95,1.14
1754573580,-4.03155,-7.95,1.12
1754573640,-4.031,-7.96,1.1
1754573700,-4.03024,-7.96,1.09
1754573760,-4.02879,-7.96,1.07
1754573820,-4.02846,-7.96,1.05
1754573880,-4.02707,-7.95,1.03
1754573940,-4.02429,-7.95,1.02
1754574000,-4.02163,-7.95,1
1754574060,-4.01827,-7.95,0.99
1754574120,-4.01745,-7.95,0.98
1754574180,-4.01425,-7.96,0.96
1754574240,-4.01269,-7.96,0.95
1754574300,-4.01138,-7.97,0.94
1754574360,-4.01126,-7.97,0.93
1754574420,-4.01101,-7.98,0.92
1754574480,-4.0091,-7.99,0.9
1754574540,-4.01001,-8,0.89
1754574600,-4.0093,-8.01,0.88
1754574660,-4.00581,-8.01,0.87
1754574720,-4.00344,-8.02,0.86
1754574780,-4.00261,-8.02,0.85
1754574840,-4.0008,-8.02,0.85
1754574900,-3.99948,-8.03,0.84
1754574960,-3.99901,-8.03,0.84
1754575020,-3.99993,-8.03,0.84
1754575080,-3.99812,-8,0.84
1754575140,-3.99699,-8.01,0.85
1754575200,-3.99309,-8.01,0.85
1754575260,-3.98936,-8.01,0.86
1754575320,-3.98977,-8,0.87
1754575380,-3.99137,-8.01,0.88
1754575440,-3.99271,-8,0.89
1754575500,-3.99678,-8,0.9
1754575560,-4.00006,-8,0.91
1754575620,-4.00337,-8,0.92
1754575680,-4.00718,-8,0.93
1754575740,-4.01305,-7.99,0.94
1754575800,-4.01425,-7.99,0.94
1754575860,-4.01708,-7.98,0.95
1754575920,-4.0166,-7.99,0.97
1754575980,-4.01892,-7.98,0.98
