1754470860,-1.33105,-6.34416,0.79712
1754470920,-1.24119,-6.01522,1.15104
1754470980,-0.61377,-5.0909,0.88141
1754471040,-0.13682,-4.2977,1.04636
1754471100,-0.55137,-3.00968,1.30366
1754471160,-0.56025,-2.19875,1.18626
1754471220,-0.80567,-2.00485,0.80352
1754471280,-1.43415,0.01904,0.86809
1754471340,-0.11372,0.24182,0.8009
1754471400,0.26982,1.06439,0.45951
1754471460,-2.78603,2.74803,0.40794
1754471520,-2.0561,4.25834,0.61279
1754471580,-1.46352,4.06479,0.35729
1754471640,-0.62809,4.09407,0.42349
1754471700,-0.46047,4.57178,0.37142
1754471760,0.01533,5.87334,0.20256
1754471820,-0.64865,5.40838,0.05029
1754471880,-1.2046,3.99251,-0.09403
1754471940,0.0998,4.32093,-0.2058
1754472000,-0.58886,4.38104,-0.62465
1754472060,-0.84148,4.68069,-0.70974
1754472120,0.04512,4.57559,-0.58124
1754472180,-0.59161,4.84826,-0.67647
1754472240,0.58324,5.0055,-0.72751
1754472300,-1.37929,4.72455,-0.78011
1754472360,-0.63613,4.14723,-0.54398
1754472420,-0.90807,4.22458,-0.56304
1754472480,-0.37156,3.5985,-0.41858
1754472540,0.00426,3.24256,-0.37171
1754472600,-0.16101,2.54754,0.08639
1754472660,1.45691,1.86132,-0.36275
1754472720,-0.01254,0.93348,-0.4417
1754472780,1.0004,0.3152,-0.26628
1754472840,-0.07793,-1.02302,-0.61595
1754472900,0.18854,-2.12869,-0.14439
1754472960,0.86217,-2.89265,-0.12921
1754473020,0.75132,-2.92813,0.00591
1754473080,1.46741,-1.99333,-0.12628
1754473140,1.27555,-5.79434,-0.33639
1754473200,0.98893,-4.2855,-0.34047
1754473260,0.43025,-7.63977,-0.47487
1754473320,-0.11302,-7.68159,-0.40624
1754473380,1.05588,-7.17655,-0.15866
1754473440,0.63154,-7.02873,-0.08852
1754473500,0.13249,-6.10521,-0.21993
1754473560,0.10863,-5.88316,-0.14174
1754473620,0.24292,-5.19302,0.09961
1754473680,-0.03778,-4.59739,0.05707
1754473740,0.49755,-3.53009,0.3394
1754473800,0.04766,-2.68918,0.15405
1754473860,2.08379,-2.44881,0.60973
1754473920,1.21179,-0.98166,0.30253
1754473980,0.62248,-1.46084,0.39734
1754474040,2.39052,1.15026,0.12626
1754474100,1.4079,1.15648,0.10413
1754474160,1.92801,2.67579,0.44748
1754474220,1.51671,3.00061,0.43245
1754474280,2.48611,3.0887,0.39303
1754474340,1.89215,3.24474,0.36663
1754474400,1.08791,3.48331,0.2984
1754474460,1.6856,4.77014,0.47816
1754474520,1.28823,5.45082,0.3263
1754474580,1.67458,6.11475,0.12613
1754474640,1.02697,6.15834,0.73248
1754474700,1.16107,6.29993,0.94418
1754474760,0.94595,6.44723,1.05796
1754474820,0.27761,6.58603,1.12257
1754474880,1.59473,7.49668,1.86758
1754474940,0.35275,6.71719,1.25996
1754475000,-0.06638,5.16368,1.34887
1754475060,1.75567,5.08675,1.48962
1754475120,-2.50837,4.17517,1.39061
1754475180,0.25069,2.9053,1.91191
1754475240,2.8223,3.11511,1.70882
1754475300,-1.55717,1.80015,2.47273
1754475360,-0.6291,1.47457,2.0732
1754475420,1.41381,1.11297,2.31052
1754475480,1.94468,-0.82469,2.03905
1754475540,-0.27836,-2.95599,1.75282
1754475600,3.13634,-2.81179,2.42655
1754475660,0.79863,-4.4459,1.30358
1754475720,7.89619,-4.47638,0.7772
1754475780,-0.75089,-4.47545,1.60799
1754475840,-4.46252,-7.25348,0.73339
1754475900,-2.49017,-5.38344,1.69637
1754475960,-0.60645,-3.47848,1.85228
1754476020,-2.1205,-4.72907,1.97029
1754476080,-2.27964,-5.3029,2.01426
1754476140,-2.27964,-5.3029,2.01426
1754476200,-2.27964,-5.3029,2.01426
1754476260,-2.46704,-5.24893,2.22146
1754476320,0.95601,-3.68209,2.17113
1754476380,0.67551,-5.0096,1.53849
1754476440,0.18839,-3.38921,1.51694
1754476500,-0.49583,-3.42398,1.39023
1754476560,1.58443,-2.7938,0.90562
1754476620,-1.18132,-4.42943,0.93555
1754476680,-2.28983,-0.43684,1.28112
1754476740,0.26285,-3.04732,0.58218
1754476800,0.57366,-2.73342,0.70744
1754476860,-0.82915,0.01306,0.69112
1754476920,-0.67538,-1.25425,0.32977
1754476980,-1.00157,-0.02477,0.17536
1754477040,-1.71358,1.87228,0.23336
1754477100,-2.25533,0.81102,0.20269
1754477160,-1.58909,0.75065,0.23885
1754477220,-1.74222,4.62332,0.24927
1754477280,3.20498,6.75752,0.18921
1754477340,-3.11243,3.17501,-0.19545
1754477400,-2.4624,5.29483,0.15874
1754477460,-0.80228,7.5818,0.48834
1754477520,-4.84137,3.54332,0.56372
1754477580,0.88168,6.44326,0.42505
1754477640,-0.2202,6.38027,0.19594
1754477700,0.15372,6.28947,0.71753
1754477760,-0.23738,1.55576,-0.26954
1754477820,-0.18769,7.56253,-0.00471
1754477880,-0.02443,5.35402,-0.34516
1754477940,-0.61571,3.70034,-0.7305
1754478000,-1.27953,3.7318,-0.89545
1754478060,-0.56255,2.63446,-0.85216
1754478120,-1.39576,2.03675,-0.81088
1754478180,-1.21766,3.75137,-0.63224
1754478240,-1.70743,-0.95314,-0.99863
1754478300,-2.23601,0.34328,-0.46765
1754478360,0.54161,0.53673,-0.29768
1754478420,1.33113,-0.34732,-0.22103
1754478480,-1.64696,-0.31408,0.12921
1754478540,1.80424,-3.64052,-0.63148
1754478600,1.30165,-2.01339,-0.45209
1754478660,0.85418,-3.1576,-0.5896
1754478720,0.5949,-4.24347,-0.50533
1754478780,1.79235,-4.48355,-0.51026
1754478840,-0.43855,-4.79634,-0.78763
1754478900,1.56461,-5.15564,-0.37135
1754478960,0.08495,-5.64577,-0.52563
1754479020,0.58791,-5.36156,-0.45089
1754479080,0.74449,-6.70054,-0.39111
1754479140,0.71959,-6.93546,-0.8184
1754479200,0.38449,-9.03372,-0.79477
1754479260,0.98435,-6.84894,-0.68655
1754479320,0.02966,-6.08782,-0.5307
1754479380,0.97204,-2.59183,-0.43931
1754479440,1.45867,1.24862,0.20587
1754479500,1.51002,2.84005,-0.40907
1754479560,-1.15495,-6.09414,-0.88459
1754479620,0.03981,0.39067,-0.39926
1754479680,0.61433,1.75226,0.11839
1754479740,0.28749,1.55355,0.59394
1754479800,1.3159,2.11706,0.29626
1754479860,2.33261,8.31792,0.73782
1754479920,-0.39663,-3.47042,0.06986
1754479980,2.84038,7.39795,0.69179
1754480040,1.9731,5.22125,0.62272
1754480100,1.1505,6.33903,0.55905
1754480160,3.13166,6.15504,0.51428
1754480220,0.54839,5.95243,0.97759
1754480280,1.80941,5.90647,0.31095
1754480340,0.57418,5.29329,0.32089
1754480400,2.78055,5.46666,0.789
1754480460,2.67759,5.25945,0.75834
1754480520,1.8829,4.87381,0.65403
1754480580,1.59453,5.78071,1.01208
1754480640,0.86657,4.33825,0.94691
1754480700,1.1721,4.24736,1.11935
1754480760,1.08987,3.83114,1.59006
1754480820,0.67036,2.69555,1.3412
1754480880,-0.46379,2.36741,1.49803
1754480940,1.60937,-1.43125,2.05601
1754481000,0.8125,4.20385,1.65376
1754481060,0.82009,-2.04064,1.81058
1754481120,-0.13621,-0.74459,1.54258
1754481180,0.34563,-1.67601,2.01711
1754481240,-1.48306,-2.64193,1.96921
1754481300,1.01444,-2.44614,2.11819
1754481360,-0.26443,-3.35545,2.04911
1754481420,-0.79039,-6.39096,1.93194
1754481480,-0.47549,-5.14713,2.00558
1754481540,-0.30004,-4.96904,1.48512
1754481600,-0.51767,-7.6554,1.59874
1754481660,-0.0058,-7.47195,1.46481
1754481720,-0.0058,-7.47195,1.46481
1754481780,-0.0058,-7.47195,1.46481
1754481840,-0.0058,-7.47195,1.46481
1754481900,-0.0058,-7.47195,1.46481
1754481960,-0.0058,-7.47195,1.46481
1754482020,-0.0058,-7.47195,1.46481
1754482080,-0.0058,-7.47195,1.46481
1754482140,-0.0058,-7.47195,1.46481
1754482200,-0.0058,-7.47195,1.46481
1754482260,-0.0058,-7.47195,1.46481
1754482320,0.24397,-4.34896,0.958
1754482380,-1.16802,-3.90318,0.80947
1754482440,-0.43464,0.14789,0.95965
1754482500,-0.68635,0.53852,0.68267
1754482560,-0.43605,1.29688,0.56338
1754482620,2.43035,2.47458,-0.71587
1754482680,-3.39893,2.61299,0.17298
1754482740,-2.95329,2.12999,-0.16065
1754482800,-2.04888,4.17539,0.03768
1754482860,-1.02715,1.15541,-0.06062
1754482920,-1.88085,3.97793,0.02174
1754482980,-0.93127,4.70273,0.28661
1754483040,-1.34456,5.01822,-0.04757
1754483100,0.48929,12.14868,0.50356
1754483160,-2.41183,-1.02568,-0.70985
1754483220,-0.6472,6.27567,0.00693
1754483280,-0.8106,6.66013,0.02901
1754483340,-1.12207,6.34017,-0.21803
1754483400,-0.7387,5.29987,0.08844
1754483460,-1.07686,6.09087,0.03983
1754483520,0.19095,5.78124,0.01055
1754483580,0.54914,4.81685,0.25569
1754483640,-1.11048,4.56421,-0.04428
1754483700,-0.70559,3.81836,-0.50532
1754483760,0.60355,2.7719,-0.10191
1754483820,0.28452,1.73911,-0.18813
1754483880,0.25634,0.1482,-0.36255
1754483940,-1.03742,-1.79473,-0.64033
1754484000,1.27252,-2.1157,-0.49227
1754484060,1.09104,-2.22175,-0.45805
1754484120,0.66076,-3.48849,-0.91787
1754484180,-0.87324,-4.08509,-0.87233
1754484240,-0.37716,-4.82165,-0.50338
1754484300,-0.37806,-5.20048,-0.39656
1754484360,-0.80367,-5.66537,-0.04607
1754484420,0.22657,-5.87696,-0.14519
1754484480,0.44385,-6.07593,-0.1088
1754484540,0.9452,-5.7787,-0.15013
1754484600,1.37472,-5.4104,-0.29815
1754484660,0.29044,-3.31045,0.46119
1754484720,-0.47206,-5.48249,0.05988
1754484780,-1.89398,-9.26323,0.32063
1754484840,0.49831,-4.14193,0.41682
1754484900,-0.91171,-2.83998,0.63131
1754484960,2.13247,-1.47216,-0.11697
1754485020,1.12284,0.83034,0.68051
1754485080,0.33376,-5.5292,-0.43698
1754485140,-0.76912,-1.78604,-0.2357
1754485200,0.08517,-0.95045,-0.2291
1754485260,-0.13897,-0.05552,-0.02419
1754485320,2.01347,1.55952,-0.39179
1754485380,0.6762,1.87282,0.25396
1754485440,1.0224,2.98759,0.60422
1754485500,2.90904,3.88848,-0.08358
1754485560,0.42157,4.7872,0.93769
1754485620,1.01992,5.25532,0.40366
1754485680,1.18819,6.34224,0.67289
1754485740,1.554,6.45938,0.43239
1754485800,0.65717,6.44945,0.68814
1754485860,1.79349,6.63673,1.05157
1754485920,-1.22193,8.7144,1.74197
1754485980,4.80538,6.77371,0.45195
1754486040,-0.07135,6.0546,1.01227
1754486100,0.06932,6.65532,1.51718
1754486160,-0.18475,4.80378,1.34204
1754486220,1.23459,4.31724,1.69101
1754486280,1.92425,2.6496,1.5047
1754486340,1.21985,2.08226,1.36118
1754486400,0.89494,0.94976,1.32799
1754486460,-0.56067,2.16951,1.7987
1754486520,-0.40729,-0.86348,1.42059
1754486580,1.46424,-2.31392,1.85616
1754486640,1.67544,-1.37718,2.02176
1754486700,0.47896,-1.55937,1.9738
1754486760,0.43241,-2.05394,2.12826
1754486820,0.35239,-2.99239,2.1824
1754486880,0.89742,-2.4547,2.1293
1754486940,0.57782,-2.85316,1.96375
1754487000,0.75301,-0.93366,2.0178
1754487060,-1.87339,-4.91214,1.85431
1754487120,-0.32463,-5.32645,1.93647
1754487180,-0.7422,-6.65424,1.7657
1754487240,-0.05607,-5.27167,2.04004
1754487300,-0.20088,-5.55833,2.05952
1754487360,1.52082,-5.96505,1.4752
1754487420,-2.36508,-5.04368,2.12426
1754487480,-4.41223,-7.16716,2.08006
1754487540,0.00223,-6.27326,1.51494
1754487600,0.83057,-2.72712,1.34485
1754487660,-1.10939,-5.98977,1.2305
1754487720,-0.63064,-5.49521,1.09263
1754487780,-0.60656,-4.48762,1.04514
1754487840,-1.7239,-3.40835,1.10819
1754487900,-0.65344,0.18346,1.19172
1754487960,-1.15294,-3.94337,0.82206
1754488020,-1.54707,-0.47818,0.90733
1754488080,0.67546,1.05084,0.33416
1754488140,-3.17012,0.08145,0.95506
1754488200,-1.75287,2.04475,0.84872
1754488260,-1.25007,2.74095,0.72186
1754488320,-1.16165,3.14207,0.68933
1754488380,-1.23346,3.94779,0.77337
1754488440,-1.05701,4.45815,0.27581
1754488500,-0.47394,4.96306,0.24296
1754488560,-0.99072,5.06,0.23936
1754488620,-1.06649,5.98967,0.17312
1754488680,0.01849,4.59561,-0.40466
1754488740,-0.11777,5.34241,-0.57751
1754488800,-0.87441,3.32638,-0.83051
1754488860,-1.59775,5.74202,-0.67127
1754488920,0.67476,6.1778,-1.27467
1754488980,-0.65958,13.85625,-0.06641
1754489040,-2.07539,0.86095,-1.49756
1754489100,-1.3151,2.4805,-0.62696
1754489160,-2.71747,-0.70527,-1.1208
1754489220,-0.53145,5.44668,-0.14016
1754489280,-1.06121,2.50427,-0.71086
1754489340,-1.58747,2.13542,-0.15069
1754489400,-1.94572,0.91454,-0.19204
1754489460,2.90779,0.14157,-0.17841
1754489520,2.68416,-1.66292,-0.76869
1754489580,0.14856,-6.0446,-0.45711
1754489640,-1.05464,-0.27101,-0.32355
1754489700,2.2297,-4.21664,-0.29517
1754489760,2.91278,3.88942,-0.04975
1754489820,0.39727,-3.80135,-0.86175
1754489880,4.23069,-3.46857,-1.10398
1754489940,-2.20611,-6.73764,-0.8253
1754490000,0.80023,-9.17939,-1.30082
1754490060,3.94699,5.33228,-0.0381
1754490120,-0.54546,-10.24284,-1.25018
1754490180,-0.45609,-8.05558,-0.67809
1754490240,0.74268,-6.86401,-0.67609
1754490300,-0.7208,-7.17591,-0.23954
1754490360,-0.1501,-5.3749,-0.11559
1754490420,1.25627,-4.57395,-0.25742
1754490480,-0.61585,-4.24609,0.11329
1754490540,1.34944,-2.89642,0.23054
1754490600,2.57353,-2.31959,0.04361
1754490660,1.602,-0.46932,0.26747
1754490720,0.64821,-0.90481,0.1557
1754490780,1.26144,-1.43092,-0.32936
1754490840,-0.22458,-2.59798,-0.06768
1754490900,1.69744,3.02876,0.78683
1754490960,2.05692,5.3262,1.05245
1754491020,1.82582,5.628,0.95976
1754491080,2.3944,5.47056,0.70723
1754491140,1.21496,3.31774,0.25859
1754491200,0.71027,4.73312,0.77473
1754491260,1.49705,5.95564,0.40086
1754491320,1.7185,5.46067,0.37734
1754491380,0.57713,6.73738,0.45025
1754491440,1.74165,6.56734,0.93856
1754491500,0.62243,6.53525,0.86829
1754491560,1.85807,7.09949,1.25227
1754491620,-1.17864,3.79224,1.01934
1754491680,1.13313,7.5941,1.64198
1754491740,2.59063,7.31457,2.02268
1754491800,1.53956,4.17909,1.38166
1754491860,2.30747,3.80102,1.36546
1754491920,1.75397,3.67505,1.70009
1754491980,2.79541,3.46375,1.65654
1754492040,2.4958,10.59472,2.23922
1754492100,-1.28679,-3.13825,1.33171
1754492160,-1.85731,-9.22169,1.54387
1754492220,1.77169,3.53107,2.92108
1754492280,0.51371,-3.10489,2.18883
1754492340,-0.11804,-4.32631,1.91011
1754492400,0.22927,-3.17752,2.36801
1754492460,1.35684,-5.00202,2.02601
1754492520,-2.04979,-5.94569,1.43992
1754492580,-1.58825,-5.79556,1.97625
1754492640,-1.09925,-5.74705,2.0971
1754492700,-0.26693,-5.67911,2.35914
1754492760,-1.10238,-5.97102,2.47794
1754492820,-1.20175,-5.36963,2.22238
1754492880,-0.74055,-5.14149,2.29277
1754492940,-0.79994,-6.01176,1.82373
1754493000,-0.86106,-4.75578,2.44936
1754493060,0.52817,1.75794,2.52485
1754493120,-0.5097,-9.90394,1.38048
1754493180,-1.97193,-5.80254,1.58823
1754493240,-1.34588,-4.36471,1.50872
1754493300,-1.63864,-7.04703,1.55694
1754493360,-0.37857,-0.29042,2.05534
1754493420,-0.25964,-1.94017,1.86655
1754493480,-0.18815,-3.84781,1.19318
1754493540,-0.35833,-3.83838,1.00262
1754493600,0.42339,-2.27822,0.72163
1754493660,-0.53236,-0.94078,0.46384
1754493720,-2.00671,-0.02616,0.49364
1754493780,-0.99983,1.79824,0.27116
1754493840,-0.89021,2.35144,0.13882
1754493900,-1.76413,3.38468,-0.20604
1754493960,-0.83842,1.84077,-0.43576
1754494020,-2.30214,2.75305,0.02526
1754494080,-0.57966,9.79162,0.31575
1754494140,-1.89891,3.4814,-0.04844
1754494200,-1.38035,6.57123,0.21521
1754494260,-1.29993,6.39658,0.16913
1754494320,-1.15667,6.61603,0.08653
1754494380,-1.39675,8.88779,0.3944
1754494440,-0.38936,6.32468,0.38104
1754494500,-0.78785,5.34736,0.206
1754494560,-0.59293,5.50883,0.17049
1754494620,-1.08113,5.37467,0.16411
1754494680,-0.16658,4.02966,-0.12395
1754494740,-0.67541,1.16582,-0.33273
1754494800,1.74463,5.55646,-0.42829
1754494860,-2.57601,1.78793,-0.61035
1754494920,0.0448,1.66879,-0.82419
1754494980,-0.9158,1.15682,-0.88483
1754495040,-1.65908,0.09962,-0.43946
1754495100,1.91117,0.21233,-0.91679
1754495160,-2.20921,-9.55635,-0.89517
1754495220,-0.22504,1.16189,0.22208
1754495280,2.78029,3.24294,-0.72375
1754495340,-2.57509,-5.23903,-0.70742
1754495400,-0.18521,-3.06596,-0.12342
1754495460,3.92712,-3.2072,-0.51162
1754495520,-2.10488,-4.60405,0.14089
1754495580,3.49867,-4.29655,-0.51334
1754495640,-1.3312,-4.13469,0.54848
1754495700,5.27049,-7.36509,-1.05569
1754495760,-0.54385,-4.54362,-0.12429
1754495820,-0.02964,-5.41927,-0.0786
1754495880,-1.57885,-6.45832,0.43256
1754495940,4.31173,-7.19235,-0.77401
1754496000,1.60875,-6.75174,0.08333
1754496060,-1.33025,-5.93786,0.01195
1754496120,4.40275,-3.82858,-0.71211
1754496180,-0.53922,-3.20698,-0.06813
1754496240,-0.28812,-2.04032,-0.22931
1754496300,2.3492,-0.50976,-0.52865
1754496360,-1.04975,-0.05806,-0.41972
1754496420,-1.14148,0.79244,0.19785
1754496480,-0.03571,1.75882,0.61326
1754496540,2.67529,2.98726,0.95711
1754496600,1.51488,3.57049,0.52486
1754496660,-0.37642,4.37308,1.27653
1754496720,1.82559,5.60328,1.173
1754496780,3.79095,11.24052,1.16034
1754496840,-0.59392,3.34023,0.39201
1754496900,1.73047,5.82676,0.9714
1754496960,-1.04076,6.452,1.8325
1754497020,2.99666,7.34098,1.35464
1754497080,5.19986,6.50064,0.30022
1754497140,2.41031,4.98073,0.62031
1754497200,0.66509,4.31776,0.40664
1754497260,-1.79239,4.41218,0.89235
1754497320,3.72691,3.47516,0.68747
1754497380,0.37789,5.64208,1.04988
1754497440,0.8329,2.57203,1.25815
1754497500,-1.71161,-1.20009,1.70829
1754497560,1.54332,3.91475,2.25317
1754497620,2.60163,3.65692,1.58895
1754497680,-0.51278,2.30101,1.73088
1754497740,-0.69542,-1.50258,1.79978
1754497800,0.76933,-7.65478,1.38333
1754497860,0.62442,0.89559,2.42312
1754497920,0.08738,3.8937,2.48425
1754497980,1.34926,-2.60862,2.42002
1754498040,0.62683,-3.60241,1.91222
1754498100,1.45912,-7.68027,1.3374
1754498160,0.323,-2.9537,1.77813
1754498220,0.52526,0.49264,2.26804
1754498280,-0.37114,-6.24374,1.50374
1754498340,0.76979,-6.83357,1.67998
1754498400,0.41896,-7.41948,1.078
1754498460,0.35467,-6.94747,1.29317
1754498520,-1.20834,-6.3417,1.28581
1754498580,-2.02807,-6.79797,1.28163
1754498640,-3.15316,-13.17924,1.51187
1754498700,1.13392,-1.10345,2.11847
1754498760,-0.21239,-3.57982,1.49981
1754498820,-1.49851,-5.99338,1.63477
1754498880,-0.4656,-3.6817,1.70189
1754498940,0.28688,0.59873,2.00573
1754499000,-1.53292,-6.52626,1.24999
1754499060,-0.5952,-0.86027,1.62683
1754499120,-0.18816,-0.19247,1.56861
1754499180,-0.54052,-0.09625,1.39902
1754499240,-0.89923,0.69278,1.23925
1754499300,-1.69275,1.70411,1.27921
1754499360,-0.436,2.48123,0.89276
1754499420,0.05498,3.83769,0.88673
1754499480,-0.36032,2.67269,0.45545
1754499540,-0.30655,2.83518,0.01106
1754499600,-0.67319,3.38155,0.03966
1754499660,-1.33821,5.66679,-0.19969
1754499720,-1.94758,3.65035,-0.52486
1754499780,-1.84497,4.69373,-0.34855
1754499840,-2.01848,1.12803,-0.5159
1754499900,-2.31775,6.27264,-0.26871
1754499960,-0.62336,8.76114,0.13224
1754500020,-2.13713,5.37295,-0.10286
1754500080,-1.81707,5.02122,-0.22998
1754500140,-2.67574,4.99478,-0.38194
1754500200,-1.09656,4.73,-0.02854
1754500260,-0.47875,4.74505,-0.09845
1754500320,-1.64371,3.82564,-0.27003
1754500380,-0.65253,3.56822,0.046
1754500440,-0.97615,4.36245,-0.0977
1754500500,-0.76937,-1.26792,-0.42154
1754500560,0.56188,5.13344,-0.32718
1754500620,1.24457,-0.0084,-0.40795
1754500680,1.19608,-1.22009,-0.97107
1754500740,1.48613,-2.90675,-1.25691
1754500800,1.89765,-3.17189,-1.35487
1754500860,0.46963,-5.19628,-1.7188
1754500920,-0.27782,-3.93949,-1.4233
1754500980,1.40163,1.02924,-1.06685
1754501040,0.38113,-6.69969,-1.25329
1754501100,0.51371,-6.61222,-1.14408
1754501160,-1.44429,-12.46721,-1.17699
1754501220,0.78848,-3.96754,-0.01109
1754501280,1.7661,-4.57569,-0.33444
1754501340,2.15229,-4.24573,0.20375
1754501400,0.7555,-4.80372,-0.2139
1754501460,0.45108,-5.62462,-0.28059
1754501520,0.38498,-4.86364,-0.13297
1754501580,0.95738,-2.33864,0.26738
1754501640,-0.20382,-6.67399,0.06664
1754501700,0.27471,-0.77094,0.65818
1754501760,2.81611,0.79675,0.77437
1754501820,1.62745,-0.75838,0.61705
1754501880,1.0663,-2.99462,0.29479
1754501940,0.95178,-0.95711,-0.38693
1754502000,3.15035,-1.08259,-0.31175
1754502060,0.61429,1.8686,-0.05297
1754502120,0.21235,1.08406,-0.05844
1754502180,0.47994,2.88663,0.43316
1754502240,-0.03449,-0.04903,0.43842
1754502300,1.48856,5.35622,1.14849
1754502360,0.93907,5.64949,0.75923
1754502420,0.34799,7.52126,1.03123
1754502480,0.66734,6.92084,0.82592
1754502540,4.16767,8.91534,0.82243
1754502600,-3.17242,5.78155,1.49865
1754502660,2.27149,7.43463,1.45061
1754502720,4.29612,9.07077,1.54114
1754502780,3.44188,11.78799,1.5611
1754502840,-1.91435,-1.33121,0.77588
1754502900,0.10012,6.30531,1.48205
1754502960,-0.06998,5.27316,1.66198
1754503020,1.4272,4.07355,2.10359
1754503080,0.84249,3.89422,1.68274
1754503140,1.27462,0.74961,1.48351
1754503200,0.72571,0.27911,1.5834
1754503260,1.28482,-0.49066,1.51148
1754503320,0.39909,-0.37908,1.58483
1754503380,-1.26992,-1.69033,1.59188
1754503440,0.70399,1.26119,2.05695
1754503500,-0.8153,-7.84774,2.15591
1754503560,2.93141,-1.46409,1.70587
1754503620,-1.15229,-8.52817,2.05306
1754503680,-0.1304,-1.74285,1.80622
1754503740,0.01332,-3.50678,1.8788
1754503800,0.02144,-4.94156,2.19307
1754503860,-2.86737,-5.61991,2.5038
1754503920,1.07156,-4.91909,2.33285
1754503980,1.07617,-5.09796,2.40028
1754504040,0.44118,-5.14395,2.12526
1754504100,0.61193,-5.79148,2.25487
1754504160,-0.17582,-5.42434,2.07572
1754504220,-0.37058,-5.45016,1.6915
1754504280,-0.04793,-4.3348,1.67339
1754504340,-0.79668,-8.35356,1.20019
1754504400,-1.33662,-7.26448,0.95992
1754504460,-1.05427,-6.56191,1.23607
1754504520,-1.73874,-4.14102,1.16431
1754504580,-1.02339,-4.90047,1.13634
1754504640,-1.51832,-5.54496,0.97664
1754504700,-1.69615,-1.30402,0.97065
1754504760,-1.5544,-0.55872,1.38414
1754504820,-1.68092,0.20198,1.16773
1754504880,-2.10827,-2.59275,0.95882
1754504940,-0.70405,4.00603,1.4652
1754505000,-1.78616,3.62489,0.80007
1754505060,-1.40487,4.29636,0.96046
1754505120,-0.92931,4.61088,0.94878
1754505180,-4.2787,3.98819,0.823
1754505240,0.93835,6.14602,0.53388
1754505300,-0.98613,7.0001,0.39873
1754505360,-0.93067,8.65987,0.06537
1754505420,-0.87366,7.79587,0.29627
1754505480,-1.74385,3.69389,-0.72353
1754505540,-0.73534,3.66726,-0.8715
1754505600,-1.11404,4.88681,-0.71225
1754505660,-1.08612,2.91216,-0.81863
1754505720,-2.53195,4.90642,-0.92188
1754505780,-1.31222,5.69747,-0.7594
1754505840,-1.75667,4.91025,-0.78158
1754505900,-2.19972,3.3775,-0.69126
1754505960,-2.80956,1.60208,-0.62619
1754506020,0.05584,2.93055,-0.44422
1754506080,-1.97804,2.49675,-0.73818
1754506140,-0.42337,1.41267,-0.53942
1754506200,-0.46964,1.00529,-0.34572
1754506260,1.31277,2.9156,-0.31993
1754506320,0.89936,-1.59103,-0.44029
1754506380,0.34199,-2.74443,-0.68946
1754506440,-0.34355,-5.22844,-0.93817
1754506500,1.68979,-4.41657,-0.49388
1754506560,1.38455,-8.11742,-0.79021
1754506620,1.62468,-2.64404,-0.10688
1754506680,3.03535,-3.87152,-0.81102
1754506740,1.773,-9.07913,-1.05591
1754506800,2.87065,-4.52376,-1.20281
1754506860,3.33263,-6.78222,-1.14366
1754506920,0.43497,-7.61122,-1.35695
1754506980,1.88024,-3.3138,-1.5544
1754507040,-0.46778,-6.35353,-1.07212
1754507100,-0.80736,-5.75891,-0.84014
1754507160,-0.41558,-4.97698,-0.25043
1754507220,-1.06623,-3.20105,0.05711
1754507280,1.43952,-1.79459,0.23017
1754507340,1.64545,-2.01528,0.13179
1754507400,-0.21901,-0.12499,0.20772
1754507460,-0.46924,-2.47555,0.34295
1754507520,0.69275,2.62841,0.89346
1754507580,-0.94656,-1.6248,0.47574
1754507640,0.35638,0.39014,1.33007
1754507700,3.83353,4.22567,0.88077
1754507760,0.7247,3.53746,1.35677
1754507820,2.38234,4.13799,1.2458
1754507880,2.26952,4.2606,1.0293
1754507940,2.45244,4.18273,0.38607
1754508000,2.27507,5.24209,0.4425
1754508060,1.09297,6.03377,0.44092
1754508120,1.19408,6.21233,0.5094
1754508180,-0.30652,6.68105,0.44843
1754508240,2.5382,11.72582,0.95971
1754508300,0.22618,2.29348,0.43737
1754508360,2.49407,6.92685,0.73037
1754508420,0.86203,8.11086,0.99769
1754508480,1.06534,6.69507,0.99746
1754508540,0.31375,4.73252,0.98631
1754508600,0.80624,4.62801,1.12971
1754508660,0.54604,4.04287,2.06799
1754508720,-0.17323,2.23453,1.75879
1754508780,1.1535,1.85922,2.19681
1754508840,1.09063,5.13381,2.09678
1754508900,-0.20985,0.42384,1.95371
1754508960,0.71516,3.67799,2.27594
1754509020,-0.54233,-4.63009,2.08857
1754509080,-0.47244,-10.00505,1.59989
1754509140,1.29342,-3.97074,1.96899
1754509200,1.07908,-5.08154,1.81907
1754509260,-0.37771,-5.55057,1.48749
1754509320,0.30989,-8.55111,1.35029
1754509380,0.85102,-3.9716,1.79988
1754509440,-0.57521,-4.76403,1.53496
1754509500,0.34538,-4.60688,1.48755
1754509560,-0.61383,-4.81454,1.58458
1754509620,-1.06663,-4.1328,1.80687
1754509680,-0.33095,-6.41811,1.77508
1754509740,-0.46004,-6.30852,1.69294
1754509800,-1.11659,-5.57556,1.50159
1754509860,-0.83562,-5.35646,1.85644
1754509920,-0.97599,-5.33124,1.99891
1754509980,0.08016,-3.21708,1.84076
1754510040,-0.25146,-3.66224,1.93572
1754510100,1.4434,-2.35833,1.36022
1754510160,-0.98109,-1.76079,1.62301
1754510220,-0.03284,1.82427,1.51593
1754510280,-1.66494,-2.87538,1.38696
1754510340,-1.46914,-3.33555,0.71167
1754510400,1.83333,-2.10971,0.8937
1754510460,0.12069,-0.78621,0.15975
1754510520,-0.81044,0.10432,-0.28756
1754510580,-2.22455,0.6657,0.35944
1754510640,-1.48705,1.70838,-0.05331
1754510700,-1.98615,3.52524,0.36247
1754510760,0.43595,0.67085,-0.25268
1754510820,-2.68358,5.42681,0.36969
1754510880,-2.00506,6.39596,0.17582
1754510940,-2.14688,6.67346,0.3592
1754511000,-2.64337,6.24333,0.34102
1754511060,-0.9989,6.56978,0.43398
1754511120,-2.33962,6.01633,0.34525
1754511180,-0.97387,5.99435,0.37148
1754511240,-1.36403,5.95546,0.24615
1754511300,-1.36756,5.95817,0.08571
1754511360,-1.19305,5.37858,0.06578
1754511420,-0.72504,4.83441,0.15678
1754511480,-1.27538,4.27935,-0.58238
1754511540,-1.59627,2.06974,-0.87473
1754511600,-0.4835,1.43721,-0.81152
1754511660,-0.73955,1.11824,-0.94788
1754511720,-1.04005,0.57159,-1.09088
1754511780,-0.47039,-0.05041,-0.98616
1754511840,0.22466,-0.61175,-0.88269
1754511900,0.90284,-1.10282,-0.82223
1754511960,-1.04478,-1.63394,-1.09825
1754512020,0.86444,-2.4274,-0.77329
1754512080,0.64843,-2.84893,-0.75667
1754512140,0.8776,-3.55781,-0.76631
1754512200,0.90332,-3.99878,-0.79928
1754512260,1.09672,-4.5178,-0.62017
1754512320,0.76674,-4.89797,-0.60813
1754512380,1.99435,-5.01975,-0.34173
1754512440,1.06045,-5.23615,-0.40437
1754512500,1.4296,-4.06814,-0.23781
1754512560,1.56809,-4.93166,0.09524
1754512620,1.18399,-5.05868,-0.03403
1754512680,1.68742,-6.02764,-0.37581
1754512740,1.22781,-6.16757,-0.39984
1754512800,0.20237,-5.25813,-0.3201
1754512860,1.96397,-4.11366,-0.27691
1754512920,1.24163,-3.17608,-0.13785
1754512980,0.28033,-2.09765,-0.13251
1754513040,-0.18186,-0.9799,0.02105
1754513100,0.24453,-0.02942,0.06557
1754513160,-0.24555,0.96835,0.2114
1754513220,-0.08363,2.08534,0.52864
1754513280,0.36221,2.90549,0.83997
1754513340,0.9634,3.80739,0.91696
1754513400,1.53633,4.5812,1.30588
1754513460,1.53376,5.27947,1.2601
1754513520,2.07043,5.98032,1.32724
1754513580,1.3019,6.56166,1.20405
1754513640,1.45812,6.81171,1.26657
1754513700,1.77113,6.83716,1.29585
1754513760,1.30802,6.98137,1.12356
1754513820,1.52382,7.08307,1.42963
1754513880,2.71704,6.31975,1.24499
1754513940,2.04913,4.93961,0.86518
1754514000,1.1529,4.59555,0.62142
1754514060,0.9813,3.40332,0.86683
1754514120,0.78873,6.42528,0.8681
1754514180,-0.47321,3.29848,0.82525
1754514240,-0.23028,1.39735,1.18097
1754514300,0.05026,2.15201,1.44118
1754514360,0.42748,2.19258,1.70187
1754514420,1.25697,1.22107,1.63534
1754514480,-1.22265,0.47629,1.57062
1754514540,1.43795,3.61379,1.85357
1754514600,-0.17856,2.54765,1.81176
1754514660,-1.01435,0.358,1.79134
1754514720,-1.72276,-1.61657,1.91242
1754514780,-0.03595,-2.7902,2.10993
1754514840,-1.45544,-4.15206,1.93407
1754514900,0.32789,-2.2744,2.34287
1754514960,0.65908,-4.40104,2.21323
1754515020,-0.93531,-8.50814,1.81685
1754515080,0.04586,-7.63673,1.32515
1754515140,-0.04274,-9.46627,1.27495
1754515200,-0.36055,-10.62776,0.99876
1754515260,-1.13969,-9.10846,1.28373
1754515320,0.14364,-8.48469,1.26965
1754515380,-0.41691,-7.33596,1.24723
1754515440,-0.19784,-6.00857,1.19612
1754515500,-1.16015,-5.7292,1.10822
1754515560,-1.41075,-2.35581,0.85192
1754515620,-1.07727,-3.05195,0.82554
1754515680,0.18634,-1.83975,1.18419
1754515740,-0.76847,-2.02638,0.74033
1754515800,-1.54839,-2.07034,0.70752
1754515860,0.84364,2.87612,1.0525
1754515920,-0.38388,-0.29322,0.61544
1754515980,-0.27071,0.26118,0.70089
1754516040,-0.09135,2.87247,0.51418
1754516100,1.76851,2.84299,0.23089
1754516160,-2.22467,1.13767,0.2985
1754516220,-1.18395,1.54796,0.0543
1754516280,-0.01136,2.85865,0.05328
1754516340,0.30377,2.96406,-0.13499
1754516400,-0.25171,3.9462,-0.47854
1754516460,-1.71824,5.15531,-0.33925
1754516520,-1.37879,2.64093,-0.45221
1754516580,-0.16163,2.26,-0.42845
1754516640,-1.41159,6.6202,-0.6149
1754516700,-2.43115,2.72157,-0.59393
1754516760,-0.78569,5.32113,0.0134
1754516820,-1.29847,5.29297,0.03294
1754516880,-2.18679,6.0428,-0.51373
1754516940,-1.27468,5.46647,-0.19004
1754517000,0.83172,5.19372,0.05112
1754517060,-2.50382,3.40303,-0.48192
1754517120,-1.1979,4.0535,-0.36445
1754517180,-0.95897,3.53028,-0.17621
1754517240,-0.19406,5.96479,-0.08954
1754517300,-0.09004,-1.10793,-0.43937
1754517360,0.00883,-1.09144,-0.24736
1754517420,0.47854,-0.88732,-0.27013
1754517480,1.71376,-3.06001,-0.56026
1754517540,1.27235,-1.55024,-0.95297
1754517600,0.4847,-5.51206,-1.0385
1754517660,0.78943,-5.54853,-1.14998
1754517720,0.7518,-5.50287,-0.80745
1754517780,0.45677,-5.85806,-1.04436
1754517840,-0.3496,-5.99841,-0.6839
1754517900,2.32312,-5.31688,-0.48984
1754517960,-0.60624,-8.89868,-0.96582
1754518020,1.71037,-0.26199,0.10909
1754518080,-0.30791,-9.98981,-0.33677
1754518140,1.48488,-5.24254,-0.30615
1754518200,0.19612,-4.73139,0.33792
1754518260,0.51209,-10.93144,-0.46267
1754518320,2.55694,-1.46858,0.05473
1754518380,0.85215,-2.66924,0.15733
1754518440,1.89365,-2.33021,0.13086
1754518500,1.93004,-2.0169,0.26481
1754518560,1.21592,-1.02049,0.06032
1754518620,0.46742,4.18071,0.43595
1754518680,0.65252,-2.12258,-0.18557
1754518740,0.14367,-4.17447,-0.49769
1754518800,0.75644,-0.36479,-0.11051
1754518860,1.80557,4.585,0.46703
1754518920,1.20995,2.8704,0.25977
1754518980,1.31083,5.92873,0.54905
1754519040,0.11768,0.8041,0.28954
1754519100,3.95252,6.74729,0.74635
1754519160,-1.40873,5.45362,0.31043
1754519220,-0.48456,5.73523,0.6396
1754519280,0.92622,5.76843,1.29265
1754519340,0.45236,6.44663,1.29045
1754519400,3.43282,5.62632,1.48927
1754519460,0.56713,6.90874,1.72249
1754519520,-2.75068,4.63942,1.84866
1754519580,3.53092,6.78779,1.96124
1754519640,2.93061,5.67186,1.82803
1754519700,2.01858,5.02204,1.56511
1754519760,1.64264,4.16958,1.59362
1754519820,2.60914,3.59451,1.96987
1754519880,1.80382,1.42535,1.51136
1754519940,1.20258,-0.42884,1.28431
1754520000,1.34477,-0.98786,1.41103
1754520060,0.97326,-1.84219,1.36849
1754520120,-0.1831,-1.95734,1.40126
1754520180,-0.09647,-2.35292,1.79596
1754520240,0.08065,-2.65424,2.06973
1754520300,-0.80832,-3.29419,1.97637
1754520360,-1.26453,-3.57552,2.08658
1754520420,-0.84818,-3.82604,2.3366
1754520480,-1.43967,-4.42557,2.2803
1754520540,-1.33558,-4.71054,2.43597
1754520600,-0.5188,-4.88754,2.37669
1754520660,-1.03183,-5.07105,2.30886
1754520720,-1.68541,-5.09152,2.29197
1754520780,0.76976,-5.19857,2.56257
1754520840,-1.66708,-5.39222,2.40082
1754520900,-1.13403,-5.39744,2.43394
1754520960,-0.36841,-4.55482,2.24072
1754521020,0.74146,-3.99877,1.78608
1754521080,-0.9381,-5.38659,1.70321
1754521140,-1.29091,-5.8465,0.55581
1754521200,-0.8318,-4.39787,1.2343
1754521260,-0.2376,-3.55702,1.07311
1754521320,-1.27529,-2.96241,0.9461
1754521380,-0.97921,-1.91101,1.04381
1754521440,-1.88177,-0.75206,0.74818
1754521500,-1.22496,0.36791,0.81982
1754521560,-1.02493,0.50207,0.90455
1754521620,-0.96887,1.67986,0.77147
1754521680,-1.31426,2.73008,0.63455
1754521740,-1.32754,3.83021,0.53942
1754521800,-0.87355,4.85383,0.43559
1754521860,-2.47422,4.29203,0.84048
1754521920,0.72859,5.37848,0.72779
1754521980,-0.12286,5.27664,0.24739
1754522040,-0.62006,5.91824,0.07142
1754522100,-1.80467,6.05962,0.17094
1754522160,-1.02359,6.50657,0.20858
1754522220,-0.81024,7.12839,0.12216
1754522280,-0.54348,5.27156,-0.11184
1754522340,-0.12676,5.26901,-0.1035
1754522400,-1.09886,4.94704,-0.45957
1754522460,-1.75551,4.98348,-0.62157
1754522520,-1.13282,4.35841,-0.46302
1754522580,-1.59807,4.56362,-0.50367
1754522640,-2.53002,3.9758,-0.59364
1754522700,-1.63617,4.24017,-0.35735
1754522760,-0.67526,3.39299,-0.27401
1754522820,-1.79171,3.0082,-0.5652
1754522880,-1.58429,1.30068,-0.53149
1754522940,-0.91633,0.85406,-0.27314
1754523000,-0.54242,-0.18229,-0.31925
1754523060,-1.06666,-0.60936,-0.36559
1754523120,-1.03902,-1.23102,-0.21391
1754523180,-0.59044,-2.47793,-0.28032
1754523240,0.02055,-2.99105,-0.21709
1754523300,0.28587,-3.91058,-0.29128
1754523360,1.27137,-4.66906,-0.30945
1754523420,1.75859,-5.14958,-0.2889
1754523480,1.71194,-6.36473,-0.67522
1754523540,2.40697,-7.47528,-1.03186
1754523600,2.07676,-7.47078,-1.12675
1754523660,1.24708,-7.18257,-1.1521
1754523720,1.22777,-6.95634,-0.97062
1754523780,1.16146,-6.38905,-0.88765
1754523840,1.25029,-6.01571,-0.82229
1754523900,0.8379,-4.53313,-0.76607
1754523960,-0.14645,-3.62543,-0.55182
1754524020,1.26705,-2.95797,-0.54381
1754524080,0.75667,-1.98062,-0.24999
1754524140,0.45824,-1.04527,0.01239
1754524200,0.15745,-0.34289,0.12021
1754524260,0.56441,0.5718,0.2063
1754524320,0.69315,1.3793,0.46248
1754524380,1.35694,2.44524,0.62546
1754524440,1.91972,3.04586,0.91569
1754524500,1.43607,3.42366,0.89856
1754524560,1.26411,6.49119,1.04025
1754524620,1.32459,4.58383,1.04016
1754524680,2.26921,5.03463,1.00161
1754524740,1.6542,4.50949,0.51555
1754524800,1.95618,5.1442,0.63053
1754524860,1.60593,5.39316,0.51326
1754524920,0.75175,6.03843,0.38579
1754524980,-0.14809,5.70635,0.26912
1754525040,1.02305,5.94004,0.89475
1754525100,0.89689,5.74017,0.88432
1754525160,1.30145,5.66909,1.12033
1754525220,1.15798,5.15464,1.33296
1754525280,1.22987,4.53059,1.66571
1754525340,0.87643,3.84191,1.34112
1754525400,2.13854,3.2547,1.8375
1754525460,1.74854,2.22294,1.9579
1754525520,2.48608,1.59932,2.10624
1754525580,-0.17798,0.25279,2.02435
1754525640,1.74043,3.78949,1.90641
1754525700,1.06592,-2.14505,1.81406
1754525760,0.87042,-3.18906,2.09503
1754525820,1.66798,-1.18611,2.2585
1754525880,1.56001,-3.48613,1.71173
1754525940,1.02039,-5.38401,1.57353
1754526000,1.47248,-5.25314,1.3277
1754526060,-3.68458,-7.31228,1.12082
1754526120,-0.38368,-6.14861,1.71466
1754526180,-0.33032,-6.31427,1.74371
1754526240,-1.00577,-6.33811,1.93906
1754526300,-0.12021,-6.08905,2.03499
1754526360,-1.02955,-6.02337,2.09325
1754526420,-1.63884,-5.78001,2.06385
1754526480,-0.66768,-5.58832,2.08849
1754526540,-0.91002,-5.31989,1.95478
1754526600,-0.88074,-4.82572,1.95412
1754526660,-0.89953,-4.49139,1.84287
1754526720,-1.34178,-4.03638,1.80434
1754526780,-0.20596,-3.54751,1.95099
1754526840,-0.76628,-2.94424,1.77151
1754526900,-0.82391,-2.37237,1.72573
1754526960,0.11173,-1.77058,1.76096
1754527020,-0.42156,-0.97391,1.53854
1754527080,-0.54812,-1.12089,1.06965
1754527140,0.03464,-0.80524,0.67766
1754527200,-0.27464,-0.03471,0.42378
1754527260,-0.41703,1.00703,0.18477
1754527320,-0.86125,2.08847,0.29115
1754527380,-1.10866,2.93809,0.08034
1754527440,-1.03394,3.83395,0.33229
1754527500,-1.04261,4.50275,0.06197
1754527560,-1.44354,5.11205,-0.03188
1754527620,-1.8318,5.45105,0.07948
1754527680,-1.69746,5.81127,-0.03573
1754527740,-1.48397,6.04562,-0.07139
1754527800,-1.78906,6.28442,0.01698
1754527860,-1.17475,6.17767,0.09464
1754527920,-0.79667,6.0277,0.07014
1754527980,-0.31382,5.94634,0.14822
1754528040,-1.23703,5.58677,-0.19161
1754528100,-0.68725,4.68503,-0.05078
1754528160,-2.73977,4.14026,-0.56259
1754528220,-2.16118,3.48625,-0.17607
1754528280,-1.43083,2.06024,-0.26069
1754528340,-0.8811,1.14351,-0.41937
1754528400,-0.62912,0.43988,-0.45085
1754528460,-0.26871,-0.11186,-0.58615
1754528520,0.69579,-0.69808,-0.51756
1754528580,-0.56733,-0.99457,-0.77471
1754528640,-0.87757,-1.40101,-0.86807
1754528700,0.01408,-2.1312,-0.65966
1754528760,0.62354,-2.70708,-0.4527
1754528820,0.55017,-3.29829,-0.59819
1754528880,0.46796,-3.85185,-0.57113
1754528940,0.25241,-4.30503,-0.49187
1754529000,1.09484,-4.46486,-0.4181
1754529060,1.30145,-5.01304,-0.49221
1754529120,1.68089,-5.1771,-0.30847
1754529180,1.06916,-5.20284,-0.34696
1754529240,1.51639,-5.12954,-0.24217
1754529300,1.51639,-5.12954,-0.24217
1754529360,1.51639,-5.12954,-0.24217
1754529420,1.51639,-5.12954,-0.24217
1754529480,1.51639,-5.12954,-0.24217
1754529540,1.51639,-5.12954,-0.24217
1754529600,1.51639,-5.12954,-0.24217
1754529660,1.51639,-5.12954,-0.24217
1754529720,1.51639,-5.12954,-0.24217
1754529780,1.51639,-5.12954,-0.24217
1754529840,1.51639,-5.12954,-0.24217
1754529900,1.51639,-5.12954,-0.24217
1754529960,1.51639,-5.12954,-0.24217
1754530020,1.51639,-5.12954,-0.24217
1754530080,1.51639,-5.12954,-0.24217
1754530140,1.51639,-5.12954,-0.24217
1754530200,2.30955,6.93552,1.5407
1754530260,1.53923,10.85865,1.59365
1754530320,0.45793,4.20125,1.19727
1754530380,0.42913,3.66418,1.14469
1754530440,1.50302,6.72368,1.66059
1754530500,2.60124,10.16903,1.67058
1754530560,1.34086,5.9764,1.43936
1754530620,1.19035,6.37629,1.80836
1754530680,1.82345,4.66588,1.41583
1754530740,1.56221,5.1652,1.41226
1754530800,2.36831,4.5509,1.51365
1754530860,0.93163,4.02033,1.12988
1754530920,0.31279,3.52659,1.17051
1754530980,0.21618,2.81493,1.26038
1754531040,0.50731,2.17119,1.70629
1754531100,0.09654,1.35391,1.63518
1754531160,-0.61798,0.81713,1.5978
1754531220,-0.36496,-0.26973,1.74361
1754531280,-0.03614,-0.67103,1.88227
1754531340,0.47103,-1.47221,2.28617
1754531400,0.13573,-2.06971,2.23522
1754531460,-1.17142,-2.94933,2.12501
1754531520,0.42382,-3.52452,2.35074
1754531580,0.22375,-4.11947,2.37783
1754531640,-0.57067,-4.58944,2.14021
1754531700,-0.62391,-5.20618,2.18045
1754531760,1.04878,-5.3327,2.40051
1754531820,0.40671,-5.64262,2.22922
1754531880,0.46728,-6.93281,1.85564
1754531940,0.3239,-7.49515,1.76277
1754532000,0.21948,-7.38716,1.60893
1754532060,-1.01033,-7.19238,1.3695
1754532120,-1.09478,-6.67145,1.32048
1754532180,-1.23685,-6.025,1.34959
1754532240,-2.06954,-5.33486,1.36157
1754532300,-1.63413,-4.48985,1.37723
1754532360,-1.06757,-3.93543,1.58206
1754532420,-1.33109,-3.14212,1.4465
1754532480,-1.20496,-2.33198,1.38388
1754532540,-0.58762,-1.55193,1.51324
1754532600,-1.2915,-0.79311,1.34264
1754532660,-1.36216,0.02137,1.20106
1754532720,-0.60101,0.51696,1.23112
1754532780,-0.73578,1.46653,0.85766
1754532840,-1.22244,2.31333,0.72528
1754532900,-0.26959,3.01383,0.87889
1754532960,-0.29055,3.75645,0.55477
1754533020,-0.40144,4.11225,0.45772
1754533080,-0.12373,3.92371,0.06543
1754533140,-0.66661,3.92377,-0.41707
1754533200,-0.34252,4.09365,-0.59031
1754533260,-1.11148,4.76788,-0.82172
1754533320,-1.02,4.96623,-0.57269
1754533380,-0.76956,5.30061,-0.46859
1754533440,-1.73001,5.57816,-0.55948
1754533500,-1.90799,5.58612,-0.81044
1754533560,-1.7121,5.81281,-0.47492
1754533620,-0.85137,5.41026,-0.29443
1754533680,-0.94154,5.26228,-0.23179
1754533740,-1.01215,5.1131,-0.40362
1754533800,-0.68382,4.54527,-0.24313
1754533860,-1.6171,4.24491,-0.5242
1754533920,-0.07012,3.64106,-0.22736
1754533980,-1.40367,2.82036,-0.39782
1754534040,-0.1435,1.81861,-0.28833
1754534100,0.23661,1.00485,-0.16863
1754534160,-0.77526,0.05573,-0.60541
1754534220,0.35386,-0.73721,-0.44626
1754534280,-0.52944,-2.77087,-1.03037
1754534340,0.47592,-4.10283,-0.88996
1754534400,0.80373,-4.77048,-1.01538
1754534460,0.84614,-5.35268,-1.05984
1754534520,0.73185,-5.82208,-1.03965
1754534580,0.76827,-6.22642,-1.02821
1754534640,0.64065,-6.29297,-0.97588
1754534700,1.11973,-6.36106,-0.79586
1754534760,1.19777,-6.37456,-0.78306
1754534820,2.12966,-6.00087,-0.58548
1754534880,1.95163,-5.88765,-0.48749
1754534940,1.33187,-5.60947,-0.68054
1754535000,1.66441,-5.17331,-0.45635
1754535060,1.57874,-4.36434,-0.39312
1754535120,0.70675,-3.40877,-0.07208
1754535180,2.42868,-2.60591,-0.29934
1754535240,2.46795,-2.58003,-0.28882
1754535300,2.46795,-2.58003,-0.28882
1754535360,2.46795,-2.58003,-0.28882
1754535420,2.46795,-2.58003,-0.28882
1754535480,2.46795,-2.58003,-0.28882
1754535540,2.46795,-2.58003,-0.28882
1754535600,2.46795,-2.58003,-0.28882
1754535660,2.46795,-2.58003,-0.28882
1754535720,2.46795,-2.58003,-0.28882
1754535780,2.46795,-2.58003,-0.28882
1754535840,2.46795,-2.58003,-0.28882
1754535900,2.46795,-2.58003,-0.28882
1754535960,2.46795,-2.58003,-0.28882
1754536020,2.46795,-2.58003,-0.28882
1754536080,2.46795,-2.58003,-0.28882
1754536140,2.46795,-2.58003,-0.28882
1754536200,2.46795,-2.58003,-0.28882
1754536260,2.46795,-2.58003,-0.28882
1754536320,2.46795,-2.58003,-0.28882
1754536380,0.53618,4.90071,1.75146
1754536440,0.47465,4.25541,1.77301
1754536500,0.58983,3.68117,2.13151
1754536560,0.84748,2.68113,2.04629
1754536620,0.25858,1.96324,2.13618
1754536680,2.13652,0.19433,2.18394
1754536740,1.98389,-1.22268,1.73952
1754536800,0.80984,-1.99383,1.41381
1754536860,1.10277,-1.95465,1.42544
1754536920,1.02969,-2.55299,1.52377
1754536980,0.40628,-2.98758,1.56023
1754537040,1.21249,-3.41592,1.62921
1754537100,0.70116,-3.84163,1.56123
1754537160,-1.04587,-4.1965,1.34744
1754537220,-0.72343,-4.65536,1.56494
1754537280,0.38389,-4.90321,1.8925
1754537340,0.25314,-4.88456,1.92264
1754537400,-0.48843,-5.21209,1.82657
1754537460,-0.57278,-5.20043,1.92249
1754537520,-0.82548,-5.32702,1.94663
1754537580,-0.82548,-5.32702,1.94663
1754537640,-0.82548,-5.32702,1.94663
1754537700,-0.5396,-4.76425,1.80946
1754537760,-0.64043,-4.36994,1.70453
1754537820,-0.55985,-4.06522,1.96252
1754537880,-1.12475,-4.63172,1.39006
1754537940,-0.36945,-4.54618,1.30932
1754538000,-0.19621,-4.10285,1.18685
1754538060,-0.45401,-3.31582,0.96007
1754538120,-0.52797,-2.49228,1.08434
1754538180,-0.67906,-1.61467,0.88261
1754538240,-1.49153,-0.6192,0.68821
1754538300,-1.78337,0.33766,0.64225
1754538360,-1.44914,1.10706,0.67437
1754538420,-1.88096,1.97552,0.59551
1754538480,-1.97937,2.90621,0.5163
1754538540,-1.62144,3.4146,0.49679
1754538600,-0.90925,4.0867,0.6555
1754538660,-1.45958,4.79365,0.43753
1754538720,-1.42422,5.08753,0.35597
1754538780,-0.86597,5.39969,0.38323
1754538840,-0.56498,5.54293,0.36166
1754538900,-1.10663,5.83167,0.10273
1754538960,-0.69465,6.03688,0.14103
1754539020,-0.79406,6.00208,0.06664
1754539080,-1.11404,4.97288,-0.43051
1754539140,-0.62777,4.27395,-0.54854
1754539200,0.21708,3.72045,-0.49033
1754539260,-0.86649,3.84753,-0.8864
1754539320,-0.32388,3.57525,-0.77121
1754539380,-0.39916,3.33183,-0.77957
1754539440,-2.08064,2.70252,-1.01724
1754539500,0.12362,2.2756,-0.43395
1754539560,-1.21295,1.61515,-0.55158
1754539620,-0.48014,0.8015,-0.36797
1754539680,-0.67427,0.3353,-0.2796
1754539740,-0.79685,-0.31121,-0.36358
1754539800,-1.11335,-0.73813,-0.40227
1754539860,-0.17892,-1.75846,-0.25583
1754539920,0.11018,-2.60737,-0.28318
1754539980,0.61812,-3.15889,-0.15849
1754540040,0.87535,-4.02217,-0.24306
1754540100,0.29307,-4.42318,-0.40036
1754540160,1.57798,-5.13697,-0.10903
1754540220,0.97238,-5.37356,-0.25645
1754540280,1.35353,-6.48304,-0.52151
1754540340,2.33729,-7.20926,-0.51707
1754540400,1.62974,-7.0892,-0.71268
1754540460,1.50362,-6.58281,-0.79247
1754540520,0.34312,-6.03969,-0.80953
1754540580,0.00014,-5.23739,-0.72865
1754540640,0.41855,-4.58989,-0.52863
1754540700,-0.22489,-3.44759,-0.38666
1754540760,1.40783,-2.60987,-0.11733
1754540820,1.07183,-1.68054,-0.13411
1754540880,0.42857,-0.88261,-0.05079
1754540940,0.34403,0.16605,0.13741
1754541000,0.69119,0.87481,0.219
1754541060,0.56983,1.87198,0.40007
1754541120,1.71834,2.64819,0.75268
1754541180,1.81513,3.56208,0.97397
1754541240,1.88805,4.40195,0.9777
1754541300,1.89684,5.10424,1.20582
1754541360,1.48176,5.643,0.964
1754541420,1.07098,6.43931,0.97638
1754541480,1.04582,5.973,0.92478
1754541540,1.04582,5.973,0.92478
1754541600,1.04582,5.973,0.92478
1754541660,1.04582,5.973,0.92478
1754541720,1.04582,5.973,0.92478
1754541780,1.04582,5.973,0.92478
1754541840,1.04582,5.973,0.92478
1754541900,1.04582,5.973,0.92478
1754541960,1.04582,5.973,0.92478
1754542020,1.04582,5.973,0.92478
1754542080,1.04582,5.973,0.92478
1754542140,1.04582,5.973,0.92478
1754542200,0.52073,1.95411,2.04302
1754542260,0.54304,1.69406,2.01501
1754542320,1.09825,0.67527,1.98413
1754542380,0.59161,0.0173,1.80018
1754542440,-0.81603,-0.8713,1.55676
1754542500,2.05141,-1.448,2.15717
1754542560,1.3283,-2.05647,2.12576
1754542620,0.33869,-2.807,1.75983
1754542680,-0.05484,-4.50614,1.42651
1754542740,0.66697,-5.57679,1.27203
1754542800,0.15057,-5.86154,1.20987
1754542860,-0.07376,-6.22166,1.02472
1754542920,-0.18163,-6.44682,1.22581
1754542980,-1.27466,-6.35031,1.05013
1754543040,-0.62926,-6.17471,1.33442
1754543100,-0.8555,-6.00544,1.1411
1754543160,-1.6593,-5.77771,1.16165
1754543220,-1.23798,-5.46174,1.37802
1754543280,-0.78472,-5.15806,1.46762
1754543340,-0.84045,-4.61921,1.4429
1754543400,0.24618,-4.30235,1.63402
1754543460,-0.04453,-3.75241,1.40102
1754543520,-0.00967,-3.17113,1.38796
1754543580,-0.12618,-2.54312,1.34261
1754543640,-0.31175,-2.11901,1.21938
1754543700,-0.59442,-1.45207,1.17725
1754543760,-1.29618,-0.75743,0.9694
1754543820,-0.45405,-0.0433,1.22837
1754543880,-0.37308,-0.15588,0.82342
1754543940,-0.53235,0.28117,0.45789
1754544000,-0.03127,0.89742,0.20366
1754544060,-1.0959,1.73901,-0.14611
1754544120,-1.63253,2.77629,-0.37978
1754544180,-1.25953,3.37574,-0.13289
1754544240,-1.77078,4.11819,-0.28345
1754544300,-1.34166,4.64401,-0.09413
1754544360,-1.29137,5.19341,-0.02245
1754544420,-1.2133,5.57581,-0.0629
1754544480,-1.05529,5.81809,-0.0092
1754544540,-1.44502,5.95112,-0.10622
1754544600,-0.48065,6.07371,-0.10072
1754544660,-0.36587,5.75126,0.00557
1754544720,-0.31971,5.96062,0.01558
1754544780,-0.67994,5.54657,-0.03726
1754544840,-0.89268,5.0368,-0.27246
1754544900,-0.96837,4.81541,-0.29236
1754544960,0.09232,3.94222,-0.09471
1754545020,0.00117,3.36575,-0.1257
1754545080,0.57301,1.8583,-0.32269
1754545140,0.77994,0.46964,-0.62781
1754545200,1.00676,-0.33582,-0.64206
1754545260,0.33388,-0.69823,-0.84628
1754545320,-0.98147,-1.70692,-1.00391
1754545380,-0.57012,-2.11193,-0.73555
1754545440,-0.02382,-2.76473,-0.68897
1754545500,0.05234,-3.2544,-0.38629
1754545560,-0.25742,-3.93442,-0.40164
1754545620,-0.46825,-4.41481,-0.38662
1754545680,-1.20007,-4.90048,-0.33509
1754545740,1.03836,-5.47133,-0.21863
1754545800,-0.20813,-5.37223,-0.08535
1754545860,0.2326,-6.14574,-0.06478
1754545920,1.15178,-5.85481,0.1908
1754545980,1.43845,-5.84039,0.02357
1754546040,0.95974,-5.46627,-0.06994
1754546100,1.45193,-5.08648,-0.01621
1754546160,1.20378,-4.52469,-0.11726
1754546220,0.96251,-3.98885,-0.00251
1754546280,1.86511,-4.08706,-0.20108
1754546340,2.73064,-3.77867,-0.33808
1754546400,2.29085,-3.02093,-0.50667
1754546460,0.95412,-2.00541,-0.43746
1754546520,0.4437,-0.73963,-0.44941
1754546580,0.58033,0.08,-0.09035
1754546640,0.90544,1.06777,0.12352
1754546700,1.58658,2.32258,0.56039
1754546760,1.76518,3.15987,0.522
1754546820,2.12182,4.01019,0.53376
1754546880,1.00973,4.87537,1.00423
1754546940,1.96165,5.59665,1.01775
1754547000,1.66874,6.08855,0.89002
1754547060,0.50552,6.48879,0.93059
1754547120,0.94597,6.89276,1.29866
1754547180,1.43975,7.37965,1.5347
1754547240,1.32351,6.54325,1.43269
1754547300,1.14299,6.55756,1.74324
1754547360,0.79926,6.38802,1.61311
1754547420,0.5643,6.04571,1.90081
1754547480,0.44846,4.67434,1.43971
1754547540,0.49219,4.58051,1.44065
1754547600,0.49219,4.58051,1.44065
1754547660,0.49219,4.58051,1.44065
1754547720,0.49219,4.58051,1.44065
1754547780,0.49219,4.58051,1.44065
1754547840,0.49219,4.58051,1.44065
1754547900,0.49219,4.58051,1.44065
1754547960,0.49219,4.58051,1.44065
1754548020,-1.05433,-1.23944,1.59059
1754548080,0.28005,-1.22774,2.11868
1754548140,0.21487,-1.63899,2.14167
1754548200,-0.79117,-2.64437,1.92888
1754548260,-0.04758,-3.4639,2.06617
1754548320,0.11639,-3.21186,2.18225
1754548380,-0.54113,-5.96688,1.39151
1754548440,-0.46197,-5.47312,1.64062
1754548500,-0.71011,-5.01237,1.76449
1754548560,0.11971,-4.91931,1.96321
1754548620,0.47607,-3.34702,1.72223
1754548680,-0.06434,-7.23753,1.36784
1754548740,-1.01326,-7.72126,0.84203
1754548800,-0.66906,-5.65476,0.73794
1754548860,-0.86685,-7.41718,0.60035
1754548920,-0.87453,-6.12125,0.61229
1754548980,-0.70669,-5.98234,0.69469
1754549040,-0.84871,-7.05517,0.35896
1754549100,-0.48717,-2.05195,1.09153
1754549160,-0.27047,-1.66676,1.03824
1754549220,0.45169,-1.28814,1.09287
1754549280,-0.78238,-0.11379,0.98506
1754549340,-1.22862,-0.29547,0.86286
1754549400,-1.52963,0.29918,0.9342
1754549460,-0.33796,0.75475,1.07051
1754549520,-1.37781,2.074,0.68467
1754549580,-0.75993,5.36808,0.89266
1754549640,-1.14875,1.85345,0.61479
1754549700,-1.29601,3.34188,0.49806
1754549760,-0.39607,2.72367,0.62328
1754549820,-0.91403,4.69565,0.50572
1754549880,0.96858,2.69199,-0.15884
1754549940,-1.43713,5.14237,-0.0327
1754550000,-0.5979,2.93314,-0.68623
1754550060,-0.76849,5.43585,-0.20033
1754550120,-0.32799,5.98168,-0.47957
1754550180,-0.27579,5.57519,-0.38881
1754550240,-1.4624,5.90817,-0.81278
1754550300,0.31358,5.55564,-0.87868
1754550360,-1.4397,6.73392,-0.04055
1754550420,-1.44136,6.84515,-0.78083
1754550480,-1.18617,4.92639,-0.60036
1754550540,-1.07497,3.7978,-0.23259
1754550600,-0.48644,3.25124,-0.18699
1754550660,-1.09283,2.75011,-0.04792
1754550720,1.32737,1.69136,-0.02325
1754550780,1.01962,4.80507,-0.03899
1754550840,0.36435,2.58771,-0.21971
1754550900,-2.39313,-9.77884,-1.04538
1754550960,0.58507,0.20236,0.06323
1754551020,1.21666,-1.86955,-0.17689
1754551080,-0.01304,-4.17534,-0.52749
1754551140,0.53338,-6.85886,-0.64679
1754551200,0.85191,-5.22706,-0.62204
1754551260,0.77734,-5.66778,-0.77409
1754551320,1.98845,-5.35938,-0.91463
1754551380,-0.32666,-6.52298,-0.53951
1754551440,0.07043,-6.3472,-0.33442
1754551500,0.08322,-6.48157,-0.17393
1754551560,-0.57486,-5.60121,-0.03418
1754551620,1.13718,-5.14723,-0.18028
1754551680,1.64313,-5.26937,-0.37154
1754551740,0.02706,-5.39491,-0.28652
1754551800,-2.13177,-3.83706,0.51373
1754551860,2.79634,-3.03292,0.50851
1754551920,2.33313,-2.25689,0.16155
1754551980,1.58787,-1.56798,0.08118
1754552040,2.05447,1.75389,0.23294
1754552100,1.0911,0.05475,0.19635
1754552160,1.38339,1.34723,0.33777
1754552220,1.67182,-0.63578,0.1909
1754552280,3.02557,4.0884,0.14653
1754552340,2.78676,0.28456,-0.34376
1754552400,0.81139,2.04047,0.09144
1754552460,1.13931,3.28026,0.46899
1754552520,1.80138,4.11993,0.11269
1754552580,-0.25313,5.78121,0.3744
1754552640,-0.51625,5.18206,0.46339
1754552700,1.0513,5.20725,0.69107
1754552760,0.27938,6.07224,1.44924
1754552820,1.46877,6.86031,1.21069
1754552880,2.32372,7.65068,1.33628
1754552940,1.7963,6.52427,1.30518
1754553000,-0.64751,7.1863,1.76069
1754553060,0.19261,5.87023,1.25412
1754553120,-0.44954,4.91268,1.45268
1754553180,0.16947,5.25852,1.97414
1754553240,1.1736,4.21772,2.19085
1754553300,-0.12812,2.87244,1.83567
1754553360,-0.44448,1.66624,2.24996
1754553420,-0.10888,0.30654,2.04276
1754553480,1.03692,-0.56185,2.10201
1754553540,1.03692,-0.56185,2.10201
1754553600,1.03692,-0.56185,2.10201
1754553660,1.03692,-0.56185,2.10201
1754553720,1.03692,-0.56185,2.10201
1754553780,1.03692,-0.56185,2.10201
1754553840,-0.25044,-5.05553,1.57467
1754553900,1.56068,-3.43443,1.25942
1754553960,-2.79113,-6.82235,1.44464
1754554020,0.64872,-6.52919,1.20919
1754554080,-0.99825,-4.19261,1.49771
1754554140,-1.9164,-4.37323,1.66517
1754554200,-1.22818,-6.02046,1.97211
1754554260,-0.34651,-5.25081,1.69612
1754554320,-1.67568,-5.0517,1.63276
1754554380,-1.30438,-5.49517,1.66474
1754554440,0.18392,-4.64152,1.64118
1754554500,-1.00636,-7.28502,1.51726
1754554560,-0.23798,-2.40939,1.98039
1754554620,0.72593,-2.96497,1.48679
1754554680,1.161,-3.66598,1.12804
1754554740,-0.87442,-3.27669,1.07187
1754554800,0.43886,-3.15312,0.79654
1754554860,-0.39247,-2.24824,0.69536
1754554920,-1.10989,-1.77542,0.56434
1754554980,1.12798,-0.49802,0.19394
1754555040,0.56819,0.44032,0.41345
1754555100,-2.68674,0.81272,-0.56961
1754555160,-5.49952,1.73166,0.64367
1754555220,-0.08342,2.59673,0.50814
1754555280,-3.5755,2.89231,0.44344
1754555340,-0.8341,4.71538,1.0597
1754555400,0.6482,5.27842,0.80498
1754555460,0.43136,5.66625,0.26969
1754555520,-0.22662,5.98555,0.34032
1754555580,-1.21079,6.68493,-0.10694
1754555640,-1.50665,5.18127,0.37212
1754555700,0.21193,6.45982,0.76632
1754555760,0.27801,5.45705,0.07214
1754555820,0.97367,5.53504,-0.39236
1754555880,-1.82556,4.49011,-0.50413
1754555940,-0.16816,4.58985,-0.72118
1754556000,-1.77605,3.17132,-0.64084
1754556060,-1.37641,3.37529,-0.74
1754556120,-1.16148,2.71752,-0.30964
1754556180,-2.5629,3.39333,-0.60335
1754556240,1.96754,2.96005,-0.82145
1754556300,-1.10734,3.16744,-0.39335
1754556360,-2.67063,1.51652,-0.6916
1754556420,-1.40692,0.35312,-0.55824
1754556480,-1.4172,-0.77697,-0.33838
1754556540,1.09784,-2.16419,-0.50006
1754556600,-1.49066,-1.47214,-0.17102
1754556660,0.014,-3.14223,-0.20405
1754556720,1.8461,-4.04247,-0.33698
1754556780,1.56903,-5.82654,-0.70759
1754556840,0.5875,-4.90078,-0.14256
1754556900,2.20482,-4.99395,-0.74799
1754556960,3.73059,2.9801,0.22394
1754557020,-2.75948,-9.4112,-1.47007
1754557080,-1.23052,-8.9537,-0.95331
1754557140,-0.63559,-10.83906,-0.922
1754557200,0.17897,-7.40491,-0.75222
1754557260,0.01047,-7.36849,-0.25917
1754557320,4.61725,-4.03808,-0.20006
1754557380,1.00291,-3.78003,-0.24918
1754557440,1.70503,-2.69325,-0.48255
1754557500,2.71293,-1.57084,-0.57099
1754557560,1.49602,-1.19662,-0.60412
1754557620,0.56193,-0.70316,-0.60497
1754557680,0.10254,-0.03662,-0.61748
1754557740,0.95586,0.57342,-0.46779
1754557800,1.11347,1.73528,-0.1705
1754557860,1.33454,2.51437,0.10972
1754557920,1.22085,4.3,0.05145
1754557980,0.82017,4.42389,0.54057
1754558040,1.41975,4.37769,0.37256
1754558100,1.87999,5.00888,0.73118
1754558160,1.13431,5.89953,0.86771
1754558220,1.19632,6.02881,0.87283
1754558280,0.98089,5.37464,0.65305
1754558340,1.58442,4.88423,0.77667
1754558400,0.78636,5.22127,0.57935
1754558460,1.44675,4.09523,0.57748
1754558520,3.58039,5.89409,0.75662
1754558580,1.64419,6.24718,0.74321
1754558640,-0.4649,4.45625,1.02102
1754558700,2.62949,4.62068,1.71931
1754558760,2.04148,4.5523,1.19972
1754558820,0.52264,3.18372,1.10727
1754558880,0.84272,3.45412,1.61323
1754558940,0.88408,1.14625,1.88668
1754559000,0.55111,1.19064,1.72538
1754559060,-0.42953,0.45653,1.50617
1754559120,-0.29035,0.78926,1.72076
1754559180,-0.84867,-1.63226,1.93542
1754559240,0.62553,-0.54951,2.39516
1754559300,0.73017,-0.65104,2.39382
1754559360,0.73017,-0.65104,2.39382
1754559420,0.73017,-0.65104,2.39382
1754559480,0.73017,-0.65104,2.39382
1754559540,0.73017,-0.65104,2.39382
1754559600,0.73017,-0.65104,2.39382
1754559660,0.73017,-0.65104,2.39382
1754559720,-0.32407,-5.96901,1.33518
1754559780,-1.5241,-6.13652,1.59051
1754559840,-0.03326,-1.14248,1.13947
1754559900,-1.57337,-6.19277,1.29071
1754559960,-3.54324,-6.36219,1.27658
1754560020,1.11505,-6.22039,0.93342
1754560080,-1.28638,-6.66306,1.19654
1754560140,-0.9009,-2.65481,1.40886
1754560200,-0.64094,-4.52208,1.23552
1754560260,-0.54142,-2.18298,1.23874
1754560320,-0.49571,-3.36463,0.99747
1754560380,-0.30442,-2.53054,1.04159
1754560440,-0.10335,-0.72697,0.76957
1754560500,-0.60717,-1.40898,0.75225
1754560560,-0.98755,0.7545,0.66592
1754560620,1.96889,2.4434,0.09177
1754560680,-1.36475,0.50567,0.09482
1754560740,-0.36836,0.85544,-0.01572
1754560800,-1.35029,1.91329,-0.28874
1754560860,-1.96344,-2.21651,-0.72688
1754560920,0.11071,4.27328,0.15965
1754560980,0.00944,4.82541,-0.15369
1754561040,-1.15332,5.62654,-0.38099
1754561100,-0.85702,5.88265,-0.27669
1754561160,-1.05931,5.86002,-0.14752
1754561220,-0.91438,6.0775,-0.15073
1754561280,-2.1112,5.97696,-0.17743
1754561340,-0.89612,6.9876,-0.23117
1754561400,-1.11554,6.37414,-0.06477
1754561460,-0.87026,9.74371,-0.14729
1754561520,-1.40093,1.65489,-0.20487
1754561580,-0.40142,5.25671,-0.40698
1754561640,0.21837,4.33715,-0.31392
1754561700,-0.5667,2.95877,-0.20683
1754561760,0.2276,7.01648,-0.28253
1754561820,-0.03545,-1.62603,-0.41008
1754561880,0.60815,4.76124,-0.31977
1754561940,-0.6802,-2.16755,-0.84207
1754562000,-0.74311,-0.06989,-1.12473
1754562060,-0.84007,-0.91497,-0.72211
1754562120,-1.33126,-0.35572,-0.62757
1754562180,-0.00621,-4.80038,-0.78551
1754562240,-1.13688,-0.54409,-0.29572
1754562300,1.19589,-3.94985,-0.66075
1754562360,-1.49618,-5.25699,-0.88395
1754562420,-0.38161,-3.4894,-0.33125
1754562480,-0.318,-7.09183,-0.40037
1754562540,0.13281,-5.28776,-0.9444
1754562600,-0.65013,-5.91933,-0.61097
1754562660,0.35352,-5.91816,-0.34461
1754562720,-0.24074,-5.45864,-0.43209
1754562780,0.76604,-5.09921,-0.4025
1754562840,0.8261,-4.39186,-0.37658
1754562900,1.69957,-4.12491,-0.60595
1754562960,0.90956,-3.72564,-0.09891
1754563020,1.35931,-1.16907,-0.24155
1754563080,2.37733,-2.93732,-0.63135
1754563140,1.7143,-4.24497,-0.77724
1754563200,-1.63703,-2.32072,-0.68015
1754563260,1.11178,-0.87823,-0.65388
1754563320,0.59208,-0.81044,-0.50942
1754563380,3.22493,1.59953,0.0307
1754563440,-1.67565,1.3037,0.16469
1754563500,1.16817,3.33972,0.10585
1754563560,1.11652,5.00983,0.25779
1754563620,0.6174,3.67182,0.61484
1754563680,1.47417,5.42017,0.52938
1754563740,1.13523,5.15866,0.736
1754563800,1.07346,6.21555,0.62965
1754563860,0.57873,6.51334,0.58218
1754563920,1.90923,6.50403,0.99697
1754563980,2.44868,6.73772,1.35487
1754564040,3.1862,10.08826,1.28106
1754564100,2.96314,4.03803,0.94148
1754564160,1.14694,4.5853,1.39141
1754564220,-2.24019,6.82735,1.58975
1754564280,8.67862,6.16109,1.23922
1754564340,-2.06515,2.19432,1.29692
1754564400,6.00668,4.29296,1.16786
1754564460,-0.14515,1.61634,0.93044
1754564520,0.72957,1.31489,1.43445
1754564580,-2.93808,-1.06347,1.48589
1754564640,1.58776,-0.49945,2.21364
1754564700,0.27384,-0.54355,2.23831
1754564760,0.8521,-1.90712,2.04088
1754564820,-0.10601,-1.59878,2.31366
1754564880,-0.04471,-2.0279,2.39386
1754564940,-0.62257,-2.99189,2.53214
1754565000,-0.51556,-4.34575,2.22583
1754565060,-0.42742,-5.06442,2.37955
1754565120,-1.102,-3.21877,2.40375
1754565180,-0.58099,-5.72666,2.49553
1754565240,-1.06654,-7.35468,2.24676
1754565300,-0.08423,-5.06898,2.41167
1754565360,-0.57039,-4.94908,2.4306
1754565420,-1.53602,-5.02274,2.09436
1754565480,-0.99292,-5.90663,1.8376
1754565540,-0.8598,-6.87446,1.34681
1754565600,-1.06294,-6.39895,1.16816
1754565660,-0.80413,-6.08386,1.0929
1754565720,-1.25448,-4.89292,1.06845
1754565780,0.23022,-4.19364,1.04041
1754565840,-0.37663,-2.63387,1.10375
1754565900,-1.21361,-3.04249,0.9729
1754565960,0.83171,-2.81515,0.6478
1754566020,-2.25394,-1.24917,0.7513
1754566080,-1.07636,-1.27571,1.11714
1754566140,-2.31852,-1.70046,0.5165
1754566200,-0.85342,1.65894,0.88221
1754566260,-0.96862,0.33419,0.66021
1754566320,0.55493,3.48746,0.42877
1754566380,-3.70062,2.61531,0.1544
1754566440,-2.9768,0.55318,0.59131
1754566500,-0.92866,4.68607,0.86493
1754566560,-1.21466,5.14241,0.68229
1754566620,0.02422,7.19,0.623
1754566680,-1.73391,3.80208,-0.20134
1754566740,-1.56072,2.37384,0.00581
1754566800,-0.12898,5.11026,-0.2776
1754566860,-0.8305,5.17512,-0.6383
1754566920,-1.39983,5.12215,-0.67079
1754566980,-0.94061,5.41405,-0.63577
1754567040,-0.87266,5.49509,-0.83606
1754567100,-1.63261,5.37919,-1.10805
1754567160,-1.33983,4.51456,-1.00832
1754567220,-1.46924,5.03369,-0.78581
1754567280,-1.51689,5.94844,-1.15217
1754567340,-0.21793,6.4849,-0.38419
1754567400,-1.19799,0.53219,-0.5702
1754567460,0.08751,0.76555,-0.45181
1754567520,1.07543,1.27583,-0.57981
1754567580,-1.22207,-0.41928,-0.75575
1754567640,0.42292,-2.65998,-0.37747
1754567700,0.89819,-2.21767,-0.53153
1754567760,-2.02539,-3.11395,-0.14607
1754567820,1.92428,-2.19434,-0.28654
1754567880,1.49893,-0.8891,-0.15163
1754567940,3.13522,-4.98125,-0.70252
1754568000,0.86278,-7.06476,-1.1686
1754568060,0.76967,-7.35447,-1.14785
1754568120,0.20936,-8.42895,-1.20082
1754568180,-1.6408,-12.66556,-1.05208
1754568240,1.18866,-3.0086,-0.34826
1754568300,1.05515,-6.3211,-0.78687
1754568360,0.80656,-3.61974,-0.0648
1754568420,0.84211,-4.4922,-0.5183
1754568480,-0.02406,-4.57067,-0.01745
1754568540,0.15905,-3.31278,-0.3095
1754568600,-0.19904,-3.52698,0.03927
1754568660,2.10243,0.96876,-0.05118
1754568720,0.33651,-3.92643,-0.01222
1754568780,1.59467,-1.98093,0.24045
1754568840,0.8364,0.10399,0.40432
1754568900,0.53093,0.46157,0.0505
1754568960,1.18435,2.92341,0.71924
1754569020,1.4755,3.66419,0.63332
1754569080,2.03875,3.18314,0.77742
