1754470860,1700.55061,19521.8739
1754470920,2019.62828,19521.13509
1754470980,2311.90603,19522.61272
1754471040,2594.04328,19523.35286
1754471100,2807.32908,19523.35286
1754471160,2963.48714,19522.61272
1754471220,3091.32694,19521.8739
1754471280,3144.56332,19521.13509
1754471340,3139.14104,19523.35286
1754471400,3121.52037,19523.35286
1754471460,3003.34077,19523.35286
1754471520,2780.74233,19522.61272
1754471580,2529.36901,19521.8739
1754471640,2284.63757,19521.13509
1754471700,2040.22275,19523.35286
1754471760,1750.52224,19523.35286
1754471820,1427.7025,19523.35286
1754471880,1164.77783,19522.61272
1754471940,947.16805,19521.8739
1754472000,729.07665,19521.8739
1754472060,529.84894,19523.35286
1754472120,434.05855,19523.35286
1754472180,520.48578,19523.35286
1754472240,753.2073,19522.61272
1754472300,986.32797,19521.8739
1754472360,1236.83454,19522.61272
1754472420,1475.92027,19523.35286
1754472480,1702.42529,19523.35286
1754472540,1911.42748,19523.35286
1754472600,2080.92939,19522.61272
1754472660,2226.16345,19521.8739
1754472720,2306.95561,19522.61272
1754472780,2335.65734,19523.35286
1754472840,2333.31611,19523.35286
1754472900,2244.24307,19523.35286
1754472960,2098.33689,19522.61272
1754473020,1928.47915,19521.8739
1754473080,1811.75152,19522.61272
1754473140,1576.36169,19523.35286
1754473200,1362.57715,19523.35286
1754473260,1047.99121,19523.35286
1754473320,846.49856,19523.35286
1754473380,746.40545,19521.8739
1754473440,932.00662,19522.61272
1754473500,1205.0094,19523.35286
1754473560,1500.91684,19523.35286
1754473620,1799.52599,19522.61272
1754473680,2067.93145,19522.61272
1754473740,2282.1679,19521.8739
1754473800,2461.16435,19522.61272
1754473860,2608.60426,19523.35286
1754473920,2704.35477,19523.35286
1754473980,2824.25032,19522.61272
1754474040,2816.68442,19522.61272
1754474100,2752.11872,19521.8739
1754474160,2649.01134,19522.61272
1754474220,2487.35884,19523.35286
1754474280,2327.34054,19523.35286
1754474340,2173.13809,19522.61272
1754474400,1986.11746,19522.61272
1754474460,1780.61554,19521.8739
1754474520,1529.31421,19522.61272
1754474580,1291.88097,19523.35286
1754474640,1112.43319,19523.35286
1754474700,1001.0806,19522.61272
1754474760,1017.12897,19522.61272
1754474820,1131.29929,19521.8739
1754474880,1399.12209,19522.61272
1754474940,1717.79277,19523.35286
1754475000,2014.17836,19523.35286
1754475060,2303.38632,19522.61272
1754475120,2503.604,19523.35286
1754475180,2669.1366,19521.8739
1754475240,2842.24437,19522.61272
1754475300,2993.38332,19523.35286
1754475360,3046.81632,19523.35286
1754475420,3119.64685,19521.8739
1754475480,3148.85255,19523.35286
1754475540,3022.55526,19521.13509
1754475600,2906.6775,19522.61272
1754475660,2704.02161,19523.35286
1754475720,2540.39,19523.35286
1754475780,2560.56524,19522.61272
1754475840,2124.57094,19523.35286
1754475900,1600.41323,19521.13509
1754475960,1426.20849,19522.61272
1754476020,1179.22511,19523.35286
1754476080,1140.60424,19523.35286
1754476140,1140.60424,19523.35286
1754476200,1140.60424,19523.35286
1754476260,986.61181,19521.13509
1754476320,1206.30447,19522.61272
1754476380,1537.26458,19523.35286
1754476440,1782.32306,19523.35286
1754476500,1987.60304,19522.61272
1754476560,2198.86388,19522.61272
1754476620,2290.92131,19521.13509
1754476680,2518.48754,19522.61272
1754476740,2542.56854,19523.35286
1754476800,2736.79294,19523.35286
1754476860,2808.45153,19522.61272
1754476920,2871.90984,19521.8739
1754476980,2891.73901,19521.13509
1754477040,2841.33078,19523.35286
1754477100,2703.71873,19523.35286
1754477160,2614.95601,19523.35286
1754477220,2473.91139,19522.61272
1754477280,2226.00539,19521.8739
1754477340,1878.05718,19521.13509
1754477400,1632.79298,19523.35286
1754477460,1249.41004,19523.35286
1754477520,963.94969,19523.35286
1754477580,676.68,19522.61272
1754477640,549.96874,19521.8739
1754477700,637.75129,19521.13509
1754477760,883.51213,19523.35286
1754477820,1094.04806,19523.35286
1754477880,1434.42036,19523.35286
1754477940,1663.31295,19522.61272
1754478000,1867.95028,19521.8739
1754478060,2042.88754,19521.8739
1754478120,2173.11956,19523.35286
1754478180,2291.56678,19523.35286
1754478240,2380.27819,19523.35286
1754478300,2394.02984,19522.61272
1754478360,2388.04137,19521.8739
1754478420,2402.12023,19522.61272
1754478480,2386.80339,19523.35286
1754478540,2239.12168,19523.35286
1754478600,2114.92398,19523.35286
1754478660,1964.5207,19522.61272
1754478720,1741.39563,19521.8739
1754478780,1520.33804,19522.61272
1754478840,1275.55339,19523.35286
1754478900,1030.44402,19523.35286
1754478960,848.7203,19522.61272
1754479020,672.09402,19522.61272
1754479080,698.04046,19521.8739
1754479140,929.79398,19522.61272
1754479200,1332.42435,19523.35286
1754479260,1714.24352,19523.35286
1754479320,1969.8776,19523.35286
1754479380,2272.90359,19522.61272
1754479440,2324.21299,19521.8739
1754479500,2272.10999,19522.61272
1754479560,2411.08829,19523.35286
1754479620,2747.12162,19523.35286
1754479680,2712.73562,19522.61272
1754479740,2536.11434,19522.61272
1754479800,2421.67979,19521.8739
1754479860,2098.85592,19522.61272
1754479920,2016.85392,19523.35286
1754479980,1852.28423,19523.35286
1754480040,1453.707,19522.61272
1754480100,1161.32804,19522.61272
1754480160,833.40016,19521.8739
1754480220,692.98101,19522.61272
1754480280,646.59982,19523.35286
1754480340,797.29927,19523.35286
1754480400,1029.03301,19522.61272
1754480460,1336.08218,19522.61272
1754480520,1616.88562,19521.8739
1754480580,1924.74783,19522.61272
1754480640,2207.62638,19523.35286
1754480700,2450.907,19523.35286
1754480760,2678.9916,19522.61272
1754480820,2852.74137,19522.61272
1754480880,2983.39774,19521.8739
1754480940,3047.70508,19522.61272
1754481000,3106.32435,19523.35286
1754481060,3154.33242,19523.35286
1754481120,3093.52584,19522.61272
1754481180,2982.75524,19523.35286
1754481240,2870.49411,19521.8739
1754481300,2694.01798,19522.61272
1754481360,2533.0616,19523.35286
1754481420,2264.39249,19523.35286
1754481480,1897.10434,19522.61272
1754481540,1608.377,19523.35286
1754481600,1242.96816,19521.13509
1754481660,954.88257,19523.35286
1754481720,954.88257,19523.35286
1754481780,954.88257,19523.35286
1754481840,954.88257,19523.35286
1754481900,954.88257,19523.35286
1754481960,954.88257,19523.35286
1754482020,954.88257,19523.35286
1754482080,954.88257,19523.35286
1754482140,954.88257,19523.35286
1754482200,954.88257,19523.35286
1754482260,954.88257,19523.35286
1754482320,2779.36434,19521.13509
1754482380,3004.53307,19522.61272
1754482440,3089.22138,19523.35286
1754482500,3089.47626,19523.35286
1754482560,3032.53091,19522.61272
1754482620,2933.76771,19522.61272
1754482680,2787.7048,19521.13509
1754482740,2608.84904,19522.61272
1754482800,2416.30633,19523.35286
1754482860,2193.64716,19523.35286
1754482920,2013.79621,19522.61272
1754482980,1770.10216,19521.8739
1754483040,1495.64418,19521.13509
1754483100,1082.37043,19522.61272
1754483160,936.44621,19523.35286
1754483220,709.22414,19523.35286
1754483280,604.29306,19522.61272
1754483340,714.07187,19521.8739
1754483400,913.78087,19521.13509
1754483460,1234.19225,19523.35286
1754483520,1551.04206,19523.35286
1754483580,1865.65274,19523.35286
1754483640,2131.78912,19522.61272
1754483700,2358.00748,19521.8739
1754483760,2556.72453,19521.13509
1754483820,2697.22597,19523.35286
1754483880,2758.0726,19523.35286
1754483940,2691.99451,19523.35286
1754484000,2574.77617,19522.61272
1754484060,2453.0397,19521.8739
1754484120,2312.68887,19521.8739
1754484180,2081.9489,19523.35286
1754484240,1820.5991,19523.35286
1754484300,1535.21629,19523.35286
1754484360,1222.29633,19522.61272
1754484420,900.86948,19521.8739
1754484480,637.93062,19522.61272
1754484540,489.55506,19523.35286
1754484600,568.10359,19523.35286
1754484660,826.51423,19523.35286
1754484720,835.15435,19522.61272
1754484780,1414.05164,19521.8739
1754484840,1682.6332,19522.61272
1754484900,1872.56489,19523.35286
1754484960,1999.33619,19523.35286
1754485020,2002.97251,19523.35286
1754485080,2171.28725,19522.61272
1754485140,2390.22935,19521.8739
1754485200,2463.85596,19523.35286
1754485260,2496.97453,19523.35286
1754485320,2462.17757,19523.35286
1754485380,2373.9266,19523.35286
1754485440,2226.46682,19522.61272
1754485500,2022.49599,19521.8739
1754485560,1801.66481,19522.61272
1754485620,1506.09401,19523.35286
1754485680,1213.31966,19523.35286
1754485740,910.6798,19522.61272
1754485800,739.72078,19522.61272
1754485860,713.71504,19521.8739
1754485920,924.64669,19522.61272
1754485980,1274.31939,19523.35286
1754486040,1637.12226,19523.35286
1754486100,1950.2386,19522.61272
1754486160,2265.03233,19522.61272
1754486220,2509.25815,19521.8739
1754486280,2751.79598,19522.61272
1754486340,2899.59918,19523.35286
1754486400,3083.59288,19523.35286
1754486460,3107.10289,19522.61272
1754486520,3126.36206,19522.61272
1754486580,3015.59345,19521.8739
1754486640,2957.72657,19522.61272
1754486700,2925.45704,19523.35286
1754486760,2833.7907,19523.35286
1754486820,2706.93532,19522.61272
1754486880,2588.9689,19522.61272
1754486940,2475.99625,19521.8739
1754487000,2420.84614,19522.61272
1754487060,2228.59505,19523.35286
1754487120,1934.90488,19523.35286
1754487180,1650.83006,19522.61272
1754487240,1434.09845,19523.35286
1754487300,1304.82124,19521.8739
1754487360,1230.18331,19522.61272
1754487420,1231.71439,19523.35286
1754487480,1221.78996,19523.35286
1754487540,1413.78816,19522.61272
1754487600,1675.48702,19523.35286
1754487660,1885.08602,19521.13509
1754487720,2173.01115,19522.61272
1754487780,2418.31524,19523.35286
1754487840,2604.82958,19523.35286
1754487900,2734.23324,19522.61272
1754487960,2872.08991,19523.35286
1754488020,2948.04253,19521.13509
1754488080,2986.44601,19522.61272
1754488140,2951.9084,19523.35286
1754488200,2860.79419,19523.35286
1754488260,2730.21263,19522.61272
1754488320,2555.81474,19523.35286
1754488380,2358.09156,19521.13509
1754488440,2116.57407,19522.61272
1754488500,1844.20724,19523.35286
1754488560,1563.79489,19523.35286
1754488620,1266.407,19522.61272
1754488680,999.26642,19522.61272
1754488740,783.55283,19521.13509
1754488800,606.68685,19522.61272
1754488860,511.9604,19523.35286
1754488920,601.02628,19523.35286
1754488980,1014.46715,19522.61272
1754489040,1521.10433,19521.8739
1754489100,1631.15597,19521.13509
1754489160,1640.17103,19522.61272
1754489220,1885.68482,19523.35286
1754489280,2034.10783,19523.35286
1754489340,2193.58724,19522.61272
1754489400,2288.61731,19521.8739
1754489460,2265.0464,19521.13509
1754489520,2275.63939,19523.35286
1754489580,2014.61695,19523.35286
1754489640,1832.44645,19523.35286
1754489700,1740.38306,19522.61272
1754489760,1738.83741,19521.8739
1754489820,1650.68508,19521.13509
1754489880,1484.43319,19523.35286
1754489940,1228.51195,19523.35286
1754490000,847.85893,19523.35286
1754490060,805.47522,19522.61272
1754490120,771.04138,19521.8739
1754490180,829.9339,19521.8739
1754490240,1140.96661,19523.35286
1754490300,1461.76048,19523.35286
1754490360,1791.13008,19523.35286
1754490420,2061.40773,19522.61272
1754490480,2298.35911,19521.8739
1754490540,2498.21118,19522.61272
1754490600,2647.27089,19523.35286
1754490660,2718.14085,19523.35286
1754490720,2783.77604,19523.35286
1754490780,2808.05498,19522.61272
1754490840,3172.79187,19521.8739
1754490900,3018.76982,19522.61272
1754490960,2755.89505,19523.35286
1754491020,2436.90924,19523.35286
1754491080,2063.04954,19523.35286
1754491140,1929.5786,19522.61272
1754491200,1694.61411,19521.8739
1754491260,1414.09169,19522.61272
1754491320,1190.09234,19523.35286
1754491380,952.49086,19523.35286
1754491440,829.82301,19523.35286
1754491500,877.53433,19522.61272
1754491560,1079.52548,19521.8739
1754491620,1360.29673,19522.61272
1754491680,1460.36196,19523.35286
1754491740,1986.93026,19523.35286
1754491800,2325.62409,19523.35286
1754491860,2422.86861,19522.61272
1754491920,2718.80337,19521.8739
1754491980,2959.86456,19522.61272
1754492040,3236.52492,19523.35286
1754492100,3609.22591,19523.35286
1754492160,3210.45058,19522.61272
1754492220,3208.88622,19522.61272
1754492280,3162.14493,19521.8739
1754492340,2946.64931,19522.61272
1754492400,2710.01951,19523.35286
1754492460,2562.42254,19523.35286
1754492520,2247.54274,19522.61272
1754492580,1877.49794,19522.61272
1754492640,1559.16621,19521.8739
1754492700,1270.48182,19522.61272
1754492760,1057.00528,19523.35286
1754492820,892.03142,19523.35286
1754492880,844.39235,19522.61272
1754492940,937.72077,19522.61272
1754493000,1204.21654,19521.8739
1754493060,1289.45748,19523.35286
1754493120,1400.12769,19523.35286
1754493180,1740.57422,19523.35286
1754493240,2009.69549,19522.61272
1754493300,2320.65877,19522.61272
1754493360,2528.29885,19521.8739
1754493420,2619.86457,19522.61272
1754493480,2830.091,19523.35286
1754493540,3091.97009,19523.35286
1754493600,3260.56288,19522.61272
1754493660,3369.45168,19523.35286
1754493720,3383.70002,19521.8739
1754493780,3327.80232,19522.61272
1754493840,3196.46109,19523.35286
1754493900,3027.38701,19523.35286
1754493960,2868.84502,19522.61272
1754494020,2736.30818,19522.61272
1754494080,2360.56619,19521.8739
1754494140,1906.70628,19522.61272
1754494200,1608.87137,19523.35286
1754494260,1291.65456,19523.35286
1754494320,1023.86379,19522.61272
1754494380,813.2221,19522.61272
1754494440,863.03112,19521.13509
1754494500,1060.96383,19522.61272
1754494560,1291.4351,19523.35286
1754494620,1553.15771,19523.35286
1754494680,1796.58232,19522.61272
1754494740,1899.19897,19522.61272
1754494800,2176.88562,19521.13509
1754494860,2324.40117,19522.61272
1754494920,2420.248,19523.35286
1754494980,2487.62564,19523.35286
1754495040,2529.90492,19522.61272
1754495100,2522.74103,19521.8739
1754495160,2262.45277,19521.13509
1754495220,2117.6851,19522.61272
1754495280,2249.67627,19523.35286
1754495340,2169.72074,19523.35286
1754495400,1813.00655,19522.61272
1754495460,1671.23618,19521.8739
1754495520,1510.69786,19521.13509
1754495580,1204.62402,19523.35286
1754495640,1011.06321,19523.35286
1754495700,840.31827,19523.35286
1754495760,731.82933,19522.61272
1754495820,731.78166,19521.8739
1754495880,835.89738,19521.13509
1754495940,1120.69405,19523.35286
1754496000,1549.30955,19523.35286
1754496060,1884.47398,19523.35286
1754496120,2179.08734,19522.61272
1754496180,2414.24381,19521.8739
1754496240,2543.98146,19521.8739
1754496300,2643.41677,19523.35286
1754496360,2661.20046,19523.35286
1754496420,2633.77825,19523.35286
1754496480,2541.86845,19522.61272
1754496540,2419.17007,19521.8739
1754496600,2224.98803,19522.61272
1754496660,1989.33753,19523.35286
1754496720,1708.64613,19523.35286
1754496780,1313.31777,19523.35286
1754496840,1118.66157,19522.61272
1754496900,876.15659,19521.8739
1754496960,724.60652,19522.61272
1754497020,752.59145,19523.35286
1754497080,1076.84148,19523.35286
1754497140,1479.74692,19523.35286
1754497200,1741.53945,19522.61272
1754497260,1892.18718,19521.8739
1754497320,2158.51257,19522.61272
1754497380,2395.79744,19523.35286
1754497440,2576.05867,19523.35286
1754497500,2555.38079,19523.35286
1754497560,2660.3971,19522.61272
1754497620,3024.74423,19521.8739
1754497680,3112.81315,19522.61272
1754497740,3068.49418,19523.35286
1754497800,2832.41436,19523.35286
1754497860,2679.2627,19522.61272
1754497920,2757.70137,19522.61272
1754497980,2758.38491,19521.8739
1754498040,2575.9213,19522.61272
1754498100,2369.29725,19523.35286
1754498160,1941.77318,19523.35286
1754498220,1969.7351,19522.61272
1754498280,1756.31177,19522.61272
1754498340,1459.7198,19521.8739
1754498400,1207.7284,19522.61272
1754498460,1067.56972,19523.35286
1754498520,1073.71517,19523.35286
1754498580,1113.76328,19522.61272
1754498640,1367.53485,19522.61272
1754498700,1847.0488,19521.8739
1754498760,1950.9223,19522.61272
1754498820,2159.88212,19523.35286
1754498880,2466.90969,19523.35286
1754498940,2533.28933,19522.61272
1754499000,2816.14421,19522.61272
1754499060,2943.10452,19521.8739
1754499120,3004.68931,19522.61272
1754499180,3015.31176,19523.35286
1754499240,2998.41236,19523.35286
1754499300,2934.23841,19522.61272
1754499360,2817.47851,19522.61272
1754499420,2647.41438,19521.8739
1754499480,2476.27017,19522.61272
1754499540,2332.06985,19523.35286
1754499600,2144.42395,19523.35286
1754499660,1842.76569,19522.61272
1754499720,1609.94367,19523.35286
1754499780,1361.04573,19521.13509
1754499840,1065.61618,19522.61272
1754499900,867.04627,19523.35286
1754499960,532.63563,19523.35286
1754500020,506.58107,19522.61272
1754500080,647.99039,19522.61272
1754500140,885.69887,19521.13509
1754500200,1157.38298,19522.61272
1754500260,1435.24043,19523.35286
1754500320,1683.7017,19523.35286
1754500380,1912.47811,19522.61272
1754500440,2114.31724,19522.61272
1754500500,2341.07846,19521.13509
1754500560,2419.34071,19522.61272
1754500620,2525.97698,19523.35286
1754500680,2502.05785,19523.35286
1754500740,2373.5648,19522.61272
1754500800,2179.26675,19522.61272
1754500860,1957.0119,19521.13509
1754500920,1682.16465,19522.61272
1754500980,1548.80443,19523.35286
1754501040,1542.10279,19523.35286
1754501100,1155.90758,19522.61272
1754501160,738.84584,19521.8739
1754501220,628.50059,19521.13509
1754501280,715.57764,19522.61272
1754501340,843.05051,19523.35286
1754501400,1067.6202,19523.35286
1754501460,1317.2707,19522.61272
1754501520,1643.3628,19521.8739
1754501580,1830.77799,19521.8739
1754501640,2091.98232,19523.35286
1754501700,2233.01934,19523.35286
1754501760,2184.17927,19523.35286
1754501820,2265.65099,19522.61272
1754501880,2270.57626,19521.8739
1754501940,2442.78219,19521.8739
1754502000,2518.0051,19523.35286
1754502060,2541.14139,19523.35286
1754502120,2488.36065,19523.35286
1754502180,2359.75969,19522.61272
1754502240,2292.49245,19521.8739
1754502300,2100.89957,19521.8739
1754502360,1788.65727,19523.35286
1754502420,1424.51852,19523.35286
1754502480,1078.09278,19523.35286
1754502540,825.93596,19522.61272
1754502600,823.72191,19521.8739
1754502660,853.01582,19522.61272
1754502720,1224.33915,19523.35286
1754502780,1778.86897,19523.35286
1754502840,2268.53012,19523.35286
1754502900,2214.17889,19522.61272
1754502960,2533.15494,19521.8739
1754503020,2801.92368,19522.61272
1754503080,3066.96326,19523.35286
1754503140,3192.66374,19523.35286
1754503200,3227.88886,19522.61272
1754503260,3251.75669,19522.61272
1754503320,3242.10542,19521.8739
1754503380,3172.37017,19522.61272
1754503440,3261.57644,19523.35286
1754503500,3032.78744,19523.35286
1754503560,2769.83522,19523.35286
1754503620,2671.90765,19522.61272
1754503680,2381.63433,19521.8739
1754503740,2213.31281,19522.61272
1754503800,2067.8962,19523.35286
1754503860,1672.5114,19523.35286
1754503920,1418.35593,19522.61272
1754503980,1290.62834,19522.61272
1754504040,1206.60354,19521.8739
1754504100,1174.88233,19522.61272
1754504160,1258.83994,19523.35286
1754504220,1363.37852,19523.35286
1754504280,1491.60585,19522.61272
1754504340,1761.03744,19522.61272
1754504400,2079.22982,19521.8739
1754504460,2400.89433,19522.61272
1754504520,2679.30739,19523.35286
1754504580,2879.09574,19523.35286
1754504640,3145.68048,19522.61272
1754504700,3314.46658,19522.61272
1754504760,3350.82739,19521.8739
1754504820,3351.96342,19522.61272
1754504880,3384.15682,19523.35286
1754504940,3325.15722,19523.35286
1754505000,3133.45428,19522.61272
1754505060,2892.25572,19522.61272
1754505120,2627.76677,19521.8739
1754505180,2390.66744,19522.61272
1754505240,2098.09376,19523.35286
1754505300,1762.96127,19523.35286
1754505360,1390.47808,19522.61272
1754505420,1109.68978,19521.13509
1754505480,875.49837,19521.8739
1754505540,758.24039,19522.61272
1754505600,734.47998,19523.35286
1754505660,752.85394,19523.35286
1754505720,844.39888,19522.61272
1754505780,1067.46322,19523.35286
1754505840,1444.12723,19521.8739
1754505900,1635.55344,19522.61272
1754505960,1699.47814,19523.35286
1754506020,1873.79807,19523.35286
1754506080,2015.11214,19522.61272
1754506140,2175.75258,19522.61272
1754506200,2247.9858,19521.13509
1754506260,2299.11381,19522.61272
1754506320,2481.8217,19523.35286
1754506380,2375.05931,19523.35286
1754506440,2025.18545,19522.61272
1754506500,1850.11611,19522.61272
1754506560,1515.26663,19521.13509
1754506620,1249.03666,19522.61272
1754506680,990.15883,19523.35286
1754506740,739.9927,19523.35286
1754506800,599.87371,19522.61272
1754506860,799.13075,19522.61272
1754506920,1033.01399,19521.13509
1754506980,1357.93158,19522.61272
1754507040,1589.18586,19523.35286
1754507100,1901.76695,19523.35286
1754507160,2177.28234,19522.61272
1754507220,2393.28358,19521.8739
1754507280,2578.75011,19521.13509
1754507340,2623.95072,19522.61272
1754507400,2685.36487,19523.35286
1754507460,2810.71134,19523.35286
1754507520,2576.85624,19522.61272
1754507580,2598.20656,19521.8739
1754507640,2674.53091,19521.8739
1754507700,2528.91553,19523.35286
1754507760,2291.93089,19523.35286
1754507820,2063.4072,19523.35286
1754507880,1813.74851,19522.61272
1754507940,1600.54811,19521.8739
1754508000,1386.19291,19521.8739
1754508060,1146.84097,19523.35286
1754508120,950.74172,19523.35286
1754508180,837.81625,19523.35286
1754508240,1018.79486,19522.61272
1754508300,1217.24304,19521.8739
1754508360,1446.09956,19521.8739
1754508420,1827.96176,19523.35286
1754508480,2192.63427,19523.35286
1754508540,2591.27355,19523.35286
1754508600,2818.89722,19522.61272
1754508660,3073.9638,19521.8739
1754508720,3214.9308,19522.61272
1754508780,3345.29257,19523.35286
1754508840,3503.19903,19523.35286
1754508900,3593.33543,19523.35286
1754508960,3775.77736,19522.61272
1754509020,3807.14952,19521.8739
1754509080,3484.79684,19522.61272
1754509140,2857.30203,19523.35286
1754509200,2654.5796,19523.35286
1754509260,2363.12523,19523.35286
1754509320,1793.3553,19522.61272
1754509380,1585.12602,19521.8739
1754509440,1384.42018,19522.61272
1754509500,1138.85741,19523.35286
1754509560,978.34888,19523.35286
1754509620,782.08893,19523.35286
1754509680,722.27356,19522.61272
1754509740,845.49891,19521.8739
1754509800,1027.63681,19522.61272
1754509860,1289.51234,19523.35286
1754509920,1598.7686,19523.35286
1754509980,1827.58308,19522.61272
1754510040,2045.43218,19522.61272
1754510100,2260.33348,19521.8739
1754510160,2397.17758,19522.61272
1754510220,2442.2491,19523.35286
1754510280,2498.48509,19523.35286
1754510340,2636.19678,19522.61272
1754510400,2831.73976,19522.61272
1754510460,2901.05993,19521.8739
1754510520,2917.626,19522.61272
1754510580,2875.23054,19523.35286
1754510640,2782.10212,19523.35286
1754510700,2613.62866,19522.61272
1754510760,2453.62824,19522.61272
1754510820,2263.23826,19521.8739
1754510880,1941.18547,19522.61272
1754510940,1574.4554,19523.35286
1754511000,1181.00884,19523.35286
1754511060,873.72556,19522.61272
1754511120,655.48897,19522.61272
1754511180,618.98082,19521.8739
1754511240,794.54344,19522.61272
1754511300,968.80536,19522.61272
1754511360,1348.04513,19523.35286
1754511420,1643.53774,19522.61272
1754511480,1902.59762,19523.35286
1754511540,2061.86122,19521.8739
1754511600,2158.71713,19522.61272
1754511660,2221.57697,19523.35286
1754511720,2269.87584,19523.35286
1754511780,2277.3901,19522.61272
1754511840,2256.44791,19523.35286
1754511900,2202.75143,19521.13509
1754511960,2126.87891,19522.61272
1754512020,2007.62039,19523.35286
1754512080,1851.36253,19523.35286
1754512140,1673.16465,19522.61272
1754512200,1453.59562,19522.61272
1754512260,1220.96111,19521.13509
1754512320,976.99638,19522.61272
1754512380,751.58419,19523.35286
1754512440,605.50758,19523.35286
1754512500,589.52355,19522.61272
1754512560,706.03056,19522.61272
1754512620,912.83426,19521.13509
1754512680,1184.94984,19522.61272
1754512740,1536.23696,19523.35286
1754512800,1855.21218,19523.35286
1754512860,2126.35244,19522.61272
1754512920,2355.67055,19522.61272
1754512980,2511.1171,19521.13509
1754513040,2599.11999,19522.61272
1754513100,2627.74609,19523.35286
1754513160,2601.26394,19523.35286
1754513220,2506.42172,19522.61272
1754513280,2357.27132,19521.8739
1754513340,2152.64194,19521.13509
1754513400,1911.69179,19522.61272
1754513460,1637.90792,19523.35286
1754513520,1348.93448,19523.35286
1754513580,1061.47152,19522.61272
1754513640,845.53946,19521.8739
1754513700,794.97798,19521.8739
1754513760,949.70069,19523.35286
1754513820,1237.22596,19523.35286
1754513880,1589.2461,19523.35286
1754513940,1926.90122,19522.61272
1754514000,2205.98292,19521.8739
1754514060,2460.78137,19521.8739
1754514120,2681.96739,19523.35286
1754514180,2935.76337,19523.35286
1754514240,3080.01731,19523.35286
1754514300,3134.09181,19522.61272
1754514360,3247.91167,19521.8739
1754514420,3349.63542,19521.8739
1754514480,3369.54371,19523.35286
1754514540,3473.02347,19523.35286
1754514600,3717.38815,19523.35286
1754514660,3749.39419,19521.8739
1754514720,3681.54239,19521.8739
1754514780,3533.45866,19522.61272
1754514840,3318.07128,19523.35286
1754514900,3058.88992,19523.35286
1754514960,3005.3457,19523.35286
1754515020,2609.21762,19522.61272
1754515080,2052.5974,19521.8739
1754515140,1531.74201,19522.61272
1754515200,1079.97441,19523.35286
1754515260,520.33707,19523.35286
1754515320,520.00805,19523.35286
1754515380,870.98472,19522.61272
1754515440,1232.71314,19521.8739
1754515500,1591.76906,19522.61272
1754515560,1804.09128,19523.35286
1754515620,1961.06545,19523.35286
1754515680,2101.02536,19522.61272
1754515740,2241.64828,19522.61272
1754515800,2348.93185,19521.8739
1754515860,2341.33533,19522.61272
1754515920,2321.10332,19523.35286
1754515980,2321.40983,19523.35286
1754516040,2291.8761,19522.61272
1754516100,2083.13409,19522.61272
1754516160,2002.26547,19521.8739
1754516220,1887.83142,19522.61272
1754516280,1753.78335,19523.35286
1754516340,1613.49972,19523.35286
1754516400,1440.55017,19522.61272
1754516460,1154.83569,19522.61272
1754516520,957.62524,19521.8739
1754516580,776.49544,19522.61272
1754516640,596.71214,19523.35286
1754516700,456.95746,19523.35286
1754516760,458.81993,19522.61272
1754516820,702.39159,19522.61272
1754516880,1019.76083,19521.8739
1754516940,1335.57896,19522.61272
1754517000,1669.55051,19523.35286
1754517060,1934.10566,19523.35286
1754517120,2154.3569,19522.61272
1754517180,2317.42844,19522.61272
1754517240,2673.8813,19521.8739
1754517300,2784.14049,19522.61272
1754517360,2693.82881,19523.35286
1754517420,2714.153,19523.35286
1754517480,2580.40881,19522.61272
1754517540,2234.44947,19523.35286
1754517600,2148.88481,19521.8739
1754517660,1840.5951,19522.61272
1754517720,1494.43351,19523.35286
1754517780,1195.28779,19523.35286
1754517840,876.82423,19522.61272
1754517900,623.1028,19523.35286
1754517960,526.51848,19521.8739
1754518020,751.19252,19522.61272
1754518080,911.993,19523.35286
1754518140,1123.08039,19523.35286
1754518200,1453.62243,19522.61272
1754518260,1893.57262,19523.35286
1754518320,2109.49558,19521.13509
1754518380,2298.73249,19522.61272
1754518440,2445.95327,19523.35286
1754518500,2597.78089,19523.35286
1754518560,2691.59167,19522.61272
1754518620,2693.05027,19523.35286
1754518680,2478.38979,19521.13509
1754518740,2629.43722,19522.61272
1754518800,3020.54139,19523.35286
1754518860,2816.23028,19523.35286
1754518920,2602.4948,19522.61272
1754518980,2367.53495,19522.61272
1754519040,2261.45411,19521.13509
1754519100,2001.04255,19522.61272
1754519160,1679.41544,19523.35286
1754519220,1369.17625,19523.35286
1754519280,1058.48961,19522.61272
1754519340,770.53709,19521.8739
1754519400,625.49663,19521.13509
1754519460,733.68381,19522.61272
1754519520,873.07778,19523.35286
1754519580,1142.18233,19523.35286
1754519640,1538.20101,19522.61272
1754519700,1876.00955,19521.8739
1754519760,2177.74079,19521.13509
1754519820,2436.59792,19523.35286
1754519880,2644.54916,19523.35286
1754519940,2695.37678,19523.35286
1754520000,2694.67206,19522.61272
1754520060,2662.89971,19521.8739
1754520120,2576.92889,19521.13509
1754520180,2457.44892,19523.35286
1754520240,2328.51695,19523.35286
1754520300,2173.68442,19523.35286
1754520360,1977.13219,19522.61272
1754520420,1764.94436,19521.8739
1754520480,1545.59545,19521.8739
1754520540,1317.54784,19523.35286
1754520600,1155.41099,19523.35286
1754520660,1038.25032,19523.35286
1754520720,951.24171,19522.61272
1754520780,1102.9495,19521.8739
1754520840,1260.58966,19522.61272
1754520900,1482.07028,19523.35286
1754520960,1753.6056,19523.35286
1754521020,2001.91344,19523.35286
1754521080,2306.0594,19522.61272
1754521140,2555.19824,19521.8739
1754521200,2848.27174,19522.61272
1754521260,3077.40531,19523.35286
1754521320,3258.71816,19523.35286
1754521380,3391.90709,19523.35286
1754521440,3459.68508,19522.61272
1754521500,3461.36065,19521.8739
1754521560,3440.63478,19522.61272
1754521620,3370.25405,19523.35286
1754521680,3254.82647,19523.35286
1754521740,3074.68308,19523.35286
1754521800,2813.15784,19522.61272
1754521860,2552.65161,19521.8739
1754521920,2306.01537,19522.61272
1754521980,2047.2208,19523.35286
1754522040,1782.38347,19523.35286
1754522100,1496.32507,19522.61272
1754522160,1226.5796,19522.61272
1754522220,1034.84398,19521.8739
1754522280,1011.95867,19522.61272
1754522340,1096.3907,19523.35286
1754522400,1217.14539,19523.35286
1754522460,1383.01066,19522.61272
1754522520,1566.25446,19522.61272
1754522580,1782.55278,19521.8739
1754522640,1970.37495,19522.61272
1754522700,2192.09042,19523.35286
1754522760,2404.59784,19523.35286
1754522820,2592.72768,19522.61272
1754522880,2720.88029,19523.35286
1754522940,2787.19406,19521.8739
1754523000,2796.29618,19522.61272
1754523060,2799.64964,19523.35286
1754523120,2744.49986,19523.35286
1754523180,2633.8567,19522.61272
1754523240,2479.4429,19522.61272
1754523300,2274.64719,19522.61272
1754523360,2025.91383,19522.61272
1754523420,1723.24335,19523.35286
1754523480,1393.43864,19523.35286
1754523540,1005.60195,19522.61272
1754523600,670.37467,19522.61272
1754523660,566.41647,19521.8739
1754523720,764.67382,19522.61272
1754523780,1085.96247,19523.35286
1754523840,1421.82724,19523.35286
1754523900,1725.17546,19522.61272
1754523960,1962.83453,19523.35286
1754524020,2150.64777,19521.8739
1754524080,2304.88183,19522.61272
1754524140,2402.93153,19523.35286
1754524200,2440.88567,19523.35286
1754524260,2438.61278,19522.61272
1754524320,2381.69359,19523.35286
1754524380,2266.70691,19521.13509
1754524440,2114.38328,19522.61272
1754524500,1917.44641,19523.35286
1754524560,1687.59107,19523.35286
1754524620,1368.03484,19522.61272
1754524680,1121.20447,19523.35286
1754524740,959.76622,19521.13509
1754524800,854.8574,19522.61272
1754524860,854.22335,19523.35286
1754524920,960.74055,19523.35286
1754524980,1148.62569,19522.61272
1754525040,1395.23271,19522.61272
1754525100,1672.40448,19521.13509
1754525160,1977.52295,19522.61272
1754525220,2267.47668,19523.35286
1754525280,2530.09823,19523.35286
1754525340,2765.92069,19522.61272
1754525400,2968.71247,19521.8739
1754525460,3136.84879,19521.13509
1754525520,3258.3567,19522.61272
1754525580,3315.88794,19523.35286
1754525640,3399.47001,19523.35286
1754525700,3411.56513,19522.61272
1754525760,3344.53985,19521.8739
1754525820,3172.75149,19521.13509
1754525880,3094.01971,19523.35286
1754525940,2893.56387,19523.35286
1754526000,2648.49066,19523.35286
1754526060,2294.20195,19522.61272
1754526120,1847.24493,19521.8739
1754526180,1539.21738,19521.13509
1754526240,1245.4073,19523.35286
1754526300,1020.05295,19523.35286
1754526360,918.89067,19523.35286
1754526420,915.09398,19522.61272
1754526480,1029.31743,19521.8739
1754526540,1268.06379,19521.8739
1754526600,1520.43172,19523.35286
1754526660,1764.06536,19523.35286
1754526720,2001.34394,19523.35286
1754526780,2224.88774,19522.61272
1754526840,2422.68225,19521.8739
1754526900,2591.75633,19522.61272
1754526960,2729.47629,19523.35286
1754527020,2831.22338,19523.35286
1754527080,2895.55688,19523.35286
1754527140,2973.42671,19522.61272
1754527200,3001.25574,19521.8739
1754527260,2979.96483,19522.61272
1754527320,2885.57659,19523.35286
1754527380,2737.26348,19523.35286
1754527440,2535.26778,19523.35286
1754527500,2298.3889,19522.61272
1754527560,2017.71835,19521.8739
1754527620,1702.26061,19522.61272
1754527680,1391.2361,19523.35286
1754527740,1056.30048,19523.35286
1754527800,777.78621,19522.61272
1754527860,617.11524,19522.61272
1754527920,671.08415,19521.8739
1754527980,903.01997,19522.61272
1754528040,1185.12305,19523.35286
1754528100,1446.3791,19523.35286
1754528160,1682.62575,19522.61272
1754528220,1884.4278,19522.61272
1754528280,2054.87376,19521.8739
1754528340,2145.68576,19522.61272
1754528400,2188.18615,19523.35286
1754528460,2200.49758,19523.35286
1754528520,2172.37578,19522.61272
1754528580,2123.70121,19522.61272
1754528640,2047.74661,19521.8739
1754528700,1945.45699,19522.61272
1754528760,1803.33145,19523.35286
1754528820,1623.82161,19523.35286
1754528880,1413.49174,19522.61272
1754528940,1174.00284,19522.61272
1754529000,918.56372,19521.8739
1754529060,654.42357,19522.61272
1754529120,419.75518,19523.35286
1754529180,331.1198,19523.35286
1754529240,377.86984,19523.35286
1754529300,377.86984,19523.35286
1754529360,377.86984,19523.35286
1754529420,377.86984,19523.35286
1754529480,377.86984,19523.35286
1754529540,377.86984,19523.35286
1754529600,377.86984,19523.35286
1754529660,377.86984,19523.35286
1754529720,377.86984,19523.35286
1754529780,377.86984,19523.35286
1754529840,377.86984,19523.35286
1754529900,377.86984,19523.35286
1754529960,377.86984,19523.35286
1754530020,377.86984,19523.35286
1754530080,377.86984,19523.35286
1754530140,377.86984,19523.35286
1754530200,1634.71996,19523.35286
1754530260,1206.6949,19523.35286
1754530320,938.45445,19522.61272
1754530380,830.06217,19522.61272
1754530440,745.46141,19521.13509
1754530500,924.37137,19522.61272
1754530560,1277.36501,19523.35286
1754530620,1598.1943,19523.35286
1754530680,1808.51342,19522.61272
1754530740,2160.5415,19522.61272
1754530800,2471.68187,19521.13509
1754530860,2735.78502,19522.61272
1754530920,2953.19636,19523.35286
1754530980,3117.14541,19523.35286
1754531040,3273.81885,19522.61272
1754531100,3361.61303,19522.61272
1754531160,3408.14182,19521.13509
1754531220,3414.02751,19522.61272
1754531280,3357.48864,19523.35286
1754531340,3299.23216,19523.35286
1754531400,3197.18203,19522.61272
1754531460,3045.2609,19521.8739
1754531520,2850.27137,19521.13509
1754531580,2645.16136,19522.61272
1754531640,2409.29736,19523.35286
1754531700,2123.10209,19523.35286
1754531760,1873.71416,19522.61272
1754531820,1656.9617,19521.8739
1754531880,1435.29571,19521.13509
1754531940,1268.63462,19523.35286
1754532000,1224.68953,19523.35286
1754532060,1304.36006,19523.35286
1754532120,1477.21005,19522.61272
1754532180,1681.95827,19521.8739
1754532240,1908.38368,19521.8739
1754532300,2117.59242,19523.35286
1754532360,2331.72064,19523.35286
1754532420,2514.82376,19523.35286
1754532480,2661.37921,19522.61272
1754532540,2773.02417,19521.8739
1754532600,2840.79322,19521.8739
1754532660,2860.80412,19523.35286
1754532720,2850.1959,19523.35286
1754532780,2781.97899,19523.35286
1754532840,2672.88413,19522.61272
1754532900,2528.48074,19521.8739
1754532960,2353.45212,19522.61272
1754533020,2137.95418,19523.35286
1754533080,1918.90335,19523.35286
1754533140,1706.53329,19523.35286
1754533200,1482.40327,19522.61272
1754533260,1255.29416,19521.8739
1754533320,984.09721,19522.61272
1754533380,762.32191,19523.35286
1754533440,616.7268,19523.35286
1754533500,606.99878,19523.35286
1754533560,774.0007,19522.61272
1754533620,1055.23371,19521.8739
1754533680,1357.16645,19522.61272
1754533740,1654.51553,19523.35286
1754533800,1942.14259,19523.35286
1754533860,2200.70479,19522.61272
1754533920,2439.30857,19522.61272
1754533980,2639.6934,19521.8739
1754534040,2784.73233,19522.61272
1754534100,2872.78371,19523.35286
1754534160,2912.56452,19523.35286
1754534220,2900.2463,19522.61272
1754534280,2813.99629,19522.61272
1754534340,2623.17053,19521.8739
1754534400,2366.9148,19522.61272
1754534460,2083.49869,19523.35286
1754534520,1770.97288,19523.35286
1754534580,1457.47638,19522.61272
1754534640,1153.90663,19522.61272
1754534700,897.65852,19521.8739
1754534760,760.40155,19522.61272
1754534820,787.6701,19523.35286
1754534880,962.44343,19523.35286
1754534940,1216.8858,19522.61272
1754535000,1494.85273,19522.61272
1754535060,1758.20284,19521.8739
1754535120,1975.94188,19522.61272
1754535180,2146.18757,19523.35286
1754535240,2153.04974,19523.35286
1754535300,2153.04974,19523.35286
1754535360,2153.04974,19523.35286
1754535420,2153.04974,19523.35286
1754535480,2153.04974,19523.35286
1754535540,2153.04974,19523.35286
1754535600,2153.04974,19523.35286
1754535660,2153.04974,19523.35286
1754535720,2153.04974,19523.35286
1754535780,2153.04974,19523.35286
1754535840,2153.04974,19523.35286
1754535900,2153.04974,19523.35286
1754535960,2153.04974,19523.35286
1754536020,2153.04974,19523.35286
1754536080,2153.04974,19523.35286
1754536140,2153.04974,19523.35286
1754536200,2153.04974,19523.35286
1754536260,2153.04974,19523.35286
1754536320,2153.04974,19523.35286
1754536380,2108.60119,19522.61272
1754536440,2344.70187,19523.35286
1754536500,2560.10894,19521.13509
1754536560,2736.927,19522.61272
1754536620,2861.2768,19523.35286
1754536680,2936.98513,19523.35286
1754536740,2924.51101,19522.61272
1754536800,2856.70323,19523.35286
1754536860,2751.90952,19521.13509
1754536920,2654.04154,19522.61272
1754536980,2503.48053,19523.35286
1754537040,2348.97157,19523.35286
1754537100,2186.48294,19522.61272
1754537160,1977.09264,19522.61272
1754537220,1721.06746,19521.13509
1754537280,1492.78524,19522.61272
1754537340,1289.1791,19523.35286
1754537400,1124.46724,19523.35286
1754537460,1009.21667,19522.61272
1754537520,973.28964,19523.35286
1754537580,973.28964,19523.35286
1754537640,973.28964,19523.35286
1754537700,1380.40809,19523.35286
1754537760,1595.29813,19523.35286
1754537820,1815.63411,19522.61272
1754537880,2036.68143,19521.8739
1754537940,2293.11988,19521.13509
1754538000,2546.81606,19523.35286
1754538060,2765.41739,19523.35286
1754538120,2935.09076,19523.35286
1754538180,3059.86342,19522.61272
1754538240,3121.09535,19521.8739
1754538300,3114.81278,19521.13509
1754538360,3060.49565,19523.35286
1754538420,2961.8301,19523.35286
1754538480,2804.39103,19523.35286
1754538540,2618.29227,19522.61272
1754538600,2400.80215,19521.8739
1754538660,2152.64194,19522.61272
1754538720,1868.9731,19523.35286
1754538780,1583.03751,19523.35286
1754538840,1412.40801,19521.8739
1754538900,1020.87716,19522.61272
1754538960,820.34213,19521.8739
1754539020,723.54331,19522.61272
1754539080,785.51961,19523.35286
1754539140,903.00756,19523.35286
1754539200,1064.57325,19523.35286
1754539260,1245.47772,19522.61272
1754539320,1423.4942,19521.8739
1754539380,1607.58655,19522.61272
1754539440,1761.42125,19523.35286
1754539500,1896.83622,19523.35286
1754539560,2011.32952,19523.35286
1754539620,2074.78833,19522.61272
1754539680,2105.11697,19521.8739
1754539740,2102.83764,19522.61272
1754539800,2076.79474,19523.35286
1754539860,2001.58574,19523.35286
1754539920,1868.62024,19523.35286
1754539980,1700.69047,19522.61272
1754540040,1488.78035,19521.8739
1754540100,1237.42647,19522.61272
1754540160,958.92636,19523.35286
1754540220,670.81231,19523.35286
1754540280,406.47381,19522.61272
1754540340,428.99508,19522.61272
1754540400,772.60665,19521.8739
1754540460,1160.34635,19522.61272
1754540520,1530.97803,19523.35286
1754540580,1856.7292,19523.35286
1754540640,2140.07712,19522.61272
1754540700,2371.74524,19522.61272
1754540760,2553.74146,19521.8739
1754540820,2692.65769,19522.61272
1754540880,2776.29538,19523.35286
1754540940,2796.12405,19523.35286
1754541000,2773.22426,19522.61272
1754541060,2692.96305,19522.61272
1754541120,2561.20078,19521.8739
1754541180,2394.07155,19522.61272
1754541240,2181.2116,19523.35286
1754541300,1929.71398,19523.35286
1754541360,1665.33261,19522.61272
1754541420,1377.85277,19521.8739
1754541480,1149.29168,19522.61272
1754541540,1149.29168,19522.61272
1754541600,1149.29168,19522.61272
1754541660,1149.29168,19522.61272
1754541720,1149.29168,19522.61272
1754541780,1149.29168,19522.61272
1754541840,1149.29168,19522.61272
1754541900,1149.29168,19522.61272
1754541960,1149.29168,19522.61272
1754542020,1149.29168,19522.61272
1754542080,1149.29168,19522.61272
1754542140,1149.29168,19522.61272
1754542200,2958.26711,19521.8739
1754542260,3053.38853,19522.61272
1754542320,3122.36014,19523.35286
1754542380,3145.40839,19523.35286
1754542440,3120.29563,19522.61272
1754542500,3052.31672,19523.35286
1754542560,2977.38593,19521.13509
1754542620,2854.04687,19522.61272
1754542680,2655.28266,19523.35286
1754542740,2381.04729,19523.35286
1754542800,2073.69698,19522.61272
1754542860,1757.63714,19523.35286
1754542920,1446.86287,19521.13509
1754542980,1139.53127,19522.61272
1754543040,892.84935,19523.35286
1754543100,790.69503,19523.35286
1754543160,792.58576,19522.61272
1754543220,944.98272,19522.61272
1754543280,1165.5279,19521.13509
1754543340,1424.47069,19522.61272
1754543400,1676.94561,19523.35286
1754543460,1922.97908,19523.35286
1754543520,2137.84412,19522.61272
1754543580,2317.88474,19521.8739
1754543640,2465.62736,19521.13509
1754543700,2582.35664,19523.35286
1754543760,2641.72912,19523.35286
1754543820,2675.96054,19523.35286
1754543880,2689.25027,19522.61272
1754543940,2697.18691,19521.8739
1754544000,2666.01435,19521.13509
1754544060,2585.42642,19523.35286
1754544120,2436.06765,19523.35286
1754544180,2243.96436,19523.35286
1754544240,2004.14014,19522.61272
1754544300,1732.38536,19521.8739
1754544360,1439.67845,19521.13509
1754544420,1126.98076,19523.35286
1754544480,816.12291,19523.35286
1754544540,537.9867,19523.35286
1754544600,433.37042,19522.61272
1754544660,588.15147,19521.8739
1754544720,872.61486,19521.8739
1754544780,1182.11003,19523.35286
1754544840,1476.42142,19523.35286
1754544900,1763.16203,19523.35286
1754544960,2023.45658,19522.61272
1754545020,2238.87822,19521.8739
1754545080,2403.13097,19522.61272
1754545140,2472.11384,19523.35286
1754545200,2478.49091,19523.35286
1754545260,2453.18419,19523.35286
1754545320,2381.54844,19522.61272
1754545380,2265.19949,19521.8739
1754545440,2123.15174,19522.61272
1754545500,1949.86472,19523.35286
1754545560,1742.19882,19523.35286
1754545620,1503.81219,19523.35286
1754545680,1248.33649,19522.61272
1754545740,962.79438,19521.8739
1754545800,702.8421,19522.61272
1754545860,497.65766,19523.35286
1754545920,496.61282,19523.35286
1754545980,700.19973,19523.35286
1754546040,990.3509,19522.61272
1754546100,1288.97586,19521.8739
1754546160,1571.15391,19522.61272
1754546220,1820.03423,19523.35286
1754546280,2057.4606,19523.35286
1754546340,2309.88687,19522.61272
1754546400,2541.38419,19522.61272
1754546460,2706.1457,19521.8739
1754546520,2804.03321,19522.61272
1754546580,2833.463,19523.35286
1754546640,2812.09132,19523.35286
1754546700,2730.92827,19522.61272
1754546760,2582.74309,19522.61272
1754546820,2399.67671,19521.8739
1754546880,2173.75261,19522.61272
1754546940,1902.97497,19523.35286
1754547000,1641.5391,19523.35286
1754547060,1377.08781,19522.61272
1754547120,1121.59746,19522.61272
1754547180,1013.9262,19521.8739
1754547240,1064.05927,19522.61272
1754547300,1245.46199,19523.35286
1754547360,1495.35024,19523.35286
1754547420,1790.61371,19522.61272
1754547480,2044.70744,19522.61272
1754547540,2067.78018,19522.61272
1754547600,2067.78018,19522.61272
1754547660,2067.78018,19522.61272
1754547720,2067.78018,19522.61272
1754547780,2067.78018,19522.61272
1754547840,2067.78018,19522.61272
1754547900,2067.78018,19522.61272
1754547960,2067.78018,19522.61272
1754548020,2750.9524,19523.35286
1754548080,2670.92803,19523.35286
1754548140,2589.85882,19521.8739
1754548200,2452.45861,19522.61272
1754548260,2270.78959,19521.8739
1754548320,2080.21375,19522.61272
1754548380,1844.33237,19523.35286
1754548440,1495.03495,19523.35286
1754548500,1264.02919,19521.8739
1754548560,1045.71113,19522.61272
1754548620,945.02782,19521.13509
1754548680,868.29501,19522.61272
1754548740,907.65618,19523.35286
1754548800,1126.36467,19523.35286
1754548860,1404.50233,19522.61272
1754548920,1737.19527,19523.35286
1754548980,2039.83,19521.13509
1754549040,2399.35414,19522.61272
1754549100,2735.98329,19523.35286
1754549160,2827.43332,19523.35286
1754549220,2916.6472,19522.61272
1754549280,2972.12353,19522.61272
1754549340,2983.03892,19521.13509
1754549400,2982.35572,19522.61272
1754549460,2950.08685,19523.35286
1754549520,2868.39418,19523.35286
1754549580,2610.07014,19522.61272
1754549640,2475.39332,19521.8739
1754549700,2317.49547,19521.13509
1754549760,2168.48442,19523.35286
1754549820,1951.51547,19523.35286
1754549880,1783.91207,19523.35286
1754549940,1447.92326,19522.61272
1754550000,1297.57253,19521.8739
1754550060,1025.83297,19521.13509
1754550120,739.45448,19523.35286
1754550180,610.07052,19523.35286
1754550240,596.46471,19523.35286
1754550300,759.49301,19522.61272
1754550360,1072.11399,19521.8739
1754550420,1421.7991,19521.13509
1754550480,1750.35061,19523.35286
1754550540,2005.06499,19523.35286
1754550600,2217.33442,19523.35286
1754550660,2386.92289,19521.8739
1754550720,2526.21465,19521.8739
1754550780,2684.33328,19521.8739
1754550840,3050.11484,19523.35286
1754550900,2735.36745,19523.35286
1754550960,2584.27567,19523.35286
1754551020,2516.85053,19522.61272
1754551080,2350.39971,19521.8739
1754551140,1977.99977,19522.61272
1754551200,1670.30174,19523.35286
1754551260,1357.79868,19523.35286
1754551320,1088.53897,19523.35286
1754551380,819.03506,19522.61272
1754551440,616.72618,19521.8739
1754551500,623.0148,19522.61272
1754551560,797.93853,19523.35286
1754551620,1055.71682,19523.35286
1754551680,1312.42876,19523.35286
1754551740,1612.58994,19522.61272
1754551800,1871.14387,19521.8739
1754551860,2069.38872,19522.61272
1754551920,2228.73822,19523.35286
1754551980,2325.52048,19523.35286
1754552040,2350.42752,19523.35286
1754552100,2313.23222,19522.61272
1754552160,2162.04842,19521.8739
1754552220,2203.95647,19522.61272
1754552280,2141.93011,19523.35286
1754552340,2135.15351,19523.35286
1754552400,2069.55456,19522.61272
1754552460,1935.35704,19522.61272
1754552520,1788.36366,19521.8739
1754552580,1557.88271,19522.61272
1754552640,1292.34935,19523.35286
1754552700,1066.14249,19523.35286
1754552760,909.23552,19522.61272
1754552820,884.66661,19522.61272
1754552880,1029.8108,19521.8739
1754552940,1330.55877,19522.61272
1754553000,1594.9077,19523.35286
1754553060,1917.02834,19523.35286
1754553120,2191.95222,19522.61272
1754553180,2463.27901,19522.61272
1754553240,2720.69045,19521.8739
1754553300,2939.08705,19522.61272
1754553360,3090.42427,19523.35286
1754553420,3120.81168,19523.35286
1754553480,3117.9256,19523.35286
1754553540,3117.9256,19523.35286
1754553600,3117.9256,19523.35286
1754553660,3117.9256,19523.35286
1754553720,3117.9256,19523.35286
1754553780,3117.9256,19523.35286
1754553840,2264.18329,19522.61272
1754553900,2035.61608,19522.61272
1754553960,1947.28152,19522.61272
1754554020,1469.62876,19522.61272
1754554080,1223.19916,19523.35286
1754554140,1007.14496,19523.35286
1754554200,810.80672,19521.8739
1754554260,821.46442,19522.61272
1754554320,900.29576,19521.8739
1754554380,1061.47069,19522.61272
1754554440,1334.15793,19523.35286
1754554500,1662.4323,19523.35286
1754554560,1903.01287,19522.61272
1754554620,2102.90434,19523.35286
1754554680,2325.54961,19521.13509
1754554740,2527.51254,19522.61272
1754554800,2714.24138,19523.35286
1754554860,2874.52151,19523.35286
1754554920,2990.7028,19522.61272
1754554980,3031.00727,19523.35286
1754555040,3081.42609,19521.13509
1754555100,3035.91317,19522.61272
1754555160,2880.58562,19523.35286
1754555220,2746.4879,19523.35286
1754555280,2602.71823,19522.61272
1754555340,2348.72827,19522.61272
1754555400,2080.82893,19521.13509
1754555460,1783.13949,19522.61272
1754555520,1498.13884,19523.35286
1754555580,1176.53118,19523.35286
1754555640,875.19401,19522.61272
1754555700,726.4711,19521.8739
1754555760,768.29209,19521.13509
1754555820,923.50363,19522.61272
1754555880,1087.85626,19523.35286
1754555940,1275.48835,19523.35286
1754556000,1458.37259,19522.61272
1754556060,1588.2011,19521.8739
1754556120,1751.17896,19521.13509
1754556180,1866.34207,19523.35286
1754556240,2114.12393,19523.35286
1754556300,2254.06513,19523.35286
1754556360,2394.48018,19522.61272
1754556420,2463.24723,19521.8739
1754556480,2441.73239,19521.13509
1754556540,2385.84181,19523.35286
1754556600,2285.76549,19523.35286
1754556660,2150.23218,19523.35286
1754556720,1962.72596,19522.61272
1754556780,1759.12056,19523.35286
1754556840,1535.77686,19521.8739
1754556900,1220.71898,19523.35286
1754556960,1101.84012,19523.35286
1754557020,970.21861,19523.35286
1754557080,620.05507,19522.61272
1754557140,708.74261,19521.8739
1754557200,1049.66389,19522.61272
1754557260,1549.3299,19523.35286
1754557320,1785.46021,19523.35286
1754557380,2017.21637,19523.35286
1754557440,2214.98524,19522.61272
1754557500,2358.82309,19521.8739
1754557560,2446.60172,19522.61272
1754557620,2522.56526,19523.35286
1754557680,2560.53793,19523.35286
1754557740,2555.12641,19523.35286
1754557800,2516.48295,19522.61272
1754557860,2393.06263,19521.8739
1754557920,2211.73554,19522.61272
1754557980,1979.94065,19523.35286
1754558040,1744.78236,19523.35286
1754558100,1501.55784,19523.35286
1754558160,1225.97881,19522.61272
1754558220,978.70207,19521.8739
1754558280,793.94332,19522.61272
1754558340,747.33633,19523.35286
1754558400,830.61371,19523.35286
1754558460,991.53509,19522.61272
1754558520,1240.806,19522.61272
1754558580,1570.38166,19521.8739
1754558640,1857.35514,19522.61272
1754558700,2083.94208,19523.35286
1754558760,2376.71933,19523.35286
1754558820,2583.34967,19522.61272
1754558880,2750.80511,19521.8739
1754558940,2896.08981,19522.61272
1754559000,2949.90844,19522.61272
1754559060,2990.674,19523.35286
1754559120,2989.38505,19523.35286
1754559180,2947.64267,19522.61272
1754559240,2887.42264,19521.8739
1754559300,2887.24919,19522.61272
1754559360,2887.24919,19522.61272
1754559420,2887.24919,19522.61272
1754559480,2887.24919,19522.61272
1754559540,2887.24919,19522.61272
1754559600,2887.24919,19522.61272
1754559660,2887.24919,19522.61272
1754559720,754.31411,19522.61272
1754559780,629.14171,19523.35286
1754559840,621.74641,19523.35286
1754559900,705.88011,19522.61272
1754559960,915.947,19522.61272
1754560020,1276.54187,19522.61272
1754560080,1624.93645,19522.61272
1754560140,1944.88037,19523.35286
1754560200,2193.16885,19523.35286
1754560260,2412.12435,19522.61272
1754560320,2575.16345,19523.35286
1754560380,2757.89369,19521.13509
1754560440,2882.26848,19522.61272
1754560500,2955.34064,19523.35286
1754560560,2979.25216,19523.35286
1754560620,2898.06263,19522.61272
1754560680,2812.93805,19523.35286
1754560740,2782.36329,19521.13509
1754560800,2687.80326,19522.61272
1754560860,2593.0721,19523.35286
1754560920,2637.34853,19523.35286
1754560980,2358.82905,19522.61272
1754561040,2054.96743,19523.35286
1754561100,1728.74954,19521.13509
1754561160,1387.1986,19522.61272
1754561220,1061.18073,19523.35286
1754561280,758.63859,19523.35286
1754561340,528.78603,19522.61272
1754561400,560.90341,19522.61272
1754561460,824.70071,19521.13509
1754561520,1086.69748,19522.61272
1754561580,1348.51202,19523.35286
1754561640,1630.35873,19523.35286
1754561700,1796.33687,19522.61272
1754561760,2092.50184,19521.8739
1754561820,2324.63338,19521.13509
1754561880,2451.12315,19523.35286
1754561940,2420.01696,19523.35286
1754562000,2410.56844,19523.35286
1754562060,2381.19939,19522.61272
1754562120,2381.23348,19521.8739
1754562180,2144.08301,19521.13509
1754562240,2022.31641,19523.35286
1754562300,1870.71769,19523.35286
1754562360,1645.48358,19523.35286
1754562420,1381.44457,19521.8739
1754562480,1045.41198,19521.8739
1754562540,755.93027,19521.13509
1754562600,563.86732,19523.35286
1754562660,549.04381,19523.35286
1754562720,695.70692,19523.35286
1754562780,923.08424,19522.61272
1754562840,1153.54707,19521.8739
1754562900,1380.90734,19521.8739
1754562960,1592.36322,19523.35286
1754563020,1672.36807,19523.35286
1754563080,1844.73603,19523.35286
1754563140,2073.71403,19522.61272
1754563200,2276.74331,19521.8739
1754563260,2372.91403,19522.61272
1754563320,2437.17123,19523.35286
1754563380,2436.60322,19523.35286
1754563440,2286.82373,19523.35286
1754563500,2170.24291,19522.61272
1754563560,1917.18938,19521.8739
1754563620,1686.35971,19522.61272
1754563680,1431.70177,19523.35286
1754563740,1130.3996,19523.35286
1754563800,811.50226,19523.35286
1754563860,517.83658,19522.61272
1754563920,412.5586,19521.8739
1754563980,638.77473,19522.61272
1754564040,1080.58074,19523.35286
1754564100,1438.73524,19523.35286
1754564160,1812.04116,19523.35286
1754564220,2097.21262,19522.61272
1754564280,2400.67818,19521.8739
1754564340,2816.16242,19522.61272
1754564400,3037.11838,19523.35286
1754564460,3228.53632,19523.35286
1754564520,3313.66156,19522.61272
1754564580,3291.76258,19522.61272
1754564640,3186.36727,19521.8739
1754564700,3185.47652,19523.35286
1754564760,3098.64293,19523.35286
1754564820,2980.92674,19523.35286
1754564880,2886.42729,19522.61272
1754564940,2784.3904,19521.8739
1754565000,2542.34511,19522.61272
1754565060,2260.50941,19522.61272
1754565120,2017.29383,19523.35286
1754565180,1828.66102,19523.35286
1754565240,1460.8603,19522.61272
1754565300,1236.8319,19521.8739
1754565360,1124.21087,19522.61272
1754565420,1054.76359,19522.61272
1754565480,1048.05873,19523.35286
1754565540,1158.40481,19523.35286
1754565600,1403.38914,19522.61272
1754565660,1694.88322,19521.8739
1754565720,1950.92429,19522.61272
1754565780,2187.22175,19522.61272
1754565840,2404.83551,19523.35286
1754565900,2519.53056,19523.35286
1754565960,2700.39175,19521.8739
1754566020,2769.2816,19521.8739
1754566080,2875.17228,19522.61272
1754566140,2991.0732,19522.61272
1754566200,2845.82491,19523.35286
1754566260,2915.56049,19523.35286
1754566320,2705.92872,19521.8739
1754566380,2530.57836,19522.61272
1754566440,2405.43645,19521.8739
1754566500,2215.06832,19522.61272
1754566560,1957.08389,19523.35286
1754566620,1614.4474,19523.35286
1754566680,1379.55301,19521.8739
1754566740,1206.5951,19522.61272
1754566800,1006.26902,19521.8739
1754566860,812.89026,19522.61272
1754566920,671.42294,19523.35286
1754566980,673.26985,19523.35286
1754567040,821.47535,19521.8739
1754567100,1048.02596,19522.61272
1754567160,1320.06955,19521.8739
1754567220,1571.15291,19522.61272
1754567280,1863.44672,19523.35286
1754567340,2219.94708,19523.35286
1754567400,2461.03211,19521.8739
1754567460,2522.92093,19521.8739
1754567520,2573.00096,19521.8739
1754567580,2599.29857,19522.61272
1754567640,2531.08613,19523.35286
1754567700,2375.31336,19523.35286
1754567760,2240.57316,19521.8739
1754567820,2075.74875,19522.61272
1754567880,1964.83963,19521.8739
1754567940,1742.43897,19522.61272
1754568000,1421.58924,19523.35286
1754568060,1111.98021,19523.35286
1754568120,744.4169,19521.8739
1754568180,603.46215,19522.61272
1754568240,892.79664,19521.8739
1754568300,1118.57989,19522.61272
1754568360,1345.37653,19523.35286
1754568420,1613.0459,19523.35286
1754568480,1878.05884,19521.8739
1754568540,2094.54335,19522.61272
1754568600,2272.70846,19523.35286
1754568660,2280.97428,19523.35286
1754568720,2407.20239,19523.35286
1754568780,2657.85842,19523.35286
1754568840,2623.69419,19521.8739
1754568900,2621.67056,19522.61272
1754568960,2500.374,19522.61272
1754569020,2271.0496,19523.35286
1754569080,2101.15379,19523.35286
1754569140,1922.38111,19523.35286
1754569200,1585.61045,19521.8739
1754569260,1399.92876,19522.61272
1754569320,1392.59738,19522.61272
1754569380,1210.67679,19523.35286
1754569440,1022.05118,19523.35286
1754569500,893.14833,19523.35286
1754569560,937.20563,19521.8739
1754569620,1052.84216,19522.61272
1754569680,1297.87871,19522.61272
1754569740,1739.76259,19523.35286
1754569800,1964.82208,19523.35286
1754569860,2271.98636,19523.35286
1754569920,2452.15988,19521.8739
1754569980,2633.17018,19522.61272
1754570040,2955.45716,19522.61272
1754570100,3137.68526,19523.35286
1754570160,3148.70922,19523.35286
1754570220,3142.48987,19522.61272
1754570280,3149.67941,19521.8739
1754570340,3072.51331,19522.61272
1754570400,2905.89897,19522.61272
1754570460,2760.74584,19523.35286
1754570520,2594.26887,19523.35286
1754570580,2396.94406,19522.61272
1754570640,2225.23364,19521.8739
1754570700,2008.17284,19522.61272
1754570760,1648.98038,19522.61272
1754570820,1351.59514,19523.35286
1754570880,1153.56263,19523.35286
1754570940,1060.10411,19521.8739
1754571000,908.25151,19522.61272
1754571060,887.95834,19522.61272
1754571120,983.77944,19522.61272
1754571180,1186.77065,19523.35286
1754571240,1419.72085,19523.35286
1754571300,1709.24543,19522.61272
1754571360,1884.27488,19521.8739
1754571420,2072.69601,19522.61272
1754571480,2261.93391,19522.61272
1754571540,2468.06326,19523.35286
1754571600,2669.98415,19523.35286
1754571660,2800.80288,19522.61272
1754571720,2933.13846,19521.8739
1754571780,2941.38426,19522.61272
1754571840,2812.80928,19522.61272
1754571900,2733.63378,19523.35286
1754571960,2584.84136,19523.35286
1754572020,2415.02201,19522.61272
1754572080,2185.55578,19522.61272
1754572140,1911.40001,19522.61272
1754572200,1560.23537,19522.61272
1754572260,1254.52084,19523.35286
1754572320,873.29053,19523.35286
1754572380,644.67934,19521.8739
1754572440,586.59469,19522.61272
1754572500,663.05123,19522.61272
1754572560,871.11546,19522.61272
1754572620,1194.48087,19523.35286
1754572680,1522.24731,19523.35286
1754572740,1606.6018,19521.8739
1754572800,1812.52526,19522.61272
1754572860,2271.95127,19521.8739
1754572920,2540.16557,19522.61272
1754572980,2532.58213,19523.35286
1754573040,2553.1564,19523.35286
1754573100,2450.19732,19521.8739
1754573160,2354.00325,19522.61272
1754573220,2253.97526,19521.8739
1754573280,2088.26872,19522.61272
1754573340,1943.66739,19523.35286
1754573400,1768.72151,19523.35286
1754573460,1546.25052,19521.8739
1754573520,1191.37368,19521.8739
1754573580,1034.17989,19521.8739
1754573640,892.37112,19522.61272
1754573700,689.79955,19523.35286
1754573760,594.42019,19523.35286
1754573820,689.64952,19521.8739
1754573880,918.69786,19522.61272
1754573940,1271.29801,19521.8739
1754574000,1553.116,19522.61272
1754574060,1897.29715,19523.35286
1754574120,2215.26924,19523.35286
1754574180,2459.48877,19521.8739
1754574240,2644.01077,19522.61272
1754574300,2781.62845,19521.8739
1754574360,3004.68931,19523.35286
1754574420,2981.20843,19523.35286
1754574480,2909.74795,19523.35286
1754574540,2790.89905,19521.8739
1754574600,2611.52774,19522.61272
1754574660,2420.49692,19521.8739
1754574720,2194.72079,19523.35286
1754574780,1913.63185,19523.35286
1754574840,1658.62254,19523.35286
1754574900,1350.74394,19521.8739
1754574960,1055.97799,19522.61272
1754575020,871.73876,19522.61272
1754575080,836.70496,19523.35286
1754575140,925.05698,19523.35286
1754575200,1176.46531,19523.35286
1754575260,1505.72443,19521.8739
1754575320,1739.62935,19522.61272
1754575380,2032.563,19522.61272
1754575440,2292.38553,19523.35286
1754575500,2514.18292,19523.35286
1754575560,2686.86104,19523.35286
1754575620,2885.06717,19521.8739
1754575680,3037.30176,19522.61272
1754575740,3189.60488,19522.61272
1754575800,3191.09972,19523.35286
1754575860,3147.48084,19523.35286
1754575920,3148.03859,19523.35286
1754575980,3350.84163,19521.8739
1754576040,3070.80199,19522.61272
1754576100,2771.60794,19522.61272
1754576160,2552.45797,19523.35286
1754576220,2317.09842,19523.35286
1754576280,2112.58804,19523.35286
1754576340,1825.34413,19521.8739
1754576400,1529.46432,19522.61272
1754576460,1299.73295,19522.61272
1754576520,1167.38917,19523.35286
1754576580,1127.29498,19522.61272
1754576640,1122.60696,19523.35286
1754576700,1240.88578,19522.61272
1754576760,1474.16228,19521.8739
1754576820,1716.13822,19522.61272
1754576880,1954.15727,19523.35286
1754576940,2195.2936,19523.35286
1754577000,2368.78799,19522.61272
1754577060,2530.48634,19521.8739
1754577120,2681.40119,19522.61272
1754577180,2788.04972,19522.61272
1754577240,2859.32351,19523.35286
1754577300,2870.51496,19523.35286
1754577360,2835.65528,19522.61272
1754577420,2751.57454,19521.8739
1754577480,2653.27128,19522.61272
1754577540,2565.18002,19522.61272
1754577600,2458.89097,19523.35286
1754577660,2278.57876,19523.35286
1754577720,2070.81653,19522.61272
1754577780,1776.1431,19521.8739
1754577840,1501.66989,19522.61272
1754577900,1210.01402,19522.61272
1754577960,897.97993,19523.35286
1754578020,610.09034,19523.35286
1754578080,444.74707,19522.61272
1754578140,548.80317,19521.8739
1754578200,817.02177,19522.61272
1754578260,1120.91633,19522.61272
1754578320,1435.18598,19523.35286
1754578380,1717.09368,19523.35286
1754578440,2061.66145,19521.8739
1754578500,2002.15094,19522.61272
1754578560,2160.49234,19521.8739
1754578620,2425.61898,19522.61272
1754578680,2559.35308,19523.35286
1754578740,2601.07063,19523.35286
1754578800,2613.39663,19521.8739
1754578860,2445.79703,19522.61272
1754578920,2285.71766,19521.8739
1754578980,2084.24314,19522.61272
1754579040,1914.45689,19523.35286
1754579100,1715.09355,19523.35286
1754579160,1467.48878,19521.8739
1754579220,1212.13224,19522.61272
1754579280,986.52939,19521.8739
1754579340,800.51851,19522.61272
1754579400,725.32481,19523.35286
1754579460,820.85205,19523.35286
1754579520,1079.31264,19521.8739
1754579580,1327.00414,19522.61272
1754579640,1535.82452,19521.8739
1754579700,1717.63985,19522.61272
1754579760,1885.85644,19523.35286
1754579820,2024.95572,19523.35286
1754579880,2144.57422,19521.8739
1754579940,2294.06541,19522.61272
1754580000,2423.01691,19521.8739
1754580060,2346.20995,19522.61272
1754580120,2370.26562,19523.35286
1754580180,2286.39606,19523.35286
1754580240,2255.49113,19521.8739
1754580300,2036.61755,19522.61272
1754580360,1794.29735,19521.8739
1754580420,1529.72119,19523.35286
1754580480,1241.04516,19523.35286
1754580540,938.10673,19523.35286
1754580600,741.40612,19521.8739
1754580660,710.54702,19522.61272
1754580720,903.98189,19521.8739
1754580780,1201.08337,19523.35286
1754580840,1554.66579,19523.35286
1754580900,1922.01898,19523.35286
1754580960,2286.61569,19522.61272
1754581020,2766.89849,19522.61272
1754581080,2808.0616,19522.61272
1754581140,2838.10376,19523.35286
1754581200,2950.02495,19523.35286
1754581260,3000.64833,19523.35286
1754581320,3193.9848,19521.8739
1754581380,3034.79006,19522.61272
1754581440,2964.09653,19522.61272
1754581500,2874.05479,19523.35286
1754581560,2670.78569,19523.35286
1754581620,2564.56401,19523.35286
1754581680,2459.92289,19521.8739
1754581740,2291.82844,19522.61272
1754581800,2089.2255,19522.61272
1754581860,1925.1803,19523.35286
1754581920,1637.79206,19523.35286
1754581980,1443.13255,19523.35286
1754582040,1294.27699,19521.8739
1754582100,1309.19016,19522.61272
1754582160,1118.9512,19522.61272
1754582220,1021.20205,19523.35286
1754582280,1054.15164,19523.35286
1754582340,1257.74099,19523.35286
1754582400,1539.8842,19521.8739
1754582460,1852.36946,19522.61272
1754582520,2161.21891,19522.61272
1754582580,2393.9744,19523.35286
1754582640,2653.91228,19522.61272
1754582700,2807.0123,19522.61272
1754582760,2862.00502,19521.8739
1754582820,2881.05466,19522.61272
1754582880,2911.02267,19522.61272
1754582940,2788.32313,19523.35286
1754583000,2803.45328,19523.35286
1754583060,2536.14479,19522.61272
1754583120,2442.14135,19521.8739
1754583180,2199.63993,19522.61272
1754583240,1973.91626,19522.61272
1754583300,1735.73949,19523.35286
1754583360,1485.12434,19523.35286
1754583420,1208.47872,19522.61272
1754583480,923.84532,19521.8739
1754583540,758.51604,19522.61272
1754583600,672.69799,19522.61272
1754583660,687.65796,19523.35286
1754583720,874.05062,19523.35286
1754583780,936.32986,19522.61272
1754583840,1152.05181,19521.8739
1754583900,1389.36589,19522.61272
1754583960,1644.13654,19522.61272
1754584020,1803.29156,19523.35286
1754584080,1844.48049,19523.35286
1754584140,2071.88934,19522.61272
1754584200,2213.26316,19522.61272
1754584260,2334.92978,19522.61272
1754584320,2422.5669,19522.61272
1754584380,2442.3681,19523.35286
1754584440,2401.65367,19523.35286
1754584500,2298.57161,19521.8739
1754584560,2183.19104,19521.8739
1754584620,2006.04743,19522.61272
1754584680,1768.46879,19522.61272
1754584740,1492.85393,19523.35286
1754584800,1143.14631,19523.35286
1754584860,861.35215,19521.8739
1754584920,760.8586,19522.61272
1754584980,858.38299,19522.61272
1754585040,1066.88974,19522.61272
1754585100,1344.47254,19523.35286
1754585160,1625.17991,19523.35286
1754585220,1869.39977,19521.8739
1754585280,2095.30682,19522.61272
1754585340,2251.58934,19521.8739
1754585400,2387.44307,19522.61272
1754585460,2475.51977,19523.35286
1754585520,2523.01014,19523.35286
1754585580,2469.29462,19521.8739
1754585640,2451.31083,19521.8739
1754585700,2341.09766,19521.8739
1754585760,2186.47003,19522.61272
1754585820,1968.20236,19523.35286
1754585880,1766.75614,19523.35286
1754585940,1600.52908,19521.8739
1754586000,1368.87619,19522.61272
1754586060,1165.7563,19521.8739
1754586120,944.40387,19522.61272
1754586180,800.25204,19523.35286
1754586240,819.10639,19523.35286
1754586300,957.02314,19521.8739
1754586360,1190.46166,19522.61272
1754586420,1523.74,19521.8739
1754586480,1785.11099,19523.35286
1754586540,2032.55655,19523.35286
1754586600,2426.93027,19522.61272
1754586660,2612.7111,19521.8739
1754586720,2753.16372,19522.61272
1754586780,2880.01132,19521.8739
1754586840,2962.75958,19523.35286
1754586900,3008.5896,19523.35286
1754586960,2985.52117,19523.35286
1754587020,2961.81918,19521.8739
1754587080,2686.96597,19522.61272
1754587140,2740.55603,19522.61272
1754587200,2693.14362,19523.35286
1754587260,2352.81162,19523.35286
1754587320,2039.52829,19523.35286
1754587380,1765.99598,19521.8739
1754587440,1521.74848,19522.61272
1754587500,1293.93083,19522.61272
1754587560,1117.63684,19523.35286
1754587620,947.77645,19523.35286
1754587680,855.72233,19523.35286
1754587740,818.7225,19521.8739
1754587800,940.79809,19522.61272
1754587860,1163.96288,19522.61272
1754587920,1375.33983,19523.35286
1754587980,1627.69857,19523.35286
1754588040,1836.96888,19523.35286
1754588100,2074.33236,19521.8739
1754588160,2402.4807,19522.61272
1754588220,2502.56363,19522.61272
1754588280,2566.34219,19523.35286
1754588340,2809.34923,19523.35286
1754588400,3006.00276,19523.35286
1754588460,3118.03516,19521.8739
1754588520,3181.03734,19522.61272
1754588580,3151.43377,19522.61272
1754588640,3048.4055,19523.35286
1754588700,2834.13661,19523.35286
1754588760,2711.1615,19522.61272
1754588820,2476.24633,19521.8739
1754588880,2182.37377,19522.61272
1754588940,1848.50376,19522.61272
1754589000,1442.50528,19523.35286
1754589060,1159.52189,19523.35286
1754589120,879.494,19522.61272
1754589180,775.60047,19521.8739
1754589240,504.62972,19521.8739
1754589300,667.68351,19522.61272
1754589360,1123.20874,19523.35286
1754589420,1549.99391,19523.35286
1754589480,1934.58115,19522.61272
1754589540,2222.9975,19521.8739
1754589600,1848.93093,19522.61272
1754589660,1964.36761,19522.61272
1754589720,1960.00655,19523.35286
1754589780,2001.22874,19523.35286
1754589840,2231.48775,19522.61272
1754589900,2313.77243,19521.8739
1754589960,2048.36593,19522.61272
1754590020,2031.49434,19522.61272
1754590080,1931.79686,19523.35286
1754590140,1812.42645,19523.35286
1754590200,1572.8596,19522.61272
1754590260,1390.52906,19521.8739
1754590320,1117.47638,19522.61272
1754590380,821.39417,19522.61272
1754590440,598.84749,19523.35286
1754590500,487.75582,19523.35286
1754590560,504.97021,19521.8739
1754590620,708.77157,19522.61272
1754590680,954.34866,19522.61272
1754590740,1267.50885,19522.61272
1754590800,1679.55894,19523.35286
1754590860,2001.95779,19523.35286
1754590920,2242.04003,19521.8739
1754590980,2553.29195,19522.61272
1754591040,2731.86652,19521.8739
1754591100,2827.23438,19522.61272
1754591160,2827.12018,19523.35286
1754591220,2806.85408,19523.35286
1754591280,2744.6738,19521.8739
1754591340,2605.07089,19522.61272
1754591400,2425.74526,19521.8739
1754591460,2205.83032,19522.61272
1754591520,1934.16772,19523.35286
1754591580,1631.0656,19523.35286
1754591640,1338.42813,19521.8739
1754591700,1072.92919,19521.8739
1754591760,898.68663,19521.8739
1754591820,877.03111,19522.61272
1754591880,1005.61279,19523.35286
1754591940,1303.87206,19523.35286
1754592000,1596.31449,19521.8739
1754592060,1832.35459,19522.61272
1754592120,2094.89687,19521.8739
1754592180,2271.70235,19523.35286
1754592240,2507.92699,19523.35286
1754592300,2702.0847,19523.35286
1754592360,2959.31873,19521.8739
1754592420,2938.49421,19522.61272
1754592480,2819.80287,19521.8739
1754592540,2856.01076,19523.35286
1754592600,2792.1655,19523.35286
1754592660,2966.93858,19523.35286
1754592720,2663.28732,19521.8739
1754592780,2457.05237,19522.61272
1754592840,2296.03177,19521.8739
1754592900,2148.11885,19523.35286
1754592960,1663.76478,19523.35286
1754593020,1558.73937,19523.35286
1754593080,1421.23969,19521.8739
1754593140,1201.91462,19522.61272
1754593200,1008.23472,19522.61272
1754593260,902.87118,19523.35286
1754593320,903.09048,19523.35286
1754593380,1007.48242,19523.35286
1754593440,1262.57183,19521.8739
1754593500,1551.96789,19522.61272
1754593560,1756.51253,19522.61272
1754593620,1943.20414,19523.35286
1754593680,2106.58352,19523.35286
1754593740,2316.58619,19523.35286
1754593800,2440.36201,19521.8739
1754593860,2518.5981,19522.61272
1754593920,2552.66617,19522.61272
1754593980,2595.00056,19523.35286
1754594040,2535.65109,19523.35286
1754594100,2463.80333,19523.35286
1754594160,2329.87194,19521.8739
1754594220,2174.65925,19522.61272
1754594280,2021.11286,19522.61272
1754594340,1945.54223,19523.35286
1754594400,1783.07329,19523.35286
1754594460,1557.9087,19523.35286
1754594520,1166.57737,19521.8739
1754594580,978.77705,19522.61272
1754594640,724.0534,19522.61272
1754594700,469.08382,19523.35286
1754594760,291.69439,19523.35286
1754594820,375.1074,19522.61272
1754594880,663.89638,19521.8739
1754594940,975.37054,19522.61272
1754595000,1320.60952,19522.61272
1754595060,1663.61831,19523.35286
1754595120,1973.0985,19523.35286
1754595180,2174.69334,19523.35286
1754595240,2174.69334,19523.35286
1754595300,2174.69334,19523.35286
1754595360,2174.69334,19523.35286
1754595420,2174.69334,19523.35286
1754595480,2174.69334,19523.35286
1754595540,2940.72389,19523.35286
1754595600,2736.90698,19521.8739
1754595660,2773.35452,19522.61272
1754595720,2199.34616,19522.61272
1754595780,1905.96979,19523.35286
1754595840,1639.57853,19523.35286
1754595900,1378.5733,19522.61272
1754595960,1085.36053,19521.8739
1754596020,828.21753,19522.61272
1754596080,667.35139,19522.61272
1754596140,674.23052,19523.35286
1754596200,845.92798,19523.35286
1754596260,1087.35983,19522.61272
1754596320,1172.52446,19522.61272
1754596380,1503.67068,19522.61272
1754596440,1932.84236,19522.61272
1754596500,2022.89072,19523.35286
1754596560,2138.89508,19523.35286
1754596620,2231.12,19521.8739
1754596680,2333.74824,19522.61272
1754596740,2459.39477,19522.61272
1754596800,2537.2411,19522.61272
1754596860,2535.10542,19523.35286
1754596920,2478.1551,19523.35286
1754596980,2332.5149,19521.8739
1754597040,2106.90608,19522.61272
1754597100,1846.99005,19521.8739
1754597160,1550.31797,19522.61272
1754597220,1228.39469,19523.35286
1754597280,935.76872,19523.35286
1754597340,723.61879,19521.8739
1754597400,752.46062,19522.61272
1754597460,985.77063,19521.8739
1754597520,1331.7145,19522.61272
1754597580,1791.64844,19523.35286
1754597640,2084.16982,19523.35286
1754597700,2477.13907,19521.8739
1754597760,2659.1477,19521.8739
1754597820,2790.04637,19521.8739
1754597880,2967.84588,19522.61272
1754597940,3086.21482,19523.35286
1754598000,3081.66674,19523.35286
1754598060,2920.3426,19521.8739
1754598120,2859.84419,19522.61272
1754598180,2788.6889,19521.8739
1754598240,2754.69448,19523.35286
1754598300,2542.92818,19523.35286
1754598360,2346.70299,19522.61272
1754598420,2201.01644,19522.61272
1754598480,2071.08995,19521.8739
1754598540,1930.34853,19521.8739
1754598600,1653.76612,19523.35286
1754598660,1254.75072,19523.35286
1754598720,964.31595,19523.35286
1754598780,791.98672,19521.8739
1754598840,798.72162,19522.61272
1754598900,781.84332,19521.8739
1754598960,904.36031,19523.35286
1754599020,1031.74845,19523.35286
1754599080,1307.171,19523.35286
1754599140,1678.91281,19521.8739
1754599200,2129.19648,19522.61272
1754599260,2446.01351,19522.61272
1754599320,2609.17409,19523.35286
1754599380,2956.18472,19523.35286
1754599440,3074.89989,19523.35286
1754599500,3165.30045,19521.8739
1754599560,3194.80273,19522.61272
1754599620,3190.75878,19522.61272
1754599680,3151.40629,19523.35286
1754599740,3055.72712,19523.35286
1754599800,2865.6084,19523.35286
1754599860,2639.65302,19521.8739
1754599920,2431.04639,19522.61272
1754599980,2234.53586,19522.61272
1754600040,1895.54545,19523.35286
1754600100,1611.80925,19523.35286
1754600160,1342.90272,19523.35286
1754600220,1126.62956,19521.8739
1754600280,912.42017,19522.61272
1754600340,690.97302,19522.61272
1754600400,622.15243,19523.35286
1754600460,766.2611,19523.35286
1754600520,1039.45288,19523.35286
1754600580,1214.6005,19522.61272
1754600640,1465.29766,19521.8739
1754600700,1403.52601,19523.35286
1754600760,1696.95253,19523.35286
1754600820,1982.34511,19522.61272
1754600880,2295.51871,19523.35286
1754600940,2402.62998,19522.61272
1754601000,2459.99125,19523.35286
1754601060,2459.99125,19523.35286
1754601120,2459.99125,19523.35286
1754601180,2459.99125,19523.35286
1754601240,2459.99125,19523.35286
1754601300,2459.99125,19523.35286
1754601360,2459.99125,19523.35286
1754601420,2459.99125,19523.35286
1754601480,2459.99125,19523.35286
1754601540,1073.89168,19523.35286
1754601600,775.84831,19522.61272
1754601660,630.29992,19521.8739
1754601720,758.77174,19522.61272
1754601780,1025.80442,19522.61272
1754601840,1487.02401,19523.35286
1754601900,1793.63169,19523.35286
1754601960,2064.40387,19522.61272
1754602020,2288.45263,19521.8739
1754602080,2457.36187,19522.61272
1754602140,2585.86882,19522.61272
1754602200,2642.03712,19523.35286
1754602260,2713.95506,19522.61272
1754602320,2670.98976,19523.35286
1754602380,2742.63743,19522.61272
1754602440,2645.72226,19522.61272
1754602500,2390.12657,19522.61272
1754602560,2127.62402,19523.35286
1754602620,1873.75008,19522.61272
1754602680,1672.12263,19522.61272
1754602740,1412.20576,19522.61272
1754602800,1181.40125,19522.61272
1754602860,987.78814,19522.61272
1754602920,893.59561,19523.35286
1754602980,850.01472,19522.61272
1754603040,963.8134,19522.61272
1754603100,1210.97462,19522.61272
1754603160,1535.46422,19521.8739
1754603220,1879.35987,19522.61272
1754603280,2206.09099,19523.35286
1754603340,2447.53533,19522.61272
1754603400,2674.17342,19522.61272
1754603460,2850.82052,19521.8739
1754603520,2896.31589,19521.8739
1754603580,3110.78968,19522.61272
1754603640,3135.75216,19523.35286
1754603700,3160.68352,19522.61272
1754603760,3267.92753,19522.61272
1754603820,3061.09015,19521.8739
1754603880,2933.17223,19521.8739
1754603940,2771.91247,19522.61272
1754604000,2580.55793,19523.35286
1754604060,2359.60825,19522.61272
1754604120,1998.90191,19522.61272
1754604180,1738.20717,19521.8739
1754604240,1423.71019,19522.61272
1754604300,1118.61787,19523.35286
1754604360,873.34614,19523.35286
1754604420,657.52394,19522.61272
1754604480,638.28819,19522.61272
1754604540,736.13263,19522.61272
1754604600,919.04443,19521.8739
1754604660,1182.20742,19523.35286
1754604720,1450.49554,19523.35286
1754604780,1640.2384,19522.61272
1754604840,1915.10037,19522.61272
1754604900,2233.62045,19522.61272
1754604960,2445.36407,19521.8739
1754605020,2696.86334,19523.35286
1754605080,2837.02831,19523.35286
1754605140,2943.52325,19522.61272
1754605200,3028.8706,19522.61272
1754605260,2867.74871,19522.61272
1754605320,2851.71689,19522.61272
1754605380,2792.74311,19523.35286
1754605440,2635.28352,19522.61272
1754605500,2384.74384,19522.61272
1754605560,2105.26543,19522.61272
1754605620,1888.73292,19522.61272
1754605680,1698.714,19522.61272
1754605740,1350.76695,19523.35286
1754605800,1025.86764,19522.61272
1754605860,733.71965,19522.61272
1754605920,448.1458,19522.61272
1754605980,564.21174,19522.61272
1754606040,909.32025,19522.61272
1754606100,1201.30655,19523.35286
1754606160,1583.5087,19522.61272
1754606220,1831.60684,19522.61272
1754606280,2086.73035,19522.61272
1754606340,2298.41405,19522.61272
1754606400,2396.02947,19522.61272
1754606460,2567.33142,19523.35286
1754606520,2559.80193,19522.61272
1754606580,2431.16191,19522.61272
1754606640,2266.98413,19522.61272
1754606700,2251.26264,19522.61272
1754606760,2107.87743,19522.61272
1754606820,2007.35144,19523.35286
1754606880,2005.87,19523.35286
1754606940,2005.87,19523.35286
1754607000,2005.87,19523.35286
