1754470860,4
1754470920,4
1754470980,4
1754471040,4
1754471100,4
1754471160,4
1754471220,4
1754471280,4
1754471340,4
1754471400,4
1754471460,4
1754471520,4
1754471580,4
1754471640,4
1754471700,4
1754471760,4
1754471820,4
1754471880,4
1754471940,4
1754472000,4
1754472060,4
1754472120,4
1754472180,4
1754472240,4
1754472300,4
1754472360,4
1754472420,4
1754472480,4
1754472540,4
1754472600,4
1754472660,4
1754472720,4
1754472780,4
1754472840,4
1754472900,4
1754472960,4
1754473020,4
1754473080,4
1754473140,4
1754473200,4
1754473260,4
1754473320,4
1754473380,4
1754473440,4
1754473500,4
1754473560,4
1754473620,4
1754473680,4
1754473740,4
1754473800,4
1754473860,4
1754473920,4
1754473980,4
1754474040,4
1754474100,4
1754474160,4
1754474220,4
1754474280,4
1754474340,4
1754474400,4
1754474460,4
1754474520,4
1754474580,4
1754474640,4
1754474700,4
1754474760,4
1754474820,4
1754474880,4
1754474940,4
1754475000,4
1754475060,4
1754475120,4
1754475180,4
1754475240,4
1754475300,4
1754475360,4
1754475420,4
1754475480,4
1754475540,4
1754475600,4
1754475660,4
1754475720,4
1754475780,4
1754475840,4
1754475900,4
1754475960,4
1754476020,4
1754476080,4
1754476140,4
1754476200,4
1754476260,4
1754476320,4
1754476380,4
1754476440,4
1754476500,4
1754476560,4
1754476620,4
1754476680,4
1754476740,4
1754476800,4
1754476860,4
1754476920,4
1754476980,4
1754477040,4
1754477100,4
1754477160,4
1754477220,4
1754477280,4
1754477340,4
1754477400,4
1754477460,4
1754477520,4
1754477580,4
1754477640,4
1754477700,4
1754477760,4
1754477820,4
1754477880,4
1754477940,4
1754478000,4
1754478060,4
1754478120,4
1754478180,4
1754478240,4
1754478300,4
1754478360,4
1754478420,4
1754478480,4
1754478540,4
1754478600,4
1754478660,4
1754478720,4
1754478780,4
1754478840,4
1754478900,4
1754478960,4
1754479020,4
1754479080,4
1754479140,4
1754479200,4
1754479260,4
1754479320,4
1754479380,4
1754479440,4
1754479500,4
1754479560,4
1754479620,4
1754479680,4
1754479740,4
1754479800,4
1754479860,4
1754479920,4
1754479980,4
1754480040,4
1754480100,4
1754480160,4
1754480220,4
1754480280,4
1754480340,4
1754480400,4
1754480460,4
1754480520,4
1754480580,4
1754480640,4
1754480700,4
1754480760,4
1754480820,4
1754480880,4
1754480940,4
1754481000,4
1754481060,4
1754481120,4
1754481180,4
1754481240,4
1754481300,4
1754481360,4
1754481420,4
1754481480,4
1754481540,4
1754481600,4
1754481660,4
1754481720,4
1754481780,4
1754481840,4
1754481900,4
1754481960,4
1754482020,4
1754482080,4
1754482140,4
1754482200,4
1754482260,4
1754482320,4
1754482380,4
1754482440,4
1754482500,4
1754482560,4
1754482620,4
1754482680,4
1754482740,4
1754482800,4
1754482860,4
1754482920,4
1754482980,4
1754483040,4
1754483100,4
1754483160,4
1754483220,4
1754483280,4
1754483340,4
1754483400,4
1754483460,4
1754483520,4
1754483580,4
1754483640,4
1754483700,4
1754483760,4
1754483820,4
1754483880,4
1754483940,4
1754484000,4
1754484060,4
1754484120,4
1754484180,4
1754484240,4
1754484300,4
1754484360,4
1754484420,4
1754484480,4
1754484540,4
1754484600,4
1754484660,4
1754484720,4
1754484780,4
1754484840,4
1754484900,4
1754484960,4
1754485020,4
1754485080,4
1754485140,4
1754485200,4
1754485260,4
1754485320,4
1754485380,4
1754485440,4
1754485500,4
1754485560,4
1754485620,4
1754485680,4
1754485740,4
1754485800,4
1754485860,4
1754485920,4
1754485980,4
1754486040,4
1754486100,4
1754486160,4
1754486220,4
1754486280,4
1754486340,4
1754486400,4
1754486460,4
1754486520,4
1754486580,4
1754486640,4
1754486700,4
1754486760,4
1754486820,4
1754486880,4
1754486940,4
1754487000,4
1754487060,4
1754487120,4
1754487180,4
1754487240,4
1754487300,4
1754487360,4
1754487420,4
1754487480,4
1754487540,4
1754487600,4
1754487660,4
1754487720,4
1754487780,4
1754487840,4
1754487900,4
1754487960,4
1754488020,4
1754488080,4
1754488140,4
1754488200,4
1754488260,4
1754488320,4
1754488380,4
1754488440,4
1754488500,4
1754488560,4
1754488620,4
1754488680,4
1754488740,4
1754488800,4
1754488860,4
1754488920,4
1754488980,4
1754489040,4
1754489100,4
1754489160,4
1754489220,4
1754489280,4
1754489340,4
1754489400,4
1754489460,4
1754489520,4
1754489580,4
1754489640,4
1754489700,4
1754489760,4
1754489820,4
1754489880,4
1754489940,4
1754490000,4
1754490060,4
1754490120,4
1754490180,4
1754490240,4
1754490300,4
1754490360,4
1754490420,4
1754490480,4
1754490540,4
1754490600,4
1754490660,4
1754490720,4
1754490780,4
1754490840,4
1754490900,4
1754490960,4
1754491020,4
1754491080,4
1754491140,4
1754491200,4
1754491260,4
1754491320,4
1754491380,4
1754491440,4
1754491500,4
1754491560,4
1754491620,4
1754491680,4
1754491740,4
1754491800,4
1754491860,4
1754491920,4
1754491980,4
1754492040,4
1754492100,4
1754492160,4
1754492220,4
1754492280,4
1754492340,4
1754492400,4
1754492460,4
1754492520,4
1754492580,4
1754492640,4
1754492700,4
1754492760,4
1754492820,4
1754492880,4
1754492940,4
1754493000,4
1754493060,4
1754493120,4
1754493180,4
1754493240,4
1754493300,4
1754493360,4
1754493420,4
1754493480,4
1754493540,4
1754493600,4
1754493660,4
1754493720,4
1754493780,4
1754493840,4
1754493900,4
1754493960,4
1754494020,4
1754494080,4
1754494140,4
1754494200,4
1754494260,4
1754494320,4
1754494380,4
1754494440,4
1754494500,4
1754494560,4
1754494620,4
1754494680,4
1754494740,4
1754494800,4
1754494860,4
1754494920,4
1754494980,4
1754495040,4
1754495100,4
1754495160,4
1754495220,4
1754495280,4
1754495340,4
1754495400,4
1754495460,4
1754495520,4
1754495580,4
1754495640,4
1754495700,4
1754495760,4
1754495820,4
1754495880,4
1754495940,4
1754496000,4
1754496060,4
1754496120,4
1754496180,4
1754496240,4
1754496300,4
1754496360,4
1754496420,4
1754496480,4
1754496540,4
1754496600,4
1754496660,4
1754496720,4
1754496780,4
1754496840,4
1754496900,4
1754496960,4
1754497020,4
1754497080,4
1754497140,4
1754497200,4
1754497260,4
1754497320,4
1754497380,4
1754497440,4
1754497500,4
1754497560,4
1754497620,4
1754497680,4
1754497740,4
1754497800,4
1754497860,4
1754497920,4
1754497980,4
1754498040,4
1754498100,4
1754498160,4
1754498220,4
1754498280,4
1754498340,4
1754498400,4
1754498460,4
1754498520,4
1754498580,4
1754498640,4
1754498700,4
1754498760,4
1754498820,4
1754498880,4
1754498940,4
1754499000,4
1754499060,4
1754499120,4
1754499180,4
1754499240,4
1754499300,4
1754499360,4
1754499420,4
1754499480,4
1754499540,4
1754499600,4
1754499660,4
1754499720,4
1754499780,4
1754499840,4
1754499900,4
1754499960,4
1754500020,4
1754500080,4
1754500140,4
1754500200,4
1754500260,4
1754500320,4
1754500380,4
1754500440,4
1754500500,4
1754500560,4
1754500620,4
1754500680,4
1754500740,4
1754500800,4
1754500860,4
1754500920,4
1754500980,4
1754501040,4
1754501100,4
1754501160,4
1754501220,4
1754501280,4
1754501340,4
1754501400,4
1754501460,4
1754501520,4
1754501580,4
1754501640,4
1754501700,4
1754501760,4
1754501820,4
1754501880,4
1754501940,4
1754502000,4
1754502060,4
1754502120,4
1754502180,4
1754502240,4
1754502300,4
1754502360,4
1754502420,4
1754502480,4
1754502540,4
1754502600,4
1754502660,4
1754502720,4
1754502780,4
1754502840,4
1754502900,4
1754502960,4
1754503020,4
1754503080,4
1754503140,4
1754503200,4
1754503260,4
1754503320,4
1754503380,4
1754503440,4
1754503500,4
1754503560,4
1754503620,4
1754503680,4
1754503740,4
1754503800,4
1754503860,4
1754503920,4
1754503980,4
1754504040,4
1754504100,4
1754504160,4
1754504220,4
1754504280,4
1754504340,4
1754504400,4
1754504460,4
1754504520,4
1754504580,4
1754504640,4
1754504700,4
1754504760,4
1754504820,4
1754504880,4
1754504940,4
1754505000,4
1754505060,4
1754505120,4
1754505180,4
1754505240,4
1754505300,4
1754505360,4
1754505420,4
1754505480,4
1754505540,4
1754505600,4
1754505660,4
1754505720,4
1754505780,4
1754505840,4
1754505900,4
1754505960,4
1754506020,4
1754506080,4
1754506140,4
1754506200,4
1754506260,4
1754506320,4
1754506380,4
1754506440,4
1754506500,4
1754506560,4
1754506620,4
1754506680,4
1754506740,4
1754506800,4
1754506860,4
1754506920,4
1754506980,4
1754507040,4
1754507100,4
1754507160,4
1754507220,4
1754507280,4
1754507340,4
1754507400,4
1754507460,4
1754507520,4
1754507580,4
1754507640,4
1754507700,4
1754507760,4
1754507820,4
1754507880,4
1754507940,4
1754508000,4
1754508060,4
1754508120,4
1754508180,4
1754508240,4
1754508300,4
1754508360,4
1754508420,4
1754508480,4
1754508540,4
1754508600,4
1754508660,4
1754508720,4
1754508780,4
1754508840,4
1754508900,4
1754508960,4
1754509020,4
1754509080,4
1754509140,4
1754509200,4
1754509260,4
1754509320,4
1754509380,4
1754509440,4
1754509500,4
1754509560,4
1754509620,4
1754509680,4
1754509740,4
1754509800,4
1754509860,4
1754509920,4
1754509980,4
1754510040,4
1754510100,4
1754510160,4
1754510220,4
1754510280,4
1754510340,4
1754510400,4
1754510460,4
1754510520,4
1754510580,4
1754510640,4
1754510700,4
1754510760,4
1754510820,4
1754510880,4
1754510940,4
1754511000,4
1754511060,4
1754511120,4
1754511180,4
1754511240,4
1754511300,4
1754511360,4
1754511420,4
1754511480,4
1754511540,4
1754511600,4
1754511660,4
1754511720,4
1754511780,4
1754511840,4
1754511900,4
1754511960,4
1754512020,4
1754512080,4
1754512140,4
1754512200,4
1754512260,4
1754512320,4
1754512380,4
1754512440,4
1754512500,4
1754512560,4
1754512620,4
1754512680,4
1754512740,4
1754512800,4
1754512860,4
1754512920,4
1754512980,4
1754513040,4
1754513100,4
1754513160,4
1754513220,4
1754513280,4
1754513340,4
1754513400,4
1754513460,4
1754513520,4
1754513580,4
1754513640,4
1754513700,4
1754513760,4
1754513820,4
1754513880,4
1754513940,4
1754514000,4
1754514060,4
1754514120,4
1754514180,4
1754514240,4
1754514300,4
1754514360,4
1754514420,4
1754514480,4
1754514540,4
1754514600,4
1754514660,4
1754514720,4
1754514780,4
1754514840,4
1754514900,4
1754514960,4
1754515020,4
1754515080,4
1754515140,4
1754515200,4
1754515260,4
1754515320,4
1754515380,4
1754515440,4
1754515500,4
1754515560,4
1754515620,4
1754515680,4
1754515740,4
1754515800,4
1754515860,4
1754515920,4
1754515980,4
1754516040,4
1754516100,4
1754516160,4
1754516220,4
1754516280,4
1754516340,4
1754516400,4
1754516460,4
1754516520,4
1754516580,4
1754516640,4
1754516700,4
1754516760,4
1754516820,4
1754516880,4
1754516940,4
1754517000,4
1754517060,4
1754517120,4
1754517180,4
1754517240,4
1754517300,4
1754517360,4
1754517420,4
1754517480,4
1754517540,4
1754517600,4
1754517660,4
1754517720,4
1754517780,4
1754517840,4
1754517900,4
1754517960,4
1754518020,4
1754518080,4
1754518140,4
1754518200,4
1754518260,4
1754518320,4
1754518380,4
1754518440,4
1754518500,4
1754518560,4
1754518620,4
1754518680,4
1754518740,4
1754518800,4
1754518860,4
1754518920,4
1754518980,4
1754519040,4
1754519100,4
1754519160,4
1754519220,4
1754519280,4
1754519340,4
1754519400,4
1754519460,4
1754519520,4
1754519580,4
1754519640,4
1754519700,4
1754519760,4
1754519820,4
1754519880,4
1754519940,4
1754520000,4
1754520060,4
1754520120,4
1754520180,4
1754520240,4
1754520300,4
1754520360,4
1754520420,4
1754520480,4
1754520540,4
1754520600,4
1754520660,4
1754520720,4
1754520780,4
1754520840,4
1754520900,4
1754520960,4
1754521020,4
1754521080,4
1754521140,4
1754521200,4
1754521260,4
1754521320,4
1754521380,4
1754521440,4
1754521500,4
1754521560,4
1754521620,4
1754521680,4
1754521740,4
1754521800,4
1754521860,4
1754521920,4
1754521980,4
1754522040,4
1754522100,4
1754522160,4
1754522220,4
1754522280,4
1754522340,4
1754522400,4
1754522460,4
1754522520,4
1754522580,4
1754522640,4
1754522700,4
1754522760,4
1754522820,4
1754522880,4
1754522940,4
1754523000,4
1754523060,4
1754523120,4
1754523180,4
1754523240,4
1754523300,4
1754523360,4
1754523420,4
1754523480,4
1754523540,4
1754523600,4
1754523660,4
1754523720,4
1754523780,4
1754523840,4
1754523900,4
1754523960,4
1754524020,4
1754524080,4
1754524140,4
1754524200,4
1754524260,4
1754524320,4
1754524380,4
1754524440,4
1754524500,4
1754524560,4
1754524620,4
1754524680,4
1754524740,4
1754524800,4
1754524860,4
1754524920,4
1754524980,4
1754525040,4
1754525100,4
1754525160,4
1754525220,4
1754525280,4
1754525340,4
1754525400,4
1754525460,4
1754525520,4
1754525580,4
1754525640,4
1754525700,4
1754525760,4
1754525820,4
1754525880,4
1754525940,4
1754526000,4
1754526060,4
1754526120,4
1754526180,4
1754526240,4
1754526300,4
1754526360,4
1754526420,4
1754526480,4
1754526540,4
1754526600,4
1754526660,4
1754526720,4
1754526780,4
1754526840,4
1754526900,4
1754526960,4
1754527020,4
1754527080,4
1754527140,4
1754527200,4
1754527260,4
1754527320,4
1754527380,4
1754527440,4
1754527500,4
1754527560,4
1754527620,4
1754527680,4
1754527740,4
1754527800,4
1754527860,4
1754527920,4
1754527980,4
1754528040,4
1754528100,4
1754528160,4
1754528220,4
1754528280,4
1754528340,4
1754528400,4
1754528460,4
1754528520,4
1754528580,4
1754528640,4
1754528700,4
1754528760,4
1754528820,4
1754528880,4
1754528940,4
1754529000,4
1754529060,4
1754529120,4
1754529180,4
1754529240,4
1754529300,4
1754529360,4
1754529420,4
1754529480,4
1754529540,4
1754529600,4
1754529660,4
1754529720,4
1754529780,4
1754529840,4
1754529900,4
1754529960,4
1754530020,4
1754530080,4
1754530140,4
1754530200,4
1754530260,4
1754530320,4
1754530380,4
1754530440,4
1754530500,4
1754530560,4
1754530620,4
1754530680,4
1754530740,4
1754530800,4
1754530860,4
1754530920,4
1754530980,4
1754531040,4
1754531100,4
1754531160,4
1754531220,4
1754531280,4
1754531340,4
1754531400,4
1754531460,4
1754531520,4
1754531580,4
1754531640,4
1754531700,4
1754531760,4
1754531820,4
1754531880,4
1754531940,4
1754532000,4
1754532060,4
1754532120,4
1754532180,4
1754532240,4
1754532300,4
1754532360,4
1754532420,4
1754532480,4
1754532540,4
1754532600,4
1754532660,4
1754532720,4
1754532780,4
1754532840,4
1754532900,4
1754532960,4
1754533020,4
1754533080,4
1754533140,4
1754533200,4
1754533260,4
1754533320,4
1754533380,4
1754533440,4
1754533500,4
1754533560,4
1754533620,4
1754533680,4
1754533740,4
1754533800,4
1754533860,4
1754533920,4
1754533980,4
1754534040,4
1754534100,4
1754534160,4
1754534220,4
1754534280,4
1754534340,4
1754534400,4
1754534460,4
1754534520,4
1754534580,4
1754534640,4
1754534700,4
1754534760,4
1754534820,4
1754534880,4
1754534940,4
1754535000,4
1754535060,4
1754535120,4
1754535180,4
1754535240,4
1754535300,4
1754535360,4
1754535420,4
1754535480,4
1754535540,4
1754535600,4
1754535660,4
1754535720,4
1754535780,4
1754535840,4
1754535900,4
1754535960,4
1754536020,4
1754536080,4
1754536140,4
1754536200,4
1754536260,4
1754536320,4
1754536380,4
1754536440,4
1754536500,4
1754536560,4
1754536620,4
1754536680,4
1754536740,4
1754536800,4
1754536860,4
1754536920,4
1754536980,4
1754537040,4
1754537100,4
1754537160,4
1754537220,4
1754537280,4
1754537340,4
1754537400,4
1754537460,4
1754537520,4
1754537580,4
1754537640,4
1754537700,4
1754537760,4
1754537820,4
1754537880,4
1754537940,4
1754538000,4
1754538060,4
1754538120,4
1754538180,4
1754538240,4
1754538300,4
1754538360,4
1754538420,4
1754538480,4
1754538540,4
1754538600,4
1754538660,4
1754538720,4
1754538780,4
1754538840,4
1754538900,4
1754538960,4
1754539020,4
1754539080,4
1754539140,4
1754539200,4
1754539260,4
1754539320,4
1754539380,4
1754539440,4
1754539500,4
1754539560,4
1754539620,4
1754539680,4
1754539740,4
1754539800,4
1754539860,4
1754539920,4
1754539980,4
1754540040,4
1754540100,4
1754540160,4
1754540220,4
1754540280,4
1754540340,4
1754540400,4
1754540460,4
1754540520,4
1754540580,4
1754540640,4
1754540700,4
1754540760,4
1754540820,4
1754540880,4
1754540940,4
1754541000,4
1754541060,4
1754541120,4
1754541180,4
1754541240,4
1754541300,4
1754541360,4
1754541420,4
1754541480,4
1754541540,4
1754541600,4
1754541660,4
1754541720,4
1754541780,4
1754541840,4
1754541900,4
1754541960,4
1754542020,4
1754542080,4
1754542140,4
1754542200,4
1754542260,4
1754542320,4
1754542380,4
1754542440,4
1754542500,4
1754542560,4
1754542620,4
1754542680,4
1754542740,4
1754542800,4
1754542860,4
1754542920,4
1754542980,4
1754543040,4
1754543100,4
1754543160,4
1754543220,4
1754543280,4
1754543340,4
1754543400,4
1754543460,4
1754543520,4
1754543580,4
1754543640,4
1754543700,4
1754543760,4
1754543820,4
1754543880,4
1754543940,4
1754544000,4
1754544060,4
1754544120,4
1754544180,4
1754544240,4
1754544300,4
1754544360,4
1754544420,4
1754544480,4
1754544540,4
1754544600,4
1754544660,4
1754544720,4
1754544780,4
1754544840,4
1754544900,4
1754544960,4
1754545020,4
1754545080,4
1754545140,4
1754545200,4
1754545260,4
1754545320,4
1754545380,4
1754545440,4
1754545500,4
1754545560,4
1754545620,4
1754545680,4
1754545740,4
1754545800,4
1754545860,4
1754545920,4
1754545980,4
1754546040,4
1754546100,4
1754546160,4
1754546220,4
1754546280,4
1754546340,4
1754546400,4
1754546460,4
1754546520,4
1754546580,4
1754546640,4
1754546700,4
1754546760,4
1754546820,4
1754546880,4
1754546940,4
1754547000,4
1754547060,4
1754547120,4
1754547180,4
1754547240,4
1754547300,4
1754547360,4
1754547420,4
1754547480,4
1754547540,4
1754547600,4
1754547660,4
1754547720,4
1754547780,4
1754547840,4
1754547900,4
1754547960,4
1754548020,4
1754548080,4
1754548140,4
1754548200,4
1754548260,4
1754548320,4
1754548380,4
1754548440,4
1754548500,4
1754548560,4
1754548620,4
1754548680,4
1754548740,4
1754548800,4
1754548860,4
1754548920,4
1754548980,4
1754549040,4
1754549100,4
1754549160,4
1754549220,4
1754549280,4
1754549340,4
1754549400,4
1754549460,4
1754549520,4
1754549580,4
1754549640,4
1754549700,4
1754549760,4
1754549820,4
1754549880,4
1754549940,4
1754550000,4
1754550060,4
1754550120,4
1754550180,4
1754550240,4
1754550300,4
1754550360,4
1754550420,4
1754550480,4
1754550540,4
1754550600,4
1754550660,4
1754550720,4
1754550780,4
1754550840,4
1754550900,4
1754550960,4
1754551020,4
1754551080,4
1754551140,4
1754551200,4
1754551260,4
1754551320,4
1754551380,4
1754551440,4
1754551500,4
1754551560,4
1754551620,4
1754551680,4
1754551740,4
1754551800,4
1754551860,4
1754551920,4
1754551980,4
1754552040,4
1754552100,4
1754552160,4
1754552220,4
1754552280,4
1754552340,4
1754552400,4
1754552460,4
1754552520,4
1754552580,4
1754552640,4
1754552700,4
1754552760,4
1754552820,4
1754552880,4
1754552940,4
1754553000,4
1754553060,4
1754553120,4
1754553180,4
1754553240,4
1754553300,4
1754553360,4
1754553420,4
1754553480,4
1754553540,4
1754553600,4
1754553660,4
1754553720,4
1754553780,4
1754553840,4
1754553900,4
1754553960,4
1754554020,4
1754554080,4
1754554140,4
1754554200,4
1754554260,4
1754554320,4
1754554380,4
1754554440,4
1754554500,4
1754554560,4
1754554620,4
1754554680,4
1754554740,4
1754554800,4
1754554860,4
1754554920,4
1754554980,4
1754555040,4
1754555100,4
1754555160,4
1754555220,4
1754555280,4
1754555340,4
1754555400,4
1754555460,4
1754555520,4
1754555580,4
1754555640,4
1754555700,4
1754555760,4
1754555820,4
1754555880,4
1754555940,4
1754556000,4
1754556060,4
1754556120,4
1754556180,4
1754556240,4
1754556300,4
1754556360,4
1754556420,4
1754556480,4
1754556540,4
1754556600,4
1754556660,4
1754556720,4
1754556780,4
1754556840,4
1754556900,4
1754556960,4
1754557020,4
1754557080,4
1754557140,4
1754557200,4
1754557260,4
1754557320,4
1754557380,4
1754557440,4
1754557500,4
1754557560,4
1754557620,4
1754557680,4
1754557740,4
1754557800,4
1754557860,4
1754557920,4
1754557980,4
1754558040,4
1754558100,4
1754558160,4
1754558220,4
1754558280,4
1754558340,4
1754558400,4
1754558460,4
1754558520,4
1754558580,4
1754558640,4
1754558700,4
1754558760,4
1754558820,4
1754558880,4
1754558940,4
1754559000,4
1754559060,4
1754559120,4
1754559180,4
1754559240,4
1754559300,4
1754559360,4
1754559420,4
1754559480,4
1754559540,4
1754559600,4
1754559660,4
1754559720,4
1754559780,4
1754559840,4
1754559900,4
1754559960,4
1754560020,4
1754560080,4
1754560140,4
1754560200,4
1754560260,4
1754560320,4
1754560380,4
1754560440,4
1754560500,4
1754560560,4
1754560620,4
1754560680,4
1754560740,4
1754560800,4
1754560860,4
1754560920,4
1754560980,4
1754561040,4
1754561100,4
1754561160,4
1754561220,4
1754561280,4
1754561340,4
1754561400,4
1754561460,4
1754561520,4
1754561580,4
1754561640,4
1754561700,4
1754561760,4
1754561820,4
1754561880,4
1754561940,4
1754562000,4
1754562060,4
1754562120,4
1754562180,4
1754562240,4
1754562300,4
1754562360,4
1754562420,4
1754562480,4
1754562540,4
1754562600,4
1754562660,4
1754562720,4
1754562780,4
1754562840,4
1754562900,4
1754562960,4
1754563020,4
1754563080,4
1754563140,4
1754563200,4
1754563260,4
1754563320,4
1754563380,4
1754563440,4
1754563500,4
1754563560,4
1754563620,4
1754563680,4
1754563740,4
1754563800,4
1754563860,4
1754563920,4
1754563980,4
1754564040,4
1754564100,4
1754564160,4
1754564220,4
1754564280,4
1754564340,4
1754564400,4
1754564460,4
1754564520,4
1754564580,4
1754564640,4
1754564700,4
1754564760,4
1754564820,4
1754564880,4
1754564940,4
1754565000,4
1754565060,4
1754565120,4
1754565180,4
1754565240,4
1754565300,4
1754565360,4
1754565420,4
1754565480,4
1754565540,4
1754565600,4
1754565660,4
1754565720,4
1754565780,4
1754565840,4
1754565900,4
1754565960,4
1754566020,4
1754566080,4
1754566140,4
1754566200,4
1754566260,4
1754566320,4
1754566380,4
1754566440,4
1754566500,4
1754566560,4
1754566620,4
1754566680,4
1754566740,4
1754566800,4
1754566860,4
1754566920,4
1754566980,4
1754567040,4
1754567100,4
1754567160,4
1754567220,4
1754567280,4
1754567340,4
1754567400,4
1754567460,4
1754567520,4
1754567580,4
1754567640,4
1754567700,4
1754567760,4
1754567820,4
1754567880,4
1754567940,4
1754568000,4
1754568060,4
1754568120,4
1754568180,4
1754568240,4
1754568300,4
1754568360,4
1754568420,4
1754568480,4
1754568540,4
1754568600,4
1754568660,4
1754568720,4
1754568780,4
1754568840,4
1754568900,4
1754568960,4
1754569020,4
1754569080,4
1754569140,4
1754569200,4
1754569260,4
1754569320,4
1754569380,4
1754569440,4
1754569500,4
1754569560,4
1754569620,4
1754569680,4
1754569740,4
1754569800,4
1754569860,4
1754569920,4
1754569980,4
1754570040,4
1754570100,4
1754570160,4
1754570220,4
1754570280,4
1754570340,4
1754570400,4
1754570460,4
1754570520,4
1754570580,4
1754570640,4
1754570700,4
1754570760,4
1754570820,4
1754570880,4
1754570940,4
1754571000,4
1754571060,4
1754571120,4
1754571180,4
1754571240,4
1754571300,4
1754571360,4
1754571420,4
1754571480,4
1754571540,4
1754571600,4
1754571660,4
1754571720,4
1754571780,4
1754571840,4
1754571900,4
1754571960,4
1754572020,4
1754572080,4
1754572140,4
1754572200,4
1754572260,4
1754572320,4
1754572380,4
1754572440,4
1754572500,4
1754572560,4
1754572620,4
1754572680,4
1754572740,4
1754572800,4
1754572860,4
1754572920,4
1754572980,4
1754573040,4
1754573100,4
1754573160,4
1754573220,4
1754573280,4
1754573340,4
1754573400,4
1754573460,4
1754573520,4
1754573580,4
1754573640,4
1754573700,4
1754573760,4
1754573820,4
1754573880,4
1754573940,4
1754574000,4
1754574060,4
1754574120,4
1754574180,4
1754574240,4
1754574300,4
1754574360,4
1754574420,4
1754574480,4
1754574540,4
1754574600,4
1754574660,4
1754574720,4
1754574780,4
1754574840,4
1754574900,4
1754574960,4
1754575020,4
1754575080,4
1754575140,4
1754575200,4
1754575260,4
1754575320,4
1754575380,4
1754575440,4
1754575500,4
1754575560,4
1754575620,4
1754575680,4
1754575740,4
1754575800,4
1754575860,4
1754575920,4
1754575980,4
1754576040,4
1754576100,4
1754576160,4
1754576220,4
1754576280,4
1754576340,4
1754576400,4
1754576460,4
1754576520,4
1754576580,4
1754576640,4
1754576700,4
1754576760,4
1754576820,4
1754576880,4
1754576940,4
1754577000,4
1754577060,4
1754577120,4
1754577180,4
1754577240,4
1754577300,4
1754577360,4
1754577420,4
1754577480,4
