1754470860,20180,16045
1754470920,20196,16045
1754470980,20202,16045
1754471040,20206,16045
1754471100,20214,16045
1754471160,20220,16045
1754471220,20222,16045
1754471280,20228,16045
1754471340,20230,16045
1754471400,20236,16045
1754471460,20236,16045
1754471520,20240,16045
1754471580,20242,16045
1754471640,20250,16045
1754471700,20256,16045
1754471760,20266,16045
1754471820,20282,16045
1754471880,20294,16045
1754471940,20304,16045
1754472000,20306,16045
1754472060,20312,16045
1754472120,20322,16045
1754472180,20332,16045
1754472240,20334,16045
1754472300,20342,16045
1754472360,20348,16045
1754472420,20350,16045
1754472480,20352,16045
1754472540,20352,16045
1754472600,20352,16045
1754472660,20352,16045
1754472720,20354,16045
1754472780,20356,16045
1754472840,20356,16045
1754472900,20358,16045
1754472960,20360,16045
1754473020,20362,16045
1754473080,20362,16045
1754473140,20362,16045
1754473200,20362,16045
1754473260,20362,16045
1754473320,20362,16045
1754473380,20362,16045
1754473440,20362,16045
1754473500,20362,16045
1754473560,20370,16045
1754473620,20370,16045
1754473680,20370,16045
1754473740,20370,16045
1754473800,20370,16045
1754473860,20370,16045
1754473920,20370,16045
1754473980,20370,16045
1754474040,20370,16045
1754474100,20370,16045
1754474160,20370,16045
1754474220,20372,16045
1754474280,20372,16045
1754474340,20372,16045
1754474400,20372,16045
1754474460,20374,16045
1754474520,20374,16045
1754474580,20374,16045
1754474640,20374,16045
1754474700,20374,16045
1754474760,20374,16045
1754474820,20376,16045
1754474880,20378,16045
1754474940,20378,16045
1754475000,20378,16045
1754475060,20378,16045
1754475120,20378,16045
1754475180,20380,16045
1754475240,20380,16045
1754475300,20380,16045
1754475360,20382,16045
1754475420,20384,16045
1754475480,20384,16045
1754475540,20386,16045
1754475600,20386,16045
1754475660,20388,16045
1754475720,20392,16045
1754475780,20394,16045
1754475840,20394,16045
1754475900,20394,16045
1754475960,20394,16045
1754476020,20394,16045
1754476080,20394,16045
1754476140,20394,16045
1754476200,20394,16045
1754476260,20398,16045
1754476320,20414,16045
1754476380,20420,16045
1754476440,20426,16045
1754476500,20432,16045
1754476560,20434,16045
1754476620,20436,16045
1754476680,20440,16045
1754476740,20448,16045
1754476800,20474,16045
1754476860,20492,16045
1754476920,20514,16045
1754476980,20526,16045
1754477040,20538,16045
1754477100,20550,16045
1754477160,20562,16045
1754477220,20582,16045
1754477280,20600,16045
1754477340,20618,16045
1754477400,20632,16045
1754477460,20644,16045
1754477520,20658,16045
1754477580,20672,16045
1754477640,20691,16045
1754477700,20706,16045
1754477760,20718,16045
1754477820,20720,16045
1754477880,20720,16045
1754477940,20722,16045
1754478000,20726,16045
1754478060,20728,16045
1754478120,20738,16045
1754478180,20744,16045
1754478240,20762,16045
1754478300,20764,16045
1754478360,20764,16045
1754478420,20764,16045
1754478480,20764,16045
1754478540,20764,16045
1754478600,20766,16045
1754478660,20766,16045
1754478720,20766,16045
1754478780,20766,16045
1754478840,20766,16045
1754478900,20766,16045
1754478960,20766,16045
1754479020,20766,16045
1754479080,20766,16045
1754479140,20768,16045
1754479200,20806,16076
1754479260,21046,16314
1754479320,21268,16533
1754479380,21327,16588
1754479440,21327,16588
1754479500,21329,16588
1754479560,21329,16588
1754479620,21329,16588
1754479680,21331,16588
1754479740,21333,16588
1754479800,21335,16588
1754479860,21337,16588
1754479920,21339,16588
1754479980,21341,16588
1754480040,21341,16588
1754480100,21341,16588
1754480160,21341,16588
1754480220,21341,16588
1754480280,21341,16588
1754480340,21341,16588
1754480400,21341,16588
1754480460,21341,16588
1754480520,21341,16588
1754480580,21341,16588
1754480640,21341,16588
1754480700,21341,16588
1754480760,21341,16588
1754480820,21341,16588
1754480880,21341,16588
1754480940,21341,16588
1754481000,21341,16588
1754481060,21341,16588
1754481120,21341,16588
1754481180,21341,16588
1754481240,21341,16588
1754481300,21341,16588
1754481360,21341,16588
1754481420,21341,16588
1754481480,21341,16588
1754481540,21341,16588
1754481600,21341,16588
1754481660,21341,16588
1754481720,21341,16588
1754481780,21341,16588
1754481840,21341,16588
1754481900,21341,16588
1754481960,21341,16588
1754482020,21341,16588
1754482080,21341,16588
1754482140,21341,16588
1754482200,21341,16588
1754482260,21341,16588
1754482320,21341,16588
1754482380,21345,16588
1754482440,21347,16588
1754482500,21347,16588
1754482560,21353,16588
1754482620,21353,16588
1754482680,21353,16588
1754482740,21353,16588
1754482800,21353,16588
1754482860,21353,16588
1754482920,21355,16588
1754482980,21357,16588
1754483040,21359,16588
1754483100,21367,16588
1754483160,21387,16588
1754483220,21401,16588
1754483280,21409,16588
1754483340,21411,16588
1754483400,21417,16588
1754483460,21431,16588
1754483520,21433,16588
1754483580,21437,16588
1754483640,21439,16588
1754483700,21439,16588
1754483760,21439,16588
1754483820,21441,16588
1754483880,21441,16588
1754483940,21447,16588
1754484000,21451,16588
1754484060,21459,16588
1754484120,21463,16588
1754484180,21471,16588
1754484240,21475,16588
1754484300,21475,16588
1754484360,21477,16588
1754484420,21477,16588
1754484480,21477,16588
1754484540,21477,16588
1754484600,21477,16588
1754484660,21477,16588
1754484720,21477,16588
1754484780,21477,16588
1754484840,21477,16588
1754484900,21477,16588
1754484960,21477,16588
1754485020,21477,16588
1754485080,21477,16588
1754485140,21479,16588
1754485200,21479,16588
1754485260,21479,16588
1754485320,21481,16588
1754485380,21483,16588
1754485440,21485,16588
1754485500,21485,16588
1754485560,21487,16588
1754485620,21493,16588
1754485680,21497,16588
1754485740,21499,16588
1754485800,21513,16588
1754485860,21515,16588
1754485920,21515,16588
1754485980,21515,16588
1754486040,21515,16588
1754486100,21517,16588
1754486160,21523,16588
1754486220,21523,16588
1754486280,21523,16588
1754486340,21523,16588
1754486400,21523,16588
1754486460,21523,16588
1754486520,21525,16588
1754486580,21525,16588
1754486640,21525,16588
1754486700,21525,16588
1754486760,21525,16588
1754486820,21525,16588
1754486880,21525,16588
1754486940,21525,16588
1754487000,21525,16588
1754487060,21525,16588
1754487120,21525,16588
1754487180,21525,16588
1754487240,21525,16588
1754487300,21525,16588
1754487360,21525,16588
1754487420,21525,16588
1754487480,21525,16588
1754487540,21525,16588
1754487600,21535,16588
1754487660,21547,16588
1754487720,21549,16588
1754487780,21549,16588
1754487840,21553,16588
1754487900,21555,16588
1754487960,21557,16588
1754488020,21557,16588
1754488080,21559,16588
1754488140,21561,16588
1754488200,21563,16588
1754488260,21565,16588
1754488320,21565,16588
1754488380,21565,16588
1754488440,21565,16588
1754488500,21565,16588
1754488560,21565,16588
1754488620,21565,16588
1754488680,21565,16588
1754488740,21565,16588
1754488800,21565,16588
1754488860,21565,16588
1754488920,21565,16588
1754488980,21575,16588
1754489040,21613,16588
1754489100,21671,16588
1754489160,21829,16588
1754489220,21873,16588
1754489280,21933,16588
1754489340,22015,16588
1754489400,22097,16588
1754489460,22111,16588
1754489520,22131,16588
1754489580,22137,16588
1754489640,22143,16588
1754489700,22157,16588
1754489760,22173,16588
1754489820,22183,16588
1754489880,22187,16588
1754489940,22187,16588
1754490000,22187,16588
1754490060,22187,16588
1754490120,22187,16588
1754490180,22187,16588
1754490240,22187,16588
1754490300,22189,16588
1754490360,22191,16588
1754490420,22191,16588
1754490480,22191,16588
1754490540,22191,16588
1754490600,22191,16588
1754490660,22237,16588
1754490720,22239,16588
1754490780,22239,16588
1754490840,22239,16588
1754490900,22239,16588
1754490960,22241,16588
1754491020,22241,16588
1754491080,22241,16588
1754491140,22247,16588
1754491200,22247,16588
1754491260,22255,16588
1754491320,22257,16588
1754491380,22259,16588
1754491440,22259,16588
1754491500,22261,16588
1754491560,22265,16588
1754491620,22269,16588
1754491680,22271,16588
1754491740,22275,16588
1754491800,22279,16588
1754491860,22281,16588
1754491920,22281,16588
1754491980,22285,16588
1754492040,22295,16588
1754492100,22299,16588
1754492160,22303,16588
1754492220,22307,16588
1754492280,22309,16588
1754492340,22313,16588
1754492400,22317,16588
1754492460,22323,16588
1754492520,22331,16588
1754492580,22337,16588
1754492640,22341,16588
1754492700,22345,16588
1754492760,22363,16588
1754492820,22369,16588
1754492880,22373,16588
1754492940,22379,16588
1754493000,22379,16588
1754493060,22381,16588
1754493120,22381,16588
1754493180,22381,16588
1754493240,22381,16588
1754493300,22381,16588
1754493360,22381,16588
1754493420,22387,16588
1754493480,22399,16588
1754493540,22403,16588
1754493600,22409,16588
1754493660,22419,16588
1754493720,22427,16588
1754493780,22437,16588
1754493840,22441,16588
1754493900,22449,16588
1754493960,22453,16588
1754494020,22465,16588
1754494080,22469,16588
1754494140,22469,16588
1754494200,22475,16588
1754494260,22557,16588
1754494320,22559,16588
1754494380,22561,16588
1754494440,22561,16588
1754494500,22567,16588
1754494560,22567,16588
1754494620,22567,16588
1754494680,22567,16588
1754494740,22569,16588
1754494800,22569,16588
1754494860,22573,16588
1754494920,22573,16588
1754494980,22573,16588
1754495040,22573,16588
1754495100,22575,16588
1754495160,22583,16588
1754495220,22587,16588
1754495280,22591,16588
1754495340,22597,16588
1754495400,22601,16588
1754495460,22605,16588
1754495520,22607,16588
1754495580,22607,16588
1754495640,22611,16588
1754495700,22615,16588
1754495760,22619,16588
1754495820,22623,16588
1754495880,22629,16588
1754495940,22637,16588
1754496000,22637,16588
1754496060,22643,16588
1754496120,22647,16588
1754496180,22651,16588
1754496240,22655,16588
1754496300,22657,16588
1754496360,22657,16588
1754496420,22657,16588
1754496480,22661,16588
1754496540,22667,16588
1754496600,22667,16588
1754496660,22667,16588
1754496720,22667,16588
1754496780,22667,16588
1754496840,22667,16588
1754496900,22667,16588
1754496960,22667,16588
1754497020,22667,16588
1754497080,22667,16588
1754497140,22669,16588
1754497200,22675,16588
1754497260,22675,16588
1754497320,22679,16588
1754497380,22679,16588
1754497440,22679,16588
1754497500,22679,16588
1754497560,22679,16588
1754497620,22683,16588
1754497680,22683,16588
1754497740,22689,16588
1754497800,22689,16588
1754497860,22689,16588
1754497920,22701,16588
1754497980,22711,16588
1754498040,22713,16588
1754498100,22713,16588
1754498160,22715,16588
1754498220,22715,16588
1754498280,22715,16588
1754498340,22715,16588
1754498400,22715,16588
1754498460,22715,16588
1754498520,22725,16588
1754498580,22729,16588
1754498640,22737,16588
1754498700,22741,16588
1754498760,22743,16588
1754498820,22745,16588
1754498880,22749,16588
1754498940,22753,16588
1754499000,22757,16588
1754499060,22761,16588
1754499120,22761,16588
1754499180,22761,16588
1754499240,22761,16588
1754499300,22765,16588
1754499360,22769,16588
1754499420,22779,16588
1754499480,22781,16588
1754499540,22785,16588
1754499600,22791,16588
1754499660,22795,16588
1754499720,22803,16588
1754499780,22805,16588
1754499840,22809,16588
1754499900,22811,16588
1754499960,22811,16588
1754500020,22811,16588
1754500080,22811,16588
1754500140,22811,16588
1754500200,22811,16588
1754500260,22811,16588
1754500320,22811,16588
1754500380,22811,16588
1754500440,22811,16588
1754500500,22811,16588
1754500560,22811,16588
1754500620,22811,16588
1754500680,22811,16588
1754500740,22811,16588
1754500800,22811,16588
1754500860,22811,16588
1754500920,22811,16588
1754500980,22811,16588
1754501040,22811,16588
1754501100,22811,16588
1754501160,22817,16588
1754501220,22821,16588
1754501280,22821,16588
1754501340,22821,16588
1754501400,22821,16588
1754501460,22835,16588
1754501520,22875,16588
1754501580,22907,16588
1754501640,22911,16588
1754501700,22911,16588
1754501760,22911,16588
1754501820,22951,16588
1754501880,22951,16588
1754501940,22981,16588
1754502000,22985,16588
1754502060,22985,16588
1754502120,22987,16588
1754502180,22991,16588
1754502240,22991,16588
1754502300,22991,16588
1754502360,22991,16588
1754502420,22991,16588
1754502480,22991,16588
1754502540,22991,16588
1754502600,22991,16588
1754502660,22991,16588
1754502720,22991,16588
1754502780,22991,16588
1754502840,22991,16588
1754502900,22991,16588
1754502960,22995,16588
1754503020,22997,16588
1754503080,22997,16588
1754503140,22997,16588
1754503200,22997,16588
1754503260,22997,16588
1754503320,22997,16588
1754503380,22997,16588
1754503440,23011,16588
1754503500,23035,16588
1754503560,23047,16588
1754503620,23067,16588
1754503680,23127,16588
1754503740,23187,16588
1754503800,23251,16588
1754503860,23271,16588
1754503920,23317,16588
1754503980,23359,16588
1754504040,23405,16588
1754504100,23449,16588
1754504160,23473,16588
1754504220,23515,16588
1754504280,23559,16588
1754504340,23601,16588
1754504400,23633,16588
1754504460,23671,16588
1754504520,23713,16588
1754504580,23757,16588
1754504640,23799,16588
1754504700,23822,16588
1754504760,23867,16588
1754504820,23909,16588
1754504880,23950,16588
1754504940,23977,16588
1754505000,24015,16588
1754505060,24057,16588
1754505120,24099,16588
1754505180,24143,16588
1754505240,24145,16588
1754505300,24145,16588
1754505360,24145,16588
1754505420,24145,16588
1754505480,24145,16588
1754505540,24187,16588
1754505600,24235,16588
1754505660,24284,16588
1754505720,24325,16588
1754505780,24353,16588
1754505840,24395,16588
1754505900,24439,16588
1754505960,24481,16588
1754506020,24503,16588
1754506080,24503,16588
1754506140,24503,16588
1754506200,24503,16588
1754506260,24503,16588
1754506320,24503,16588
1754506380,24503,16588
1754506440,24503,16588
1754506500,24503,16588
1754506560,24503,16588
1754506620,24503,16588
1754506680,24503,16588
1754506740,24503,16588
1754506800,24503,16588
1754506860,24545,16588
1754506920,24590,16588
1754506980,24637,16588
1754507040,24681,16588
1754507100,24705,16588
1754507160,24749,16588
1754507220,24791,16588
1754507280,24833,16588
1754507340,24865,16588
1754507400,24899,16588
1754507460,24945,16588
1754507520,24985,16588
1754507580,25033,16588
1754507640,25045,16588
1754507700,25047,16588
1754507760,25099,16588
1754507820,25158,16588
1754507880,25217,16588
1754507940,25287,16588
1754508000,25349,16588
1754508060,25369,16588
1754508120,25449,16588
1754508180,25514,16588
1754508240,25543,16588
1754508300,25573,16588
1754508360,25573,16588
1754508420,25575,16588
1754508480,25575,16588
1754508540,25575,16588
1754508600,25575,16588
1754508660,25625,16588
1754508720,25669,16588
1754508780,25691,16588
1754508840,25693,16588
1754508900,25739,16588
1754508960,25797,16588
1754509020,25855,16588
1754509080,25859,16588
1754509140,25861,16588
1754509200,25865,16588
1754509260,25865,16588
1754509320,25865,16588
1754509380,25865,16588
1754509440,25865,16588
1754509500,25865,16588
1754509560,25867,16588
1754509620,25867,16588
1754509680,25939,16588
1754509740,25971,16588
1754509800,25973,16588
1754509860,26001,16588
1754509920,26001,16588
1754509980,26001,16588
1754510040,26001,16588
1754510100,26031,16588
1754510160,26031,16588
1754510220,26031,16588
1754510280,26031,16588
1754510340,26037,16588
1754510400,26037,16588
1754510460,26037,16588
1754510520,26041,16588
1754510580,26041,16588
1754510640,26041,16588
1754510700,26041,16588
1754510760,26041,16588
1754510820,26041,16588
1754510880,26041,16588
1754510940,26043,16588
1754511000,26043,16588
1754511060,26043,16588
1754511120,26043,16588
1754511180,26043,16588
1754511240,26043,16588
1754511300,26043,16588
1754511360,26043,16588
1754511420,26047,16588
1754511480,26051,16588
1754511540,26053,16588
1754511600,26053,16588
1754511660,26053,16588
1754511720,26053,16588
1754511780,26053,16588
1754511840,26053,16588
1754511900,26053,16588
1754511960,26053,16588
1754512020,26053,16588
1754512080,26053,16588
1754512140,26053,16588
1754512200,26057,16588
1754512260,26059,16588
1754512320,26059,16588
1754512380,26063,16588
1754512440,26063,16588
1754512500,26063,16588
1754512560,26063,16588
1754512620,26067,16588
1754512680,26067,16588
1754512740,26069,16588
1754512800,26069,16588
1754512860,26123,16588
1754512920,26223,16588
1754512980,26323,16588
1754513040,26422,16588
1754513100,26529,16588
1754513160,26629,16588
1754513220,26729,16588
1754513280,26828,16588
1754513340,26923,16588
1754513400,27001,16588
1754513460,27057,16588
1754513520,27115,16588
1754513580,27117,16588
1754513640,27117,16588
1754513700,27119,16588
1754513760,27121,16588
1754513820,27123,16588
1754513880,27127,16588
1754513940,27127,16588
1754514000,27127,16588
1754514060,27127,16588
1754514120,27127,16588
1754514180,27127,16588
1754514240,27129,16588
1754514300,27135,16588
1754514360,27135,16588
1754514420,27135,16588
1754514480,27135,16588
1754514540,27135,16588
1754514600,27135,16588
1754514660,27137,16588
1754514720,27137,16588
1754514780,27139,16588
1754514840,27139,16588
1754514900,27143,16588
1754514960,27143,16588
1754515020,27151,16588
1754515080,27151,16588
1754515140,27151,16588
1754515200,27151,16588
1754515260,27151,16588
1754515320,27151,16588
1754515380,27151,16588
1754515440,27151,16588
1754515500,27151,16588
1754515560,27151,16588
1754515620,27153,16588
1754515680,27153,16588
1754515740,27243,16588
1754515800,27343,16588
1754515860,27443,16588
1754515920,27505,16588
1754515980,27539,16588
1754516040,27541,16588
1754516100,27545,16588
1754516160,27549,16588
1754516220,27551,16588
1754516280,27553,16588
1754516340,27557,16588
1754516400,27563,16588
1754516460,27563,16588
1754516520,27563,16588
1754516580,27565,16588
1754516640,27581,16588
1754516700,27605,16588
1754516760,27631,16588
1754516820,27641,16588
1754516880,27641,16588
1754516940,27641,16588
1754517000,27643,16588
1754517060,27643,16588
1754517120,27643,16588
1754517180,27643,16588
1754517240,27643,16588
1754517300,27643,16588
1754517360,27645,16588
1754517420,27645,16588
1754517480,27645,16588
1754517540,27647,16588
1754517600,27647,16588
1754517660,27647,16588
1754517720,27647,16588
1754517780,27647,16588
1754517840,27647,16588
1754517900,27647,16588
1754517960,27647,16588
1754518020,27647,16588
1754518080,27647,16588
1754518140,27647,16588
1754518200,27647,16588
1754518260,27647,16588
1754518320,27647,16588
1754518380,27647,16588
1754518440,27647,16588
1754518500,27647,16588
1754518560,27649,16588
1754518620,27651,16588
1754518680,27651,16588
1754518740,27663,16588
1754518800,27671,16588
1754518860,27675,16588
1754518920,27681,16588
1754518980,27681,16588
1754519040,27685,16588
1754519100,27685,16588
1754519160,27685,16588
1754519220,27685,16588
1754519280,27689,16588
1754519340,27695,16588
1754519400,27701,16588
1754519460,27709,16588
1754519520,27713,16588
1754519580,27719,16588
1754519640,27725,16588
1754519700,27737,16588
1754519760,27747,16588
1754519820,27751,16588
1754519880,27755,16588
1754519940,27759,16588
1754520000,27767,16588
1754520060,27773,16588
1754520120,27777,16588
1754520180,27783,16588
1754520240,27789,16588
1754520300,27795,16588
1754520360,27801,16588
1754520420,27805,16588
1754520480,27807,16588
1754520540,27809,16588
1754520600,27809,16588
1754520660,27809,16588
1754520720,27809,16588
1754520780,27809,16588
1754520840,27809,16588
1754520900,27809,16588
1754520960,27815,16588
1754521020,27815,16588
1754521080,27819,16588
1754521140,27823,16588
1754521200,27829,16588
1754521260,27829,16588
1754521320,27831,16588
1754521380,27831,16588
1754521440,27831,16588
1754521500,27835,16588
1754521560,27835,16588
1754521620,27835,16588
1754521680,27835,16588
1754521740,27835,16588
1754521800,27835,16588
1754521860,27835,16588
1754521920,27835,16588
1754521980,27835,16588
1754522040,27835,16588
1754522100,27835,16588
1754522160,27835,16588
1754522220,27835,16588
1754522280,27835,16588
1754522340,27835,16588
1754522400,27835,16588
1754522460,27835,16588
1754522520,27835,16588
1754522580,27835,16588
1754522640,27835,16588
1754522700,27835,16588
1754522760,27835,16588
1754522820,27835,16588
1754522880,27835,16588
1754522940,27835,16588
1754523000,27835,16588
1754523060,27835,16588
1754523120,27835,16588
1754523180,27835,16588
1754523240,27835,16588
1754523300,27835,16588
1754523360,27835,16588
1754523420,27835,16588
1754523480,27835,16588
1754523540,27837,16588
1754523600,27839,16588
1754523660,27839,16588
1754523720,27839,16588
1754523780,27839,16588
1754523840,27839,16588
1754523900,27839,16588
1754523960,27849,16588
1754524020,27861,16588
1754524080,27871,16588
1754524140,27873,16588
1754524200,27873,16588
1754524260,27873,16588
1754524320,27879,16588
1754524380,27885,16588
1754524440,27895,16588
1754524500,27901,16588
1754524560,27907,16588
1754524620,27907,16588
1754524680,27925,16588
1754524740,27947,16588
1754524800,27949,16588
1754524860,27949,16588
1754524920,27955,16588
1754524980,27957,16588
1754525040,27963,16588
1754525100,27967,16588
1754525160,27973,16588
1754525220,27993,16588
1754525280,27999,16588
1754525340,28007,16588
1754525400,28015,16588
1754525460,28019,16588
1754525520,28023,16588
1754525580,28025,16588
1754525640,28029,16588
1754525700,28043,16588
1754525760,28045,16588
1754525820,28051,16588
1754525880,28051,16588
1754525940,28053,16588
1754526000,28053,16588
1754526060,28053,16588
1754526120,28053,16588
1754526180,28053,16588
1754526240,28063,16588
1754526300,28065,16588
1754526360,28071,16588
1754526420,28071,16588
1754526480,28071,16588
1754526540,28071,16588
1754526600,28077,16588
1754526660,28085,16588
1754526720,28089,16588
1754526780,28091,16588
1754526840,28101,16588
1754526900,28107,16588
1754526960,28107,16588
1754527020,28107,16588
1754527080,28107,16588
1754527140,28107,16588
1754527200,28107,16588
1754527260,28107,16588
1754527320,28107,16588
1754527380,28109,16588
1754527440,28111,16588
1754527500,28111,16588
1754527560,28111,16588
1754527620,28111,16588
1754527680,28111,16588
1754527740,28111,16588
1754527800,28111,16588
1754527860,28113,16588
1754527920,28115,16588
1754527980,28115,16588
1754528040,28117,16588
1754528100,28119,16588
1754528160,28119,16588
1754528220,28123,16588
1754528280,28125,16588
1754528340,28127,16588
1754528400,28131,16588
1754528460,28133,16588
1754528520,28133,16588
1754528580,28133,16588
1754528640,28133,16588
1754528700,28137,16588
1754528760,28139,16588
1754528820,28139,16588
1754528880,28139,16588
1754528940,28139,16588
1754529000,28139,16588
1754529060,28139,16588
1754529120,28139,16588
1754529180,28139,16588
1754529240,28139,16588
1754529300,28139,16588
1754529360,28139,16588
1754529420,28139,16588
1754529480,28139,16588
1754529540,28139,16588
1754529600,28139,16588
1754529660,28139,16588
1754529720,28139,16588
1754529780,28139,16588
1754529840,28139,16588
1754529900,28139,16588
1754529960,28139,16588
1754530020,28139,16588
1754530080,28139,16588
1754530140,28139,16588
1754530200,28141,16588
1754530260,28143,16588
1754530320,28145,16588
1754530380,28145,16588
1754530440,28147,16588
1754530500,28147,16588
1754530560,28151,16588
1754530620,28163,16588
1754530680,28171,16588
1754530740,28171,16588
1754530800,28173,16588
1754530860,28177,16588
1754530920,28177,16588
1754530980,28179,16588
1754531040,28179,16588
1754531100,28179,16588
1754531160,28183,16588
1754531220,28183,16588
1754531280,28187,16588
1754531340,28187,16588
1754531400,28187,16588
1754531460,28187,16588
1754531520,28187,16588
1754531580,28187,16588
1754531640,28187,16588
1754531700,28187,16588
1754531760,28187,16588
1754531820,28187,16588
1754531880,28187,16588
1754531940,28187,16588
1754532000,28187,16588
1754532060,28187,16588
1754532120,28187,16588
1754532180,28187,16588
1754532240,28187,16588
1754532300,28187,16588
1754532360,28187,16588
1754532420,28189,16588
1754532480,28191,16588
1754532540,28193,16588
1754532600,28193,16588
1754532660,28193,16588
1754532720,28193,16588
1754532780,28193,16588
1754532840,28193,16588
1754532900,28195,16588
1754532960,28197,16588
1754533020,28197,16588
1754533080,28199,16588
1754533140,28201,16588
1754533200,28201,16588
1754533260,28201,16588
1754533320,28201,16588
1754533380,28201,16588
1754533440,28201,16588
1754533500,28201,16588
1754533560,28201,16588
1754533620,28203,16588
1754533680,28207,16588
1754533740,28207,16588
1754533800,28207,16588
1754533860,28207,16588
1754533920,28207,16588
1754533980,28207,16588
1754534040,28207,16588
1754534100,28207,16588
1754534160,28207,16588
1754534220,28207,16588
1754534280,28207,16588
1754534340,28207,16588
1754534400,28211,16588
1754534460,28211,16588
1754534520,28211,16588
1754534580,28211,16588
1754534640,28211,16588
1754534700,28211,16588
1754534760,28211,16588
1754534820,28211,16588
1754534880,28211,16588
1754534940,28211,16588
1754535000,28213,16588
1754535060,28215,16588
1754535120,28215,16588
1754535180,28215,16588
1754535240,28215,16588
1754535300,28215,16588
1754535360,28215,16588
1754535420,28215,16588
1754535480,28215,16588
1754535540,28215,16588
1754535600,28215,16588
1754535660,28215,16588
1754535720,28215,16588
1754535780,28215,16588
1754535840,28215,16588
1754535900,28215,16588
1754535960,28215,16588
1754536020,28215,16588
1754536080,28215,16588
1754536140,28215,16588
1754536200,28215,16588
1754536260,28215,16588
1754536320,28215,16588
1754536380,28219,16588
1754536440,28229,16588
1754536500,28243,16588
1754536560,28253,16588
1754536620,28253,16588
1754536680,28253,16588
1754536740,28255,16588
1754536800,28255,16588
1754536860,28255,16588
1754536920,28259,16588
1754536980,28259,16588
1754537040,28259,16588
1754537100,28261,16588
1754537160,28261,16588
1754537220,28261,16588
1754537280,28263,16588
1754537340,28263,16588
1754537400,28263,16588
1754537460,28263,16588
1754537520,28263,16588
1754537580,28263,16588
1754537640,28263,16588
1754537700,28309,16588
1754537760,28349,16588
1754537820,28355,16588
1754537880,28355,16588
1754537940,28357,16588
1754538000,28363,16588
1754538060,28365,16588
1754538120,28367,16588
1754538180,28369,16588
1754538240,28373,16588
1754538300,28375,16588
1754538360,28377,16588
1754538420,28381,16588
1754538480,28383,16588
1754538540,28383,16588
1754538600,28383,16588
1754538660,28383,16588
1754538720,28383,16588
1754538780,28383,16588
1754538840,28383,16588
1754538900,28383,16588
1754538960,28383,16588
1754539020,28385,16588
1754539080,28387,16588
1754539140,28412,16609
1754539200,28412,16609
1754539260,28414,16609
1754539320,28414,16609
1754539380,28414,16609
1754539440,28414,16609
1754539500,28437,16630
1754539560,28439,16630
1754539620,28439,16630
1754539680,28441,16630
1754539740,28441,16630
1754539800,28441,16630
1754539860,28456,16642
1754539920,28466,16651
1754539980,28466,16651
1754540040,28468,16651
1754540100,28470,16651
1754540160,28472,16651
1754540220,28472,16651
1754540280,28472,16651
1754540340,28472,16651
1754540400,28472,16651
1754540460,28472,16651
1754540520,28472,16651
1754540580,28472,16651
1754540640,28472,16651
1754540700,28472,16651
1754540760,28472,16651
1754540820,28472,16651
1754540880,28472,16651
1754540940,28474,16651
1754541000,28474,16651
1754541060,28474,16651
1754541120,28474,16651
1754541180,28474,16651
1754541240,28474,16651
1754541300,28474,16651
1754541360,28474,16651
1754541420,28474,16651
1754541480,28474,16651
1754541540,28474,16651
1754541600,28474,16651
1754541660,28474,16651
1754541720,28474,16651
1754541780,28474,16651
1754541840,28474,16651
1754541900,28474,16651
1754541960,28474,16651
1754542020,28474,16651
1754542080,28474,16651
1754542140,28474,16651
1754542200,28476,16651
1754542260,28486,16651
1754542320,28502,16651
1754542380,28516,16651
1754542440,28528,16651
1754542500,28530,16651
1754542560,28532,16651
1754542620,28538,16651
1754542680,28542,16651
1754542740,28544,16651
1754542800,28548,16651
1754542860,28552,16651
1754542920,28554,16651
1754542980,28556,16651
1754543040,28560,16651
1754543100,28560,16651
1754543160,28560,16651
1754543220,28560,16651
1754543280,28560,16651
1754543340,28560,16651
1754543400,28560,16651
1754543460,28562,16651
1754543520,28562,16651
1754543580,28562,16651
1754543640,28564,16651
1754543700,28564,16651
1754543760,28564,16651
1754543820,28568,16651
1754543880,28570,16651
1754543940,28570,16651
1754544000,28570,16651
1754544060,28570,16651
1754544120,28570,16651
1754544180,28570,16651
1754544240,28570,16651
1754544300,28572,16651
1754544360,28574,16651
1754544420,28574,16651
1754544480,28576,16651
1754544540,28576,16651
1754544600,28576,16651
1754544660,28576,16651
1754544720,28576,16651
1754544780,28576,16651
1754544840,28576,16651
1754544900,28576,16651
1754544960,28578,16651
1754545020,28586,16651
1754545080,28586,16651
1754545140,28586,16651
1754545200,28586,16651
1754545260,28586,16651
1754545320,28586,16651
1754545380,28586,16651
1754545440,28586,16651
1754545500,28586,16651
1754545560,28586,16651
1754545620,28586,16651
1754545680,28588,16651
1754545740,28588,16651
1754545800,28630,16651
1754545860,28642,16651
1754545920,28648,16651
1754545980,28650,16651
1754546040,28650,16651
1754546100,28650,16651
1754546160,28650,16651
1754546220,28652,16651
1754546280,28652,16651
1754546340,28652,16651
1754546400,28652,16651
1754546460,28652,16651
1754546520,28652,16651
1754546580,28652,16651
1754546640,28652,16651
1754546700,28652,16651
1754546760,28652,16651
1754546820,28652,16651
1754546880,28652,16651
1754546940,28660,16651
1754547000,28672,16651
1754547060,28684,16651
1754547120,28692,16651
1754547180,28692,16651
1754547240,28694,16651
1754547300,28694,16651
1754547360,28694,16651
1754547420,28694,16651
1754547480,28694,16651
1754547540,28694,16651
1754547600,28694,16651
1754547660,28694,16651
1754547720,28694,16651
1754547780,28694,16651
1754547840,28694,16651
1754547900,28694,16651
1754547960,28694,16651
1754548020,28696,16651
1754548080,28698,16651
1754548140,28700,16651
1754548200,28700,16651
1754548260,28708,16651
1754548320,28712,16651
1754548380,28716,16651
1754548440,28736,16651
1754548500,28758,16651
1754548560,28764,16651
1754548620,28768,16651
1754548680,28770,16651
1754548740,28774,16651
1754548800,28774,16651
1754548860,28776,16651
1754548920,28778,16651
1754548980,28782,16651
1754549040,28782,16651
1754549100,28786,16651
1754549160,28788,16651
1754549220,28790,16651
1754549280,28790,16651
1754549340,28790,16651
1754549400,28790,16651
1754549460,28790,16651
1754549520,28790,16651
1754549580,28790,16651
1754549640,28792,16651
1754549700,28792,16651
1754549760,28792,16651
1754549820,28792,16651
1754549880,28792,16651
1754549940,28792,16651
1754550000,28792,16651
1754550060,28792,16651
1754550120,28794,16651
1754550180,28794,16651
1754550240,28796,16651
1754550300,28798,16651
1754550360,28800,16651
1754550420,28800,16651
1754550480,28802,16651
1754550540,28802,16651
1754550600,28802,16651
1754550660,28802,16651
1754550720,28802,16651
1754550780,28804,16651
1754550840,28806,16651
1754550900,28808,16651
1754550960,28808,16651
1754551020,28808,16651
1754551080,28808,16651
1754551140,28810,16651
1754551200,28810,16651
1754551260,28810,16651
1754551320,28810,16651
1754551380,28810,16651
1754551440,28810,16651
1754551500,28810,16651
1754551560,28810,16651
1754551620,28812,16651
1754551680,28812,16651
1754551740,28812,16651
1754551800,28812,16651
1754551860,28814,16651
1754551920,28814,16651
1754551980,28818,16651
1754552040,28818,16651
1754552100,28828,16651
1754552160,28840,16651
1754552220,28852,16651
1754552280,28856,16651
1754552340,28856,16651
1754552400,28862,16651
1754552460,28862,16651
1754552520,28862,16651
1754552580,28862,16651
1754552640,28862,16651
1754552700,28862,16651
1754552760,28862,16651
1754552820,28862,16651
1754552880,28862,16651
1754552940,28862,16651
1754553000,28862,16651
1754553060,28862,16651
1754553120,28866,16651
1754553180,28870,16651
1754553240,28872,16651
1754553300,28872,16651
1754553360,28872,16651
1754553420,28872,16651
1754553480,28872,16651
1754553540,28872,16651
1754553600,28872,16651
1754553660,28872,16651
1754553720,28872,16651
1754553780,28872,16651
1754553840,28874,16651
1754553900,28876,16651
1754553960,28878,16651
1754554020,28880,16651
1754554080,28884,16651
1754554140,28886,16651
1754554200,28886,16651
1754554260,28886,16651
1754554320,28886,16651
1754554380,28886,16651
1754554440,28886,16651
1754554500,28890,16651
1754554560,28894,16651
1754554620,28896,16651
1754554680,28900,16651
1754554740,28904,16651
1754554800,28910,16651
1754554860,28914,16651
1754554920,28918,16651
1754554980,28920,16651
1754555040,28920,16651
1754555100,28920,16651
1754555160,28920,16651
1754555220,28920,16651
1754555280,28920,16651
1754555340,28922,16651
1754555400,28922,16651
1754555460,28922,16651
1754555520,28934,16651
1754555580,28944,16651
1754555640,28952,16651
1754555700,28954,16651
1754555760,28954,16651
1754555820,28956,16651
1754555880,28960,16651
1754555940,28962,16651
1754556000,28978,16651
1754556060,28980,16651
1754556120,28982,16651
1754556180,28988,16651
1754556240,28992,16651
1754556300,28992,16651
1754556360,28996,16651
1754556420,28998,16651
1754556480,28998,16651
1754556540,28998,16651
1754556600,28998,16651
1754556660,29000,16651
1754556720,29000,16651
1754556780,29000,16651
1754556840,29000,16651
1754556900,29002,16651
1754556960,29006,16651
1754557020,29010,16651
1754557080,29012,16651
1754557140,29014,16651
1754557200,29016,16651
1754557260,29020,16651
1754557320,29022,16651
1754557380,29024,16651
1754557440,29034,16651
1754557500,29048,16651
1754557560,29062,16651
1754557620,29078,16651
1754557680,29092,16651
1754557740,29106,16651
1754557800,29120,16651
1754557860,29134,16651
1754557920,29146,16651
1754557980,29160,16651
1754558040,29174,16651
1754558100,29186,16651
1754558160,29198,16651
1754558220,29210,16651
1754558280,29222,16651
1754558340,29234,16651
1754558400,29234,16651
1754558460,29234,16651
1754558520,29234,16651
1754558580,29234,16651
1754558640,29234,16651
1754558700,29234,16651
1754558760,29234,16651
1754558820,29234,16651
1754558880,29234,16651
1754558940,29234,16651
1754559000,29234,16651
1754559060,29234,16651
1754559120,29236,16651
1754559180,29236,16651
1754559240,29236,16651
1754559300,29236,16651
1754559360,29236,16651
1754559420,29236,16651
1754559480,29236,16651
1754559540,29236,16651
1754559600,29236,16651
1754559660,29236,16651
1754559720,29238,16651
1754559780,29244,16651
1754559840,29246,16651
1754559900,29246,16651
1754559960,29246,16651
1754560020,29246,16651
1754560080,29246,16651
1754560140,29248,16651
1754560200,29250,16651
1754560260,29256,16651
1754560320,29256,16651
1754560380,29260,16651
1754560440,29260,16651
1754560500,29262,16651
1754560560,29264,16651
1754560620,29268,16651
1754560680,29270,16651
1754560740,29270,16651
1754560800,29272,16651
1754560860,29272,16651
1754560920,29272,16651
1754560980,29272,16651
1754561040,29272,16651
1754561100,29272,16651
1754561160,29272,16651
1754561220,29272,16651
1754561280,29272,16651
1754561340,29272,16651
1754561400,29272,16651
1754561460,29272,16651
1754561520,29272,16651
1754561580,29272,16651
1754561640,29272,16651
1754561700,29272,16651
1754561760,29272,16651
1754561820,29272,16651
1754561880,29272,16651
1754561940,29272,16651
1754562000,29272,16651
1754562060,29272,16651
1754562120,29272,16651
1754562180,29272,16651
1754562240,29272,16651
1754562300,29272,16651
1754562360,29272,16651
1754562420,29272,16651
1754562480,29272,16651
1754562540,29272,16651
1754562600,29274,16651
1754562660,29276,16651
1754562720,29276,16651
1754562780,29276,16651
1754562840,29276,16651
1754562900,29278,16651
1754562960,29278,16651
1754563020,29278,16651
1754563080,29282,16651
1754563140,29282,16651
1754563200,29294,16651
1754563260,29308,16651
1754563320,29312,16651
1754563380,29312,16651
1754563440,29314,16651
1754563500,29316,16651
1754563560,29316,16651
1754563620,29316,16651
1754563680,29316,16651
1754563740,29316,16651
1754563800,29316,16651
1754563860,29316,16651
1754563920,29316,16651
1754563980,29316,16651
1754564040,29316,16651
1754564100,29316,16651
1754564160,29316,16651
1754564220,29316,16651
1754564280,29316,16651
1754564340,29316,16651
1754564400,29316,16651
1754564460,29316,16651
1754564520,29316,16651
1754564580,29316,16651
1754564640,29316,16651
1754564700,29316,16651
1754564760,29316,16651
1754564820,29318,16651
1754564880,29322,16651
1754564940,29326,16651
1754565000,29326,16651
1754565060,29328,16651
1754565120,29328,16651
1754565180,29332,16651
1754565240,29332,16651
1754565300,29332,16651
1754565360,29334,16651
1754565420,29336,16651
1754565480,29338,16651
1754565540,29338,16651
1754565600,29340,16651
1754565660,29340,16651
1754565720,29340,16651
1754565780,29340,16651
1754565840,29340,16651
1754565900,29344,16651
1754565960,29344,16651
1754566020,29344,16651
1754566080,29344,16651
1754566140,29344,16651
1754566200,29344,16651
1754566260,29344,16651
1754566320,29346,16651
1754566380,29348,16651
1754566440,29348,16651
1754566500,29348,16651
1754566560,29348,16651
1754566620,29348,16651
1754566680,29348,16651
1754566740,29348,16651
1754566800,29352,16651
1754566860,29356,16651
1754566920,29356,16651
1754566980,29356,16651
1754567040,29358,16651
1754567100,29362,16651
1754567160,29362,16651
1754567220,29362,16651
1754567280,29362,16651
1754567340,29362,16651
1754567400,29366,16651
1754567460,29368,16651
1754567520,29368,16651
1754567580,29370,16651
1754567640,29374,16651
1754567700,29374,16651
1754567760,29374,16651
1754567820,29374,16651
1754567880,29374,16651
1754567940,29376,16651
1754568000,29382,16651
1754568060,29382,16651
1754568120,29382,16651
1754568180,29383,16651
1754568240,29394,16651
1754568300,29412,16651
1754568360,29420,16651
1754568420,29422,16651
1754568480,29426,16651
1754568540,29426,16651
1754568600,29426,16651
1754568660,29426,16651
1754568720,29430,16651
1754568780,29434,16651
1754568840,29436,16651
1754568900,29438,16651
1754568960,29444,16651
1754569020,29444,16651
1754569080,29446,16651
1754569140,29450,16651
1754569200,29452,16651
1754569260,29458,16651
1754569320,29458,16651
1754569380,29464,16651
1754569440,29466,16651
1754569500,29470,16651
1754569560,29470,16651
1754569620,29470,16651
1754569680,29474,16651
1754569740,29478,16651
1754569800,29478,16651
1754569860,29480,16651
1754569920,29482,16651
1754569980,29486,16651
1754570040,29488,16651
1754570100,29488,16651
1754570160,29490,16651
1754570220,29494,16651
1754570280,29496,16651
1754570340,29496,16651
1754570400,29496,16651
1754570460,29496,16651
1754570520,29498,16651
1754570580,29498,16651
1754570640,29498,16651
1754570700,29498,16651
1754570760,29498,16651
1754570820,29498,16651
1754570880,29498,16651
1754570940,29498,16651
1754571000,29498,16651
1754571060,29500,16651
1754571120,29500,16651
1754571180,29504,16651
1754571240,29506,16651
1754571300,29518,16651
1754571360,29526,16651
1754571420,29540,16651
1754571480,29542,16651
1754571540,29542,16651
1754571600,29542,16651
1754571660,29542,16651
1754571720,29542,16651
1754571780,29546,16651
1754571840,29548,16651
1754571900,29550,16651
1754571960,29550,16651
1754572020,29550,16651
1754572080,29550,16651
1754572140,29550,16651
1754572200,29550,16651
1754572260,29550,16651
1754572320,29550,16651
1754572380,29550,16651
1754572440,29550,16651
1754572500,29552,16651
1754572560,29554,16651
1754572620,29554,16651
1754572680,29554,16651
1754572740,29556,16651
1754572800,29558,16651
1754572860,29558,16651
1754572920,29558,16651
1754572980,29558,16651
1754573040,29560,16651
1754573100,29562,16651
1754573160,29564,16651
1754573220,29564,16651
1754573280,29564,16651
1754573340,29568,16651
1754573400,29570,16651
1754573460,29572,16651
1754573520,29576,16651
1754573580,29580,16651
1754573640,29602,16651
1754573700,29610,16651
1754573760,29612,16651
1754573820,29614,16651
1754573880,29660,16651
1754573940,29666,16651
1754574000,29666,16651
1754574060,29666,16651
1754574120,29666,16651
1754574180,29666,16651
1754574240,29666,16651
1754574300,29666,16651
1754574360,29666,16651
1754574420,29668,16651
1754574480,29668,16651
1754574540,29668,16651
1754574600,29670,16651
1754574660,29676,16651
1754574720,29676,16651
1754574780,29676,16651
1754574840,29676,16651
1754574900,29676,16651
1754574960,29676,16651
1754575020,29676,16651
1754575080,29676,16651
1754575140,29676,16651
1754575200,29676,16651
1754575260,29676,16651
1754575320,29676,16651
1754575380,29676,16651
1754575440,29676,16651
1754575500,29676,16651
1754575560,29676,16651
1754575620,29680,16651
1754575680,29680,16651
1754575740,29684,16651
1754575800,29684,16651
1754575860,29684,16651
1754575920,29684,16651
1754575980,29684,16651
1754576040,29684,16651
1754576100,29684,16651
1754576160,29684,16651
1754576220,29684,16651
1754576280,29684,16651
1754576340,29684,16651
1754576400,29684,16651
1754576460,29684,16651
1754576520,29684,16651
1754576580,29684,16651
1754576640,29684,16651
1754576700,29684,16651
1754576760,29684,16651
1754576820,29684,16651
1754576880,29688,16651
1754576940,29690,16651
1754577000,29692,16651
1754577060,29694,16651
1754577120,29694,16651
1754577180,29694,16651
1754577240,29694,16651
1754577300,29694,16651
1754577360,29699,16651
1754577420,29706,16651
1754577480,29706,16651
1754577540,29706,16651
1754577600,29708,16651
1754577660,29712,16651
1754577720,29712,16651
1754577780,29712,16651
1754577840,29712,16651
1754577900,29712,16651
1754577960,29718,16651
1754578020,29718,16651
1754578080,29718,16651
1754578140,29730,16651
1754578200,29734,16651
1754578260,29736,16651
1754578320,29740,16651
1754578380,29746,16651
1754578440,29752,16651
1754578500,29762,16651
1754578560,29762,16651
1754578620,29766,16651
1754578680,29766,16651
1754578740,29766,16651
1754578800,29766,16651
1754578860,29766,16651
1754578920,29766,16651
1754578980,29766,16651
1754579040,29766,16651
1754579100,29766,16651
1754579160,29766,16651
1754579220,29770,16651
1754579280,29780,16651
1754579340,29780,16651
1754579400,29780,16651
1754579460,29780,16651
1754579520,29780,16651
1754579580,29780,16651
1754579640,29780,16651
1754579700,29780,16651
1754579760,29780,16651
1754579820,29780,16651
1754579880,29780,16651
1754579940,29780,16651
1754580000,29780,16651
1754580060,29780,16651
1754580120,29780,16651
1754580180,29780,16651
1754580240,29780,16651
1754580300,29780,16651
1754580360,29780,16651
1754580420,29780,16651
1754580480,29780,16651
1754580540,29782,16651
1754580600,29782,16651
1754580660,29782,16651
1754580720,29782,16651
1754580780,29782,16651
1754580840,29782,16651
1754580900,29782,16651
1754580960,29782,16651
1754581020,29782,16651
1754581080,29784,16651
1754581140,29788,16651
1754581200,29788,16651
1754581260,29788,16651
1754581320,29788,16651
1754581380,29790,16651
1754581440,29791,16651
1754581500,29792,16651
1754581560,29796,16651
1754581620,29796,16651
1754581680,29796,16651
1754581740,29827,16651
1754581800,29878,16651
1754581860,29878,16651
1754581920,29880,16651
1754581980,29880,16651
1754582040,29884,16651
1754582100,29884,16651
1754582160,29884,16651
1754582220,29884,16651
1754582280,29884,16651
1754582340,29884,16651
1754582400,29884,16651
1754582460,29884,16651
1754582520,29888,16651
1754582580,29888,16651
1754582640,29888,16651
1754582700,29890,16651
1754582760,29892,16651
1754582820,29894,16651
1754582880,29896,16651
1754582940,29896,16651
1754583000,29896,16651
1754583060,29896,16651
1754583120,29896,16651
1754583180,29896,16651
1754583240,29896,16651
1754583300,29896,16651
1754583360,29896,16651
1754583420,29896,16651
1754583480,29896,16651
1754583540,29896,16651
1754583600,29896,16651
1754583660,29896,16651
1754583720,29896,16651
1754583780,29896,16651
1754583840,29896,16651
1754583900,29896,16651
1754583960,29896,16651
1754584020,29896,16651
1754584080,29896,16651
1754584140,29896,16651
1754584200,29936,16651
1754584260,29956,16651
1754584320,29972,16651
1754584380,29972,16651
1754584440,29972,16651
1754584500,29972,16651
1754584560,29976,16651
1754584620,29976,16651
1754584680,29976,16651
1754584740,29976,16651
1754584800,29976,16651
1754584860,29978,16651
1754584920,29978,16651
1754584980,29978,16651
1754585040,29978,16651
1754585100,29978,16651
1754585160,29978,16651
1754585220,29978,16651
1754585280,29978,16651
1754585340,29978,16651
1754585400,29978,16651
1754585460,29980,16651
1754585520,29980,16651
1754585580,29980,16651
1754585640,29982,16651
1754585700,29984,16651
1754585760,29994,16651
1754585820,29998,16651
1754585880,29998,16651
1754585940,29998,16651
1754586000,29998,16651
1754586060,29998,16651
1754586120,29998,16651
1754586180,29998,16651
1754586240,29998,16651
1754586300,29998,16651
1754586360,29998,16651
1754586420,29998,16651
1754586480,30000,16651
1754586540,30002,16651
1754586600,30002,16651
1754586660,30002,16651
1754586720,30004,16651
1754586780,30008,16651
1754586840,30008,16651
1754586900,30008,16651
1754586960,30008,16651
1754587020,30008,16651
1754587080,30008,16651
1754587140,30008,16651
1754587200,30008,16651
1754587260,30008,16651
1754587320,30008,16651
1754587380,30008,16651
1754587440,30008,16651
1754587500,30008,16651
1754587560,30008,16651
1754587620,30008,16651
1754587680,30008,16651
1754587740,30010,16651
1754587800,30010,16651
1754587860,30010,16651
1754587920,30012,16651
1754587980,30012,16651
1754588040,30012,16651
1754588100,30012,16651
1754588160,30012,16651
1754588220,30012,16651
1754588280,30012,16651
1754588340,30012,16651
1754588400,30012,16651
1754588460,30012,16651
1754588520,30012,16651
1754588580,30012,16651
1754588640,30012,16651
1754588700,30012,16651
1754588760,30012,16651
1754588820,30012,16651
1754588880,30012,16651
1754588940,30012,16651
1754589000,30012,16651
1754589060,30012,16651
1754589120,30012,16651
1754589180,30012,16651
1754589240,30012,16651
1754589300,30012,16651
1754589360,30012,16651
1754589420,30012,16651
1754589480,30012,16651
1754589540,30012,16651
1754589600,30014,16651
1754589660,30014,16651
1754589720,30014,16651
1754589780,30014,16651
1754589840,30014,16651
1754589900,30016,16651
1754589960,30016,16651
1754590020,30016,16651
1754590080,30018,16651
1754590140,30024,16651
1754590200,30024,16651
1754590260,30024,16651
1754590320,30024,16651
1754590380,30024,16651
1754590440,30024,16651
1754590500,30026,16651
1754590560,30030,16651
1754590620,30030,16651
1754590680,30034,16651
1754590740,30034,16651
1754590800,30034,16651
1754590860,30034,16651
1754590920,30034,16651
1754590980,30034,16651
1754591040,30034,16651
1754591100,30034,16651
1754591160,30034,16651
1754591220,30034,16651
1754591280,30036,16651
1754591340,30038,16651
1754591400,30038,16651
1754591460,30038,16651
1754591520,30038,16651
1754591580,30040,16651
1754591640,30040,16651
1754591700,30050,16651
1754591760,30066,16651
1754591820,30070,16651
1754591880,30070,16651
1754591940,30070,16651
1754592000,30076,16651
1754592060,30076,16651
1754592120,30076,16651
1754592180,30076,16651
1754592240,30088,16651
1754592300,30088,16651
1754592360,30089,16651
1754592420,30106,16651
1754592480,30106,16651
1754592540,30118,16651
1754592600,30118,16651
1754592660,30130,16651
1754592720,30136,16651
1754592780,30170,16651
1754592840,30170,16651
1754592900,30170,16651
1754592960,30170,16651
1754593020,30170,16651
1754593080,30170,16651
1754593140,30176,16651
1754593200,30182,16651
1754593260,30188,16651
1754593320,30188,16651
1754593380,30194,16651
1754593440,30200,16651
1754593500,30223,16672
1754593560,30225,16672
1754593620,30231,16672
1754593680,30245,16672
1754593740,30274,16693
1754593800,30276,16693
1754593860,30294,16693
1754593920,30302,16693
1754593980,30331,16714
1754594040,30339,16714
1754594100,30339,16714
1754594160,30341,16714
1754594220,30371,16714
1754594280,30371,16714
1754594340,30375,16714
1754594400,30375,16714
1754594460,30381,16714
1754594520,30381,16714
1754594580,30381,16714
1754594640,30385,16714
1754594700,30425,16714
1754594760,30467,16714
1754594820,30477,16714
1754594880,30483,16714
1754594940,30491,16714
1754595000,30511,16714
1754595060,30527,16714
1754595120,30527,16714
1754595180,30527,16714
1754595240,30527,16714
1754595300,30527,16714
1754595360,30527,16714
1754595420,30527,16714
1754595480,30527,16714
1754595540,30527,16714
1754595600,30531,16714
1754595660,30609,16714
1754595720,30647,16714
1754595780,30717,16714
1754595840,30745,16714
1754595900,30789,16714
1754595960,30803,16714
1754596020,30857,16714
1754596080,30859,16714
1754596140,30933,16714
1754596200,30933,16714
1754596260,30998,16714
1754596320,31039,16714
1754596380,31053,16714
1754596440,31101,16714
1754596500,31125,16714
1754596560,31161,16714
1754596620,31170,16714
1754596680,31194,16714
1754596740,31217,16714
1754596800,31235,16714
1754596860,31247,16714
1754596920,31336,16714
1754596980,31429,16714
1754597040,31497,16714
1754597100,31557,16714
1754597160,31627,16714
1754597220,31695,16714
1754597280,31755,16714
1754597340,31787,16714
1754597400,31823,16714
1754597460,31849,16714
1754597520,31865,16714
1754597580,31929,16714
1754597640,31983,16714
1754597700,32005,16714
1754597760,32019,16714
1754597820,32047,16714
1754597880,32071,16714
1754597940,32081,16714
1754598000,32105,16714
1754598060,32119,16714
1754598120,32119,16714
1754598180,32121,16714
1754598240,32125,16714
1754598300,32127,16714
1754598360,32127,16714
1754598420,32127,16714
1754598480,32129,16714
1754598540,32129,16714
1754598600,32135,16714
1754598660,32173,16714
1754598720,32229,16714
1754598780,32289,16714
1754598840,32353,16714
1754598900,32405,16714
1754598960,32469,16714
1754599020,32523,16714
1754599080,32573,16714
1754599140,32601,16714
1754599200,32621,16714
1754599260,32645,16714
1754599320,32655,16714
1754599380,32679,16714
1754599440,32691,16714
1754599500,32693,16714
1754599560,32703,16714
1754599620,32715,16714
1754599680,32727,16714
1754599740,32729,16714
1754599800,32733,16714
1754599860,32733,16714
1754599920,32733,16714
1754599980,32733,16714
1754600040,32733,16714
1754600100,32733,16714
1754600160,32737,16714
1754600220,32761,16714
1754600280,32777,16714
1754600340,32777,16714
1754600400,32777,16714
1754600460,32777,16714
1754600520,32777,16714
1754600580,32777,16714
1754600640,32779,16714
1754600700,32779,16714
1754600760,32779,16714
1754600820,32779,16714
1754600880,32781,16714
1754600940,32781,16714
1754601000,32781,16714
1754601060,32781,16714
1754601120,32781,16714
1754601180,32781,16714
1754601240,32781,16714
1754601300,32781,16714
1754601360,32781,16714
1754601420,32781,16714
1754601480,32781,16714
1754601540,32781,16714
1754601600,32781,16714
1754601660,32783,16714
1754601720,32783,16714
1754601780,32783,16714
1754601840,32785,16714
1754601900,32787,16714
1754601960,32795,16714
1754602020,32799,16714
1754602080,32803,16714
1754602140,32805,16714
1754602200,32849,16714
1754602260,32891,16714
1754602320,32991,16714
1754602380,33033,16714
1754602440,33075,16714
1754602500,33119,16714
1754602560,33169,16714
1754602620,33209,16714
1754602680,33237,16714
1754602740,33277,16714
1754602800,33316,16714
1754602860,33357,16714
1754602920,33397,16714
1754602980,33437,16714
1754603040,33465,16714
1754603100,33509,16714
1754603160,33557,16714
1754603220,33603,16714
1754603280,33643,16714
1754603340,33693,16714
1754603400,33735,16714
1754603460,33776,16714
1754603520,33819,16714
1754603580,33863,16714
1754603640,33905,16714
1754603700,33949,16714
1754603760,33991,16714
1754603820,34005,16714
1754603880,34005,16714
1754603940,34007,16714
1754604000,34009,16714
1754604060,34009,16714
1754604120,34009,16714
1754604180,34009,16714
1754604240,34009,16714
1754604300,34009,16714
1754604360,34009,16714
1754604420,34011,16714
1754604480,34017,16714
1754604540,34019,16714
1754604600,34021,16714
1754604660,34021,16714
1754604720,34021,16714
1754604780,34027,16714
1754604840,34031,16714
1754604900,34035,16714
1754604960,34035,16714
1754605020,34037,16714
1754605080,34037,16714
1754605140,34039,16714
1754605200,34039,16714
1754605260,34039,16714
1754605320,34039,16714
1754605380,34039,16714
1754605440,34039,16714
1754605500,34041,16714
1754605560,34043,16714
1754605620,34047,16714
1754605680,34047,16714
1754605740,34047,16714
1754605800,34047,16714
1754605860,34049,16714
1754605920,34049,16714
1754605980,34049,16714
1754606040,34049,16714
1754606100,34051,16714
1754606160,34051,16714
1754606220,34051,16714
1754606280,34051,16714
1754606340,34051,16714
1754606400,34051,16714
1754606460,34051,16714
1754606520,34051,16714
1754606580,34051,16714
1754606640,34051,16714
1754606700,34051,16714
1754606760,34051,16714
1754606820,34051,16714
1754606880,34051,16714
1754606940,34051,16714
1754607000,34051,16714
1754607060,34051,16714
1754607120,34051,16714
1754607180,34051,16714
1754607240,34051,16714
1754607300,34051,16714
1754607360,34051,16714
1754607420,34053,16714
1754607480,34055,16714
1754607540,34057,16714
1754607600,34057,16714
1754607660,34059,16714
1754607720,34059,16714
1754607780,34063,16714
1754607840,34063,16714
1754607900,34065,16714
1754607960,34069,16714
1754608020,34071,16714
1754608080,34073,16714
1754608140,34083,16714
1754608200,34087,16714
1754608260,34093,16714
1754608320,34095,16714
1754608380,34095,16714
1754608440,34095,16714
1754608500,34095,16714
1754608560,34095,16714
1754608620,34095,16714
1754608680,34103,16714
1754608740,34105,16714
1754608800,34107,16714
1754608860,34109,16714
1754608920,34111,16714
1754608980,34113,16714
1754609040,34117,16714
1754609100,34119,16714
