1754470860,-72.93825,24.03809,1653.54
1754470920,-69.2798,24.65332,1653.54
1754470980,-65.55543,25.26856,1653.54
1754471040,-61.79811,25.90577,1653.54
1754471100,-57.98585,26.56495,1653.54
1754471160,-54.14063,27.25708,1653.54
1754471220,-50.2295,27.93824,1653.54
1754471280,-46.26344,28.63038,1653.54
1754471340,-42.24244,29.3335,1653.54
1754471400,-38.18848,30.04761,1653.54
1754471460,-34.0796,30.76172,1653.54
1754471520,-29.90479,31.46485,1653.54
1754471580,-25.68604,32.15699,1653.54
1754471640,-21.42334,32.82715,1653.54
1754471700,-17.09473,33.48633,1653.54
1754471760,-12.74414,34.13453,1653.54
1754471820,-8.33862,34.74976,1653.54
1754471880,-3.88916,35.33204,1653.54
1754471940,0.58228,35.88136,1653.54
1754472000,5.10864,36.39771,1653.54
1754472060,9.646,36.88111,1653.54
1754472120,14.20533,37.30958,1653.54
1754472180,18.76465,37.70509,1653.54
1754472240,23.35694,38.04566,1653.54
1754472300,27.92725,38.34229,1653.54
1754472360,32.49756,38.59498,1653.54
1754472420,37.05689,38.80372,1653.54
1754472480,41.58326,38.95753,1653.54
1754472540,46.08765,39.06739,1653.54
1754472600,50.5481,39.13331,1653.54
1754472660,54.96461,39.16627,1653.54
1754472720,59.33717,39.15528,1653.54
1754472780,63.66578,39.10035,1653.54
1754472840,67.93947,39.03443,1653.54
1754472900,72.1692,38.92457,1653.54
1754472960,76.33302,38.79273,1653.54
1754473020,80.43092,38.62794,1653.54
1754473080,84.48488,38.43018,1653.54
1754473140,88.47292,38.23243,1653.54
1754473200,92.41701,38.0127,1653.54
1754473260,96.28419,37.78199,1653.54
1754473320,98.96486,37.60621,1653.54
1754473380,-63.02858,-2.96631,1653.54
1754473440,-59.01857,-3.02124,1653.54
1754473500,-55.03053,-3.04321,1653.54
1754473560,-50.99854,-3.06519,1653.54
1754473620,-46.91163,-3.07617,1653.54
1754473680,-42.78077,-3.06519,1653.54
1754473740,-38.61695,-3.04321,1653.54
1754473800,-34.3982,-3.02124,1653.54
1754473860,-30.15748,-2.99927,1653.54
1754473920,-25.87281,-2.95532,1653.54
1754473980,-21.56617,-2.92236,1653.54
1754474040,-17.22657,-2.86743,1653.54
1754474100,-12.85401,-2.80151,1653.54
1754474160,-8.47046,-2.74658,1653.54
1754474220,-4.07593,-2.69165,1653.54
1754474280,0.35156,-2.62573,1653.54
1754474340,4.77905,-2.55981,1653.54
1754474400,9.19556,-2.47192,1653.54
1754474460,13.61206,-2.41699,1653.54
1754474520,18.01758,-2.35107,1653.54
1754474580,22.4231,-2.28516,1653.54
1754474640,26.81763,-2.24121,1653.54
1754474700,31.1792,-2.18628,1653.54
1754474760,35.52979,-2.15332,1653.54
1754474820,39.84742,-2.12036,1653.54
1754474880,44.13209,-2.10938,1653.54
1754474940,48.3838,-2.10938,1653.54
1754475000,52.58057,-2.12036,1653.54
1754475060,56.7444,-2.15332,1653.54
1754475120,60.87526,-2.17529,1653.54
1754475180,64.95118,-2.23023,1653.54
1754475240,68.99416,-2.28516,1653.54
1754475300,72.99318,-2.37305,1653.54
1754475360,76.9153,-2.4939,1653.54
1754475420,80.72755,-2.46094,1653.54
1754475480,84.70461,-2.71362,1653.54
1754475540,88.07741,-2.83447,1653.54
1754475600,88.07741,-2.83447,1653.54
1754475660,88.07741,-2.83447,1653.54
1754475720,88.07741,-2.83447,1653.54
1754475780,88.07741,-2.83447,1653.54
1754475840,88.07741,-2.83447,1653.54
1754475900,88.07741,-2.83447,1653.54
1754475960,113.21413,-4.3396,1653.54
1754476020,113.21413,-4.3396,1653.54
1754476080,113.21413,-4.3396,1653.54
1754476140,113.21413,-4.3396,1653.54
1754476200,113.21413,-4.3396,1653.54
1754476260,-30.56397,-38.40821,1653.54
1754476320,-26.18042,-38.1775,1653.54
1754476380,-21.78589,-37.92481,1653.54
1754476440,-17.36939,-37.65015,1653.54
1754476500,-12.96387,-37.30958,1653.54
1754476560,-8.54737,-36.95802,1653.54
1754476620,-58.28248,15.12818,1653.54
1754476680,-82.96877,38.10059,1653.54
1754476740,-79.61794,38.70484,1653.54
1754476800,-76.22316,39.34205,1653.54
1754476860,-72.78444,40.00123,1653.54
1754476920,-69.30177,40.68238,1653.54
1754476980,-65.76417,41.36353,1653.54
1754477040,-62.17164,42.07764,1653.54
1754477100,-58.52418,42.79176,1653.54
1754477160,-54.79981,43.50587,1653.54
1754477220,-51.02052,44.23096,1653.54
1754477280,-47.14234,44.95606,1653.54
1754477340,-43.2422,45.70313,1653.54
1754477400,-39.25416,46.41724,1653.54
1754477460,-35.2002,47.12037,1653.54
1754477520,-31.06934,47.83448,1653.54
1754477580,-26.86158,48.50465,1653.54
1754477640,-22.57691,49.15284,1653.54
1754477700,-18.20435,49.79005,1653.54
1754477760,-13.80982,50.38331,1653.54
1754477820,-9.31641,50.94361,1653.54
1754477880,-4.76807,51.45997,1653.54
1754477940,-0.16479,51.95435,1653.54
1754478000,4.49341,52.39381,1653.54
1754478060,9.19556,52.76734,1653.54
1754478120,13.88672,53.09693,1653.54
1754478180,18.66578,53.38258,1653.54
1754478240,23.40088,53.61329,1653.54
1754478300,28.16895,53.78907,1653.54
1754478360,32.91504,53.88795,1653.54
1754478420,37.63917,53.95387,1653.54
1754478480,42.33033,53.95387,1653.54
1754478540,46.99952,53.90992,1653.54
1754478600,51.61378,53.82203,1653.54
1754478660,56.17311,53.69019,1653.54
1754478720,60.6775,53.51441,1653.54
1754478780,65.10499,53.30567,1653.54
1754478840,69.46657,53.06397,1653.54
1754478900,73.75124,52.77833,1653.54
1754478960,77.20094,52.52564,1653.54
1754479020,-74.84987,-21.80787,1653.54
1754479080,-71.0486,-22.08252,1653.54
1754479140,-67.13747,-22.33521,1653.54
1754479200,-63.18238,-22.57691,1653.54
1754479260,-59.18336,-22.81861,1653.54
1754479320,-55.1294,-23.02735,1653.54
1754479380,-51.0315,-23.23609,1653.54
1754479440,-46.87867,-23.41187,1653.54
1754479500,-42.68189,-23.58765,1653.54
1754479560,-38.47413,-23.74146,1653.54
1754479620,-34.22242,-23.88428,1653.54
1754479680,-29.90479,-23.98316,1653.54
1754479740,-25.56519,-24.09302,1653.54
1754479800,-21.2146,-24.16993,1653.54
1754479860,-16.83106,-24.22486,1653.54
1754479920,-12.43653,-24.24683,1653.54
1754479980,-7.99805,-24.25782,1653.54
1754480040,-3.57056,-24.23584,1653.54
1754480100,0.85693,-24.21387,1653.54
1754480160,5.29541,-24.15894,1653.54
1754480220,9.73389,-24.07105,1653.54
1754480280,14.16138,-23.98316,1653.54
1754480340,18.55591,-23.86231,1653.54
1754480400,22.92847,-23.71949,1653.54
1754480460,27.29004,-23.58765,1653.54
1754480520,31.62964,-23.45581,1653.54
1754480580,35.9253,-23.29102,1653.54
1754480640,40.17701,-23.12622,1653.54
1754480700,44.41773,-22.96143,1653.54
1754480760,48.59254,-22.78565,1653.54
1754480820,52.73438,-22.63184,1653.54
1754480880,56.8213,-22.47803,1653.54
1754480940,60.85328,-22.31324,1653.54
1754481000,64.86329,-22.17041,1653.54
1754481060,68.81837,-22.03858,1653.54
1754481120,72.70753,-21.90674,1653.54
1754481180,76.56374,-21.79688,1653.54
1754481240,80.36501,-21.71997,1653.54
1754481300,84.12233,-21.63208,1653.54
1754481360,87.84669,-21.57715,1653.54
1754481420,91.50514,-21.53321,1653.54
1754481480,95.13063,-21.50025,1653.54
1754481540,98.72316,-21.50025,1653.54
1754481600,102.26076,-21.52222,1653.54
1754481660,105.08424,-21.53321,1653.54
1754481720,105.08424,-21.53321,1653.54
1754481780,105.08424,-21.53321,1653.54
1754481840,105.08424,-21.53321,1653.54
1754481900,105.08424,-21.53321,1653.54
1754481960,105.08424,-21.53321,1653.54
1754482020,105.08424,-21.53321,1653.54
1754482080,105.08424,-21.53321,1653.54
1754482140,105.08424,-21.53321,1653.54
1754482200,105.08424,-21.53321,1653.54
1754482260,105.08424,-21.53321,1653.54
1754482320,105.15016,-21.53321,1653.54
1754482380,105.15016,-21.53321,1653.54
1754482440,105.15016,-21.53321,1653.54
1754482500,105.15016,-21.53321,1653.54
1754482560,105.15016,-21.53321,1653.54
1754482620,105.15016,-21.53321,1653.54
1754482680,105.15016,-21.53321,1653.54
1754482740,105.15016,-21.53321,1653.54
1754482800,-20.18189,45.84595,1653.54
1754482860,-81.83717,46.27442,1653.54
1754482920,-78.58522,46.82374,1653.54
1754482980,-75.27834,47.38404,1653.54
1754483040,-71.90553,47.9773,1653.54
1754483100,-68.4778,48.58155,1653.54
1754483160,-64.99512,49.1858,1653.54
1754483220,-61.45753,49.80103,1653.54
1754483280,-57.82106,50.42725,1653.54
1754483340,-54.12965,51.06446,1653.54
1754483400,-50.36134,51.69068,1653.54
1754483460,-46.51612,52.30592,1653.54
1754483520,-42.58302,52.92115,1653.54
1754483580,-38.58399,53.5254,1653.54
1754483640,-34.48609,54.10767,1653.54
1754483700,-30.33326,54.67896,1653.54
1754483760,-26.07056,55.22828,1653.54
1754483820,-21.74195,55.74464,1653.54
1754483880,-17.33643,56.22804,1653.54
1754483940,-12.85401,56.68946,1653.54
1754484000,-8.28369,57.09596,1653.54
1754484060,-3.64746,57.46949,1653.54
1754484120,1.0437,57.79908,1653.54
1754484180,5.7898,58.07374,1653.54
1754484240,10.55786,58.30445,1653.54
1754484300,15.36988,58.46925,1653.54
1754484360,20.20386,58.5901,1653.54
1754484420,25.03785,58.64503,1653.54
1754484480,29.88282,58.65602,1653.54
1754484540,34.69483,58.61207,1653.54
1754484600,39.48487,58.49122,1653.54
1754484660,44.23096,58.3484,1653.54
1754484720,48.93311,58.15065,1653.54
1754484780,53.53638,57.90895,1653.54
1754484840,58.11769,57.6233,1653.54
1754484900,62.62208,57.28273,1653.54
1754484960,67.0276,56.90919,1653.54
1754485020,71.37819,56.51368,1653.54
1754485080,75.6299,56.08522,1653.54
1754485140,79.8047,55.62379,1653.54
1754485200,83.21046,55.22828,1653.54
1754485260,-52.29493,-41.33057,1653.54
1754485320,-48.09815,-41.6272,1653.54
1754485380,-43.84644,-41.90186,1653.54
1754485440,-39.55079,-42.16553,1653.54
1754485500,-35.21119,-42.38526,1653.54
1754485560,-30.82764,-42.58302,1653.54
1754485620,-26.41114,-42.74781,1653.54
1754485680,-21.97266,-42.86866,1653.54
1754485740,-17.50122,-42.95655,1653.54
1754485800,-13.0188,-43.01148,1653.54
1754485860,-8.52539,-43.04444,1653.54
1754485920,-4.021,-43.02247,1653.54
1754485980,0.4834,-42.96754,1653.54
1754486040,4.95483,-42.87965,1653.54
1754486100,9.44824,-42.74781,1653.54
1754486160,13.89771,-42.61597,1653.54
1754486220,18.3252,-42.42921,1653.54
1754486280,22.73072,-42.24244,1653.54
1754486340,27.0813,-41.98975,1653.54
1754486400,31.38795,-41.74805,1653.54
1754486460,35.65064,-41.48438,1653.54
1754486520,39.86939,-41.19874,1653.54
1754486580,44.03321,-40.90211,1653.54
1754486640,48.15308,-40.59449,1653.54
1754486700,52.21803,-40.27589,1653.54
1754486760,56.22804,-39.97926,1653.54
1754486820,60.18312,-39.66065,1653.54
1754486880,64.08326,-39.36402,1653.54
1754486940,67.9175,-39.0564,1653.54
1754487000,71.71877,-38.75977,1653.54
1754487060,75.43214,-38.47413,1653.54
1754487120,76.25612,-38.43018,1653.54
1754487180,76.25612,-38.43018,1653.54
1754487240,76.25612,-38.43018,1653.54
1754487300,76.25612,-38.43018,1653.54
1754487360,76.25612,-38.43018,1653.54
1754487420,60.02931,-21.9397,1653.54
1754487480,-65.86304,-2.70264,1653.54
1754487540,-61.95192,-2.31812,1653.54
1754487600,-58.00782,-1.91162,1653.54
1754487660,-54.03077,-1.49414,1653.54
1754487720,-50.00977,-1.0437,1653.54
1754487780,-45.94483,-0.58228,1653.54
1754487840,-41.84693,-0.08789,1653.54
1754487900,-37.6941,0.41748,1653.54
1754487960,-33.53028,0.93384,1653.54
1754488020,-29.31153,1.4502,1653.54
1754488080,-25.05982,1.99951,1653.54
1754488140,-20.77515,2.54883,1653.54
1754488200,-16.47949,3.09815,1653.54
1754488260,-12.15088,3.65845,1653.54
1754488320,-7.80029,4.20776,1653.54
1754488380,-3.42773,4.75708,1653.54
1754488440,0.95581,5.29541,1653.54
1754488500,5.35034,5.84473,1653.54
1754488560,9.75586,6.36108,1653.54
1754488620,14.17237,6.85547,1653.54
1754488680,18.5669,7.34985,1653.54
1754488740,22.96143,7.82227,1653.54
1754488800,27.33399,8.26172,1653.54
1754488860,31.71754,8.6792,1653.54
1754488920,-60.58961,40.80323,1653.54
1754488980,-82.00197,41.09986,1653.54
1754489040,-78.60719,41.50636,1653.54
1754489100,-75.16847,41.93482,1653.54
1754489160,-71.68581,42.36329,1653.54
1754489220,-68.11525,42.81373,1653.54
1754489280,-64.48975,43.28614,1653.54
1754489340,-60.79835,43.73658,1653.54
1754489400,-57.04103,44.20899,1653.54
1754489460,-53.25074,44.67042,1653.54
1754489520,-49.35059,45.15382,1653.54
1754489580,-45.41749,45.61524,1653.54
1754489640,-41.38551,46.07667,1653.54
1754489700,-37.27662,46.52711,1653.54
1754489760,-33.10181,46.96656,1653.54
1754489820,-28.88306,47.39503,1653.54
1754489880,-24.58741,47.79053,1653.54
1754489940,-20.22583,48.16407,1653.54
1754490000,-15.80933,48.51563,1653.54
1754490060,-11.31592,48.82325,1653.54
1754490120,-6.78955,49.09791,1653.54
1754490180,-2.21924,49.33961,1653.54
1754490240,2.41699,49.53736,1653.54
1754490300,7.06421,49.68018,1653.54
1754490360,11.7334,49.79005,1653.54
1754490420,16.43555,49.83399,1653.54
1754490480,21.1377,49.83399,1653.54
1754490540,25.81787,49.79005,1653.54
1754490600,30.50904,49.69117,1653.54
1754490660,35.16724,49.55933,1653.54
1754490720,39.79249,49.36158,1653.54
1754490780,44.39576,49.11988,1653.54
1754490840,48.93311,48.85621,1653.54
1754490900,53.43751,48.53761,1653.54
1754490960,57.89796,48.18604,1653.54
1754491020,62.29249,47.79053,1653.54
1754491080,-61.99586,-52.4817,1653.54
1754491140,-64.69849,-52.84425,1653.54
1754491200,-60.6006,-53.19581,1653.54
1754491260,-56.43678,-53.53638,1653.54
1754491320,-52.20704,-53.844,1653.54
1754491380,-47.93336,-54.12965,1653.54
1754491440,-43.58277,-54.38233,1653.54
1754491500,-39.18824,-54.59107,1653.54
1754491560,-34.74976,-54.77784,1653.54
1754491620,-30.26734,-54.92066,1653.54
1754491680,-25.74097,-55.03053,1653.54
1754491740,-21.19263,-55.09644,1653.54
1754491800,-16.6333,-55.11842,1653.54
1754491860,-12.07398,-55.10743,1653.54
1754491920,-7.49268,-55.03053,1653.54
1754491980,-2.94434,-54.94263,1653.54
1754492040,1.63696,-54.78883,1653.54
1754492100,6.15234,-54.60206,1653.54
1754492160,10.63477,-54.37135,1653.54
1754492220,15.1062,-54.10767,1653.54
1754492280,19.52271,-53.81104,1653.54
1754492340,23.88428,-53.49244,1653.54
1754492400,28.2129,-53.15186,1653.54
1754492460,32.4646,-52.77833,1653.54
1754492520,36.6504,-52.38282,1653.54
1754492580,40.79224,-51.96534,1653.54
1754492640,44.87916,-51.54786,1653.54
1754492700,48.88917,-51.10841,1653.54
1754492760,52.84425,-50.66895,1653.54
1754492820,56.73341,-50.2295,1653.54
1754492880,60.55665,-49.77906,1653.54
1754492940,64.31397,-49.35059,1653.54
1754493000,68.01637,-48.90015,1653.54
1754493060,70.71901,-48.59254,1653.54
1754493120,70.78493,-48.58155,1653.54
1754493180,70.78493,-48.58155,1653.54
1754493240,70.78493,-48.58155,1653.54
1754493300,-16.18286,15.98511,1653.54
1754493360,-64.40186,16.60034,1653.54
1754493420,-60.57862,17.19361,1653.54
1754493480,-56.72242,17.77588,1653.54
1754493540,-52.81129,18.39112,1653.54
1754493600,-48.8672,19.01734,1653.54
1754493660,-44.85719,19.65454,1653.54
1754493720,-40.81422,20.30274,1653.54
1754493780,-36.7273,20.96192,1653.54
1754493840,-32.58545,21.6211,1653.54
1754493900,-28.38868,22.28028,1653.54
1754493960,-24.14795,22.91748,1653.54
1754494020,-19.88526,23.57666,1653.54
1754494080,-15.53467,24.21387,1653.54
1754494140,-11.18408,24.84009,1653.54
1754494200,-6.80054,25.43335,1653.54
1754494260,-2.38403,26.00464,1653.54
1754494320,2.07642,26.54297,1653.54
1754494380,6.54785,27.07032,1653.54
1754494440,11.01929,27.54273,1653.54
1754494500,15.5127,27.98218,1653.54
1754494560,20.00611,28.41065,1653.54
1754494620,-98.54738,26.04859,1653.54
1754494680,-95.71291,26.09253,1653.54
1754494740,-92.31813,26.26831,1653.54
1754494800,-88.87941,26.4441,1653.54
1754494860,-85.39674,26.65284,1653.54
1754494920,-81.87013,26.87256,1653.54
1754494980,-78.31056,27.11426,1653.54
1754495040,-74.69606,27.36695,1653.54
1754495100,-71.02663,27.64161,1653.54
1754495160,-67.33522,27.91626,1653.54
1754495220,-63.56691,28.2129,1653.54
1754495280,-59.72169,28.50953,1653.54
1754495340,-55.88746,28.80616,1653.54
1754495400,-51.95435,29.11378,1653.54
1754495460,-47.96632,29.43238,1653.54
1754495520,-43.93433,29.75098,1653.54
1754495580,-39.83643,30.0586,1653.54
1754495640,-35.70557,30.36622,1653.54
1754495700,-31.51978,30.66285,1653.54
1754495760,-27.27906,30.94849,1653.54
1754495820,-22.9834,31.21216,1653.54
1754495880,-18.65479,31.47584,1653.54
1754495940,-14.27124,31.69556,1653.54
1754496000,-9.84375,31.92628,1653.54
1754496060,-5.40527,32.10205,1653.54
1754496120,-0.91187,32.24488,1653.54
1754496180,3.60352,32.37671,1653.54
1754496240,8.12988,32.47559,1653.54
1754496300,12.65625,32.51954,1653.54
1754496360,17.19361,32.54151,1653.54
1754496420,21.73096,32.51954,1653.54
1754496480,26.26831,32.4646,1653.54
1754496540,30.79468,32.36573,1653.54
1754496600,35.28809,32.23389,1653.54
1754496660,39.75953,32.08008,1653.54
1754496720,44.19801,31.87134,1653.54
1754496780,48.61451,31.62964,1653.54
1754496840,52.9651,31.36597,1653.54
1754496900,57.29371,31.09131,1653.54
1754496960,61.56739,30.76172,1653.54
1754497020,65.79713,30.42115,1653.54
1754497080,69.96095,30.04761,1653.54
1754497140,-66.3794,-53.22877,1653.54
1754497200,-72.44386,-53.40455,1653.54
1754497260,-68.40089,-53.66822,1653.54
1754497320,-64.32496,-53.90992,1653.54
1754497380,-60.16114,-54.12965,1653.54
1754497440,-55.96437,-54.33839,1653.54
1754497500,-51.69068,-54.50318,1653.54
1754497560,-47.35108,-54.646,1653.54
1754497620,-42.96754,-54.74488,1653.54
1754497680,-38.54005,-54.8108,1653.54
1754497740,-34.09058,-54.84376,1653.54
1754497800,-29.60816,-54.84376,1653.54
1754497860,-25.0708,-54.79981,1653.54
1754497920,-20.50049,-54.70094,1653.54
1754497980,-15.95215,-54.5691,1653.54
1754498040,-11.40381,-54.4043,1653.54
1754498100,-6.87744,-54.19556,1653.54
1754498160,-2.31812,-53.93189,1653.54
1754498220,2.20825,-53.62428,1653.54
1754498280,6.69067,-53.30567,1653.54
1754498340,11.14014,-52.93214,1653.54
1754498400,15.53467,-52.52564,1653.54
1754498460,19.90723,-52.09718,1653.54
1754498520,24.23584,-51.63575,1653.54
1754498580,28.49854,-51.15235,1653.54
1754498640,32.7063,-50.63599,1653.54
1754498700,36.8921,-50.10865,1653.54
1754498760,41.00098,-49.58131,1653.54
1754498820,45.04395,-49.03199,1653.54
1754498880,49.03199,-48.47169,1653.54
1754498940,52.97608,-47.91138,1653.54
1754499000,56.83229,-47.35108,1653.54
1754499060,60.65553,-46.77979,1653.54
1754499120,64.41285,-46.21949,1653.54
1754499180,67.14845,-45.813,1653.54
1754499240,-68.17018,33.22266,1653.54
1754499300,-64.52271,33.89283,1653.54
1754499360,-60.83131,34.57398,1653.54
1754499420,-57.09596,35.26612,1653.54
1754499480,-53.29469,35.98023,1653.54
1754499540,-49.43848,36.69434,1653.54
1754499600,-45.52735,37.41944,1653.54
1754499660,-41.56129,38.13355,1653.54
1754499720,-37.54029,38.85865,1653.54
1754499780,-33.4314,39.56178,1653.54
1754499840,-29.27857,40.2649,1653.54
1754499900,-25.04883,40.94605,1653.54
1754499960,-20.75318,41.61622,1653.54
1754500020,-16.41358,42.24244,1653.54
1754500080,-12.01904,42.84669,1653.54
1754500140,-7.54761,43.42896,1653.54
1754500200,-3.0542,43.94532,1653.54
1754500260,1.47217,44.4397,1653.54
1754500320,6.04248,44.90113,1653.54
1754500380,10.64575,45.30762,1653.54
1754500440,15.28199,45.6482,1653.54
1754500500,19.90723,45.9668,1653.54
1754500560,24.55445,46.2085,1653.54
1754500620,29.19068,46.42823,1653.54
1754500680,33.80494,46.58204,1653.54
1754500740,38.40821,46.6919,1653.54
1754500800,42.98951,46.75782,1653.54
1754500860,47.52686,46.76881,1653.54
1754500920,52.04224,46.75782,1653.54
1754500980,56.37086,46.68092,1653.54
1754501040,-64.07227,9.43726,1653.54
1754501100,-60.20509,9.53613,1653.54
1754501160,-56.28297,9.63501,1653.54
1754501220,-52.29493,9.74487,1653.54
1754501280,-48.26295,9.85474,1653.54
1754501340,-44.17603,9.99756,1653.54
1754501400,-40.05616,10.1294,1653.54
1754501460,-35.89234,10.26123,1653.54
1754501520,-31.67359,10.38208,1653.54
1754501580,-27.42188,10.51392,1653.54
1754501640,-23.13721,10.65674,1653.54
1754501700,-18.81958,10.77759,1653.54
1754501760,-14.45801,10.89844,1653.54
1754501820,-10.08545,11.0083,1653.54
1754501880,-5.69092,11.11817,1653.54
1754501940,-1.27441,11.21704,1653.54
1754502000,3.15308,11.29395,1653.54
1754502060,7.58057,11.35987,1653.54
1754502120,12.03003,11.4148,1653.54
1754502180,16.49048,11.45874,1653.54
1754502240,20.92896,11.46973,1653.54
1754502300,25.37842,11.48071,1653.54
1754502360,29.79493,11.45874,1653.54
1754502420,34.18946,11.42578,1653.54
1754502480,38.56202,11.37085,1653.54
1754502540,42.91261,11.29395,1653.54
1754502600,47.21925,11.21704,1653.54
1754502660,51.49293,11.09619,1653.54
1754502720,55.73365,10.94238,1653.54
1754502780,45.48341,12.22779,1653.54
1754502840,49.95484,12.64527,1653.54
1754502900,54.19556,12.52442,1653.54
1754502960,58.40333,12.38159,1653.54
1754503020,62.54518,12.2168,1653.54
1754503080,66.66505,12.03003,1653.54
1754503140,70.74098,11.82129,1653.54
1754503200,74.76198,11.60156,1653.54
1754503260,78.47536,11.37085,1653.54
1754503320,-66.59913,-42.93458,1653.54
1754503380,-63.03956,-42.84669,1653.54
1754503440,-58.89772,-42.89063,1653.54
1754503500,-54.74488,-42.91261,1653.54
1754503560,-50.52613,-42.91261,1653.54
1754503620,-46.23048,-42.87965,1653.54
1754503680,-41.93482,-42.80274,1653.54
1754503740,-37.58424,-42.70387,1653.54
1754503800,-33.20069,-42.57203,1653.54
1754503860,-28.80616,-42.38526,1653.54
1754503920,-24.37867,-42.17652,1653.54
1754503980,-19.9292,-41.93482,1653.54
1754504040,-15.47974,-41.64918,1653.54
1754504100,-11.03028,-41.33057,1653.54
1754504160,-6.58081,-40.97901,1653.54
1754504220,-2.14233,-40.5835,1653.54
1754504280,2.29614,-40.17701,1653.54
1754504340,6.70166,-39.71558,1653.54
1754504400,11.09619,-39.23219,1653.54
1754504460,15.45777,-38.72681,1653.54
1754504520,19.81934,-38.21046,1653.54
1754504580,24.12598,-37.67213,1653.54
1754504640,28.39966,-37.11182,1653.54
1754504700,32.65137,-36.52955,1653.54
1754504760,36.85914,-35.96925,1653.54
1754504820,41.02296,-35.37598,1653.54
1754504880,45.12086,-34.79371,1653.54
1754504940,49.19678,-34.21143,1653.54
1754505000,53.22877,-33.61817,1653.54
1754505060,57.21681,-33.04688,1653.54
1754505120,61.14991,-32.49756,1653.54
1754505180,65.03907,-31.93726,1653.54
1754505240,68.87331,-31.39893,1653.54
1754505300,72.66359,-30.87159,1653.54
1754505360,76.4319,-30.36622,1653.54
1754505420,79.20045,-29.9817,1653.54
1754505480,-59.18336,46.56007,1653.54
1754505540,-55.49195,47.24122,1653.54
1754505600,-51.7566,47.91138,1653.54
1754505660,-47.95533,48.58155,1653.54
1754505720,-44.05518,49.25172,1653.54
1754505780,-40.08912,49.9109,1653.54
1754505840,-36.04615,50.55909,1653.54
1754505900,-31.93726,51.18531,1653.54
1754505960,-27.74048,51.77857,1653.54
1754506020,-23.45581,52.38282,1653.54
1754506080,-19.1272,52.94312,1653.54
1754506140,-14.69971,53.44849,1653.54
1754506200,-10.21729,53.94288,1653.54
1754506260,-9.83277,53.96485,1653.54
1754506320,-9.83277,53.96485,1653.54
1754506380,-9.83277,53.96485,1653.54
1754506440,-9.83277,53.96485,1653.54
1754506500,-9.83277,53.96485,1653.54
1754506560,-9.83277,53.96485,1653.54
1754506620,-9.83277,53.96485,1653.54
1754506680,-9.83277,53.96485,1653.54
1754506740,-9.83277,53.96485,1653.54
1754506800,-67.21437,-10.25025,1653.54
1754506860,-63.30323,-10.3711,1653.54
1754506920,-59.33717,-10.48096,1653.54
1754506980,-55.31617,-10.59082,1653.54
1754507040,-51.26221,-10.67871,1653.54
1754507100,-47.16431,-10.74463,1653.54
1754507160,-43.02247,-10.82154,1653.54
1754507220,-38.83668,-10.87647,1653.54
1754507280,-34.61793,-10.92041,1653.54
1754507340,-30.36622,-10.95337,1653.54
1754507400,-26.05957,-10.97534,1653.54
1754507460,-21.74195,-10.97534,1653.54
1754507520,-17.39136,-10.97534,1653.54
1754507580,-13.04077,-10.96436,1653.54
1754507640,-8.64624,-10.9314,1653.54
1754507700,-4.22974,-10.90943,1653.54
1754507760,0.18677,-10.86548,1653.54
1754507820,4.61426,-10.79956,1653.54
1754507880,9.01978,-10.7666,1653.54
1754507940,13.43628,-10.6897,1653.54
1754508000,17.85279,-10.60181,1653.54
1754508060,22.24732,-10.5249,1653.54
1754508120,26.61988,-10.448,1653.54
1754508180,30.99244,-10.36011,1653.54
1754508240,35.32105,-10.29419,1653.54
1754508300,39.60572,-10.2063,1653.54
1754508360,43.86842,-10.14038,1653.54
1754508420,48.09815,-10.07446,1653.54
1754508480,52.28394,-10.01953,1653.54
1754508540,56.42579,-9.97559,1653.54
1754508600,60.52369,-9.93164,1653.54
1754508660,64.57764,-9.89868,1653.54
1754508720,68.57668,-9.89868,1653.54
1754508780,72.47682,-9.8877,1653.54
1754508840,-90.02199,-26.09253,1653.54
1754508900,-87.31935,-25.98267,1653.54
1754508960,-83.51808,-25.97168,1653.54
1754509020,-79.71681,-25.94971,1653.54
1754509080,-75.88258,-25.90577,1653.54
1754509140,-71.97145,-25.82886,1653.54
1754509200,-68.01637,-25.74097,1653.54
1754509260,-64.02833,-25.63111,1653.54
1754509320,-59.99635,-25.48829,1653.54
1754509380,-55.90944,-25.33448,1653.54
1754509440,-51.76759,-25.13672,1653.54
1754509500,-47.60377,-24.917,1653.54
1754509560,-43.40699,-24.68628,1653.54
1754509620,-39.16627,-24.41162,1653.54
1754509680,-34.90357,-24.11499,1653.54
1754509740,-30.6189,-23.7854,1653.54
1754509800,-26.31226,-23.44483,1653.54
1754509860,-21.96167,-23.07129,1653.54
1754509920,-17.62207,-22.6648,1653.54
1754509980,-13.23853,-22.24732,1653.54
1754510040,-8.86597,-21.79688,1653.54
1754510100,-4.47144,-21.32447,1653.54
1754510160,-0.0769,-20.84107,1653.54
1754510220,4.31763,-20.3357,1653.54
1754510280,8.69019,-19.81934,1653.54
1754510340,13.06275,-19.292,1653.54
1754510400,17.41333,-18.76465,1653.54
1754510460,21.73096,-18.21534,1653.54
1754510520,26.07056,-17.67701,1653.54
1754510580,30.35523,-17.12769,1653.54
1754510640,34.61793,-16.58936,1653.54
1754510700,38.86964,-16.06201,1653.54
1754510760,43.06641,-15.54566,1653.54
1754510820,47.2522,-15.0293,1653.54
1754510880,51.39405,-14.53491,1653.54
1754510940,55.50294,-14.05152,1653.54
1754511000,59.56788,-13.59009,1653.54
1754511060,63.59986,-13.13965,1653.54
1754511120,67.56593,-12.71118,1653.54
1754511180,71.51003,-12.31568,1653.54
1754511240,75.42116,-11.93115,1653.54
1754511300,77.959,-11.70044,1653.54
1754511360,-75.11354,44.1211,1653.54
1754511420,-71.66383,44.62647,1653.54
1754511480,-68.15919,45.14283,1653.54
1754511540,-64.6106,45.65919,1653.54
1754511600,-60.98512,46.17554,1653.54
1754511660,-57.3047,46.71387,1653.54
1754511720,-53.54737,47.2522,1653.54
1754511780,-49.71314,47.79053,1653.54
1754511840,-45.813,48.32887,1653.54
1754511900,-41.83595,48.84522,1653.54
1754511960,-37.79298,49.35059,1653.54
1754512020,-33.6731,49.84498,1653.54
1754512080,-29.47632,50.32838,1653.54
1754512140,-57.39259,19.41285,1653.54
1754512200,-95.28444,-26.75171,1653.54
1754512260,-91.65895,-27.10328,1653.54
1754512320,-87.96754,-27.47681,1653.54
1754512380,-84.24318,-27.82837,1653.54
1754512440,-80.48586,-28.16895,1653.54
1754512500,-76.66261,-28.50953,1653.54
1754512560,-72.79543,-28.8501,1653.54
1754512620,-68.89528,-29.16871,1653.54
1754512680,-64.94019,-29.47632,1653.54
1754512740,-60.94117,-29.77295,1653.54
1754512800,-56.88722,-30.04761,1653.54
1754512860,-52.78931,-30.31129,1653.54
1754512920,-48.64747,-30.56397,1653.54
1754512980,-44.4397,-30.7837,1653.54
1754513040,-40.20997,-30.99244,1653.54
1754513100,-35.93629,-31.1792,1653.54
1754513160,-31.61866,-31.344,1653.54
1754513220,-27.26807,-31.47584,1653.54
1754513280,-22.89551,-31.59669,1653.54
1754513340,-18.48999,-31.67359,1653.54
1754513400,-14.0625,-31.75049,1653.54
1754513460,-9.62403,-31.77247,1653.54
1754513520,-5.18555,-31.78345,1653.54
1754513580,-0.7251,-31.75049,1653.54
1754513640,3.74634,-31.71754,1653.54
1754513700,8.1958,-31.62964,1653.54
1754513760,12.63428,-31.53077,1653.54
1754513820,17.06177,-31.39893,1653.54
1754513880,21.44532,-31.24512,1653.54
1754513940,25.7959,-31.09131,1653.54
1754514000,30.12452,-30.90455,1653.54
1754514060,34.42017,-30.70679,1653.54
1754514120,38.67188,-30.49805,1653.54
1754514180,42.90162,-30.28931,1653.54
1754514240,47.06544,-30.06959,1653.54
1754514300,51.1963,-29.83887,1653.54
1754514360,55.27222,-29.61915,1653.54
1754514420,59.30421,-29.39942,1653.54
1754514480,63.29225,-29.20167,1653.54
1754514540,67.22536,-28.99293,1653.54
1754514600,71.11452,-28.80616,1653.54
1754514660,73.92702,-28.67432,1653.54
1754514720,-90.92287,-17.25953,1653.54
1754514780,-87.24245,-17.19361,1653.54
1754514840,-83.51808,-17.08374,1653.54
1754514900,-79.74977,-16.97388,1653.54
1754514960,-75.93752,-16.84204,1653.54
1754515020,-72.10329,-16.68823,1653.54
1754515080,-68.22511,-16.50147,1653.54
1754515140,-64.30299,-16.29273,1653.54
1754515200,-60.3589,-16.073,1653.54
1754515260,-56.3379,-15.82032,1653.54
1754515320,-52.28394,-15.54566,1653.54
1754515380,-48.19703,-15.26001,1653.54
1754515440,-44.05518,-14.93042,1653.54
1754515500,-39.88038,-14.58985,1653.54
1754515560,-35.67262,-14.2273,1653.54
1754515620,-31.44288,-13.83179,1653.54
1754515680,-27.15821,-13.42529,1653.54
1754515740,-22.88453,-12.99683,1653.54
1754515800,-18.57788,-12.56836,1653.54
1754515860,-14.2273,-12.10694,1653.54
1754515920,-9.87671,-11.62354,1653.54
1754515980,-5.53711,-11.14014,1653.54
1754516040,-1.17554,-10.64575,1653.54
1754516100,3.19702,-10.1294,1653.54
1754516160,7.54761,-9.61304,1653.54
1754516220,11.92017,-9.10767,1653.54
1754516280,16.27075,-8.6023,1653.54
1754516340,20.59937,-8.08594,1653.54
1754516400,24.94995,-7.59155,1653.54
1754516460,29.24561,-7.08618,1653.54
1754516520,33.53028,-6.61377,1653.54
1754516580,37.79298,-6.15234,1653.54
1754516640,42.0337,-5.69092,1653.54
1754516700,46.24146,-5.26245,1653.54
1754516760,50.41627,-4.83399,1653.54
1754516820,54.5691,-4.43848,1653.54
1754516880,58.67799,-4.06494,1653.54
1754516940,62.74293,-3.71338,1653.54
1754517000,66.76392,-3.38379,1653.54
1754517060,70.75197,-3.07617,1653.54
1754517120,74.68507,-2.77954,1653.54
1754517180,77.25587,-2.61475,1653.54
1754517240,-82.79298,32.67334,1653.54
1754517300,-79.29933,32.95899,1653.54
1754517360,-75.77272,33.27759,1653.54
1754517420,-72.19118,33.61817,1653.54
1754517480,-68.5547,33.96973,1653.54
1754517540,-64.88526,34.33228,1653.54
1754517600,-61.12794,34.70582,1653.54
1754517660,-57.32667,35.09034,1653.54
1754517720,-53.47047,35.46387,1653.54
1754517780,-49.54835,35.8484,1653.54
1754517840,-45.56031,36.23292,1653.54
1754517900,-41.51734,36.61744,1653.54
1754517960,-37.43043,36.97999,1653.54
1754518020,-34.36524,37.24366,1653.54
1754518080,-99.83278,-41.83595,1653.54
1754518140,-96.22926,-42.29737,1653.54
1754518200,-92.66969,-42.74781,1653.54
1754518260,-89.01125,-43.19825,1653.54
1754518320,-85.26491,-43.65968,1653.54
1754518380,-81.50758,-44.09913,1653.54
1754518440,-77.67336,-44.53858,1653.54
1754518500,-73.79518,-44.96705,1653.54
1754518560,-69.8401,-45.38453,1653.54
1754518620,-65.83009,-45.76905,1653.54
1754518680,-61.79811,-46.15357,1653.54
1754518740,-57.72218,-46.52711,1653.54
1754518800,-53.56934,-46.86768,1653.54
1754518860,-49.33961,-47.18629,1653.54
1754518920,-45.06593,-47.48292,1653.54
1754518980,-40.7483,-47.74659,1653.54
1754519040,-36.39771,-47.98829,1653.54
1754519100,-31.98121,-48.19703,1653.54
1754519160,-27.52076,-48.35084,1653.54
1754519220,-23.06031,-48.49366,1653.54
1754519280,-18.55591,-48.58155,1653.54
1754519340,-14.01856,-48.63648,1653.54
1754519400,-9.49219,-48.65845,1653.54
1754519460,-4.94385,-48.63648,1653.54
1754519520,-0.40649,-48.58155,1653.54
1754519580,4.10889,-48.49366,1653.54
1754519640,8.61328,-48.36182,1653.54
1754519700,13.09571,-48.18604,1653.54
1754519760,17.54517,-47.98829,1653.54
1754519820,21.95069,-47.74659,1653.54
1754519880,26.30127,-47.48292,1653.54
1754519940,30.60792,-47.20826,1653.54
1754520000,34.87061,-46.88966,1653.54
1754520060,39.07838,-46.57105,1653.54
1754520120,43.23121,-46.23048,1653.54
1754520180,47.3401,-45.87891,1653.54
1754520240,51.37208,-45.50538,1653.54
1754520300,55.34913,-45.15382,1653.54
1754520360,59.28224,-44.78028,1653.54
1754520420,63.14943,-44.41773,1653.54
1754520480,66.95069,-44.06617,1653.54
1754520540,70.71901,-43.71461,1653.54
1754520600,71.02663,-43.68165,1653.54
1754520660,71.02663,-43.68165,1653.54
1754520720,71.02663,-43.68165,1653.54
1754520780,71.02663,-43.68165,1653.54
1754520840,71.02663,-43.68165,1653.54
1754520900,-66.53321,13.22754,1653.54
1754520960,-62.64405,13.83179,1653.54
1754521020,-58.76588,14.38111,1653.54
1754521080,-54.86573,14.96338,1653.54
1754521140,-50.92164,15.55664,1653.54
1754521200,-46.9336,16.18286,1653.54
1754521260,-42.87965,16.80909,1653.54
1754521320,-38.79273,17.43531,1653.54
1754521380,-34.66187,18.0835,1653.54
1754521440,-30.47608,18.74268,1653.54
1754521500,-26.26831,19.37989,1653.54
1754521560,-21.99463,20.02808,1653.54
1754521620,-17.69898,20.66529,1653.54
1754521680,-13.37036,21.29151,1653.54
1754521740,-9.00879,21.90674,1653.54
1754521800,-4.59229,22.5,1653.54
1754521860,-0.17578,23.07129,1653.54
1754521920,4.27368,23.60962,1653.54
1754521980,8.73413,24.13697,1653.54
1754522040,13.20557,24.63135,1653.54
1754522100,17.68799,25.08179,1653.54
1754522160,22.17041,25.49927,1653.54
1754522220,26.64185,25.89478,1653.54
1754522280,31.12427,26.22437,1653.54
1754522340,35.56275,26.53199,1653.54
1754522400,40.00123,26.79566,1653.54
1754522460,44.41773,27.01538,1653.54
1754522520,48.79029,27.19117,1653.54
1754522580,53.14088,27.34497,1653.54
1754522640,57.44752,27.46582,1653.54
1754522700,61.71022,27.55371,1653.54
1754522760,65.91798,27.58667,1653.54
1754522820,70.09279,27.60865,1653.54
1754522880,74.21266,27.58667,1653.54
1754522940,78.2776,27.54273,1653.54
1754523000,82.30959,27.49878,1653.54
1754523060,86.26466,27.41089,1653.54
1754523120,90.18678,27.31202,1653.54
1754523180,94.04298,27.20215,1653.54
1754523240,94.71315,27.16919,1653.54
1754523300,94.71315,27.16919,1653.54
1754523360,-1.06567,17.23755,1653.54
1754523420,-64.18214,17.41333,1653.54
1754523480,-60.34791,17.6001,1653.54
1754523540,-56.44777,17.79786,1653.54
1754523600,-52.50367,18.0066,1653.54
1754523660,-48.52662,18.20435,1653.54
1754523720,-44.48365,18.42408,1653.54
1754523780,-40.38575,18.63282,1653.54
1754523840,-36.2439,18.85254,1653.54
1754523900,-32.04712,19.07227,1653.54
1754523960,-27.8064,19.28101,1653.54
1754524020,-23.5437,19.47876,1653.54
1754524080,-19.22608,19.66553,1653.54
1754524140,-14.87549,19.8523,1653.54
1754524200,-10.49195,20.00611,1653.54
1754524260,-96.59181,-51.54786,1653.54
1754524320,-93.09816,-51.98731,1653.54
1754524380,-89.42873,-52.40479,1653.54
1754524440,-85.73732,-52.83326,1653.54
1754524500,-81.98,-53.22877,1653.54
1754524560,-78.15675,-53.62428,1653.54
1754524620,-74.26759,-54.0088,1653.54
1754524680,-70.33449,-54.38233,1653.54
1754524740,-66.31348,-54.73389,1653.54
1754524800,-62.22657,-55.0525,1653.54
1754524860,-58.08473,-55.36012,1653.54
1754524920,-53.85499,-55.63477,1653.54
1754524980,-49.57032,-55.89845,1653.54
1754525040,-45.24171,-56.10719,1653.54
1754525100,-40.84718,-56.29396,1653.54
1754525160,-36.39771,-56.44777,1653.54
1754525220,-31.91529,-56.55763,1653.54
1754525280,-27.38892,-56.62355,1653.54
1754525340,-22.84058,-56.67848,1653.54
1754525400,-18.27027,-56.65651,1653.54
1754525460,-13.68897,-56.61256,1653.54
1754525520,-9.11865,-56.51368,1653.54
1754525580,-4.53735,-56.37086,1653.54
1754525640,0.03296,-56.19508,1653.54
1754525700,4.57031,-55.96437,1653.54
1754525760,9.07471,-55.71168,1653.54
1754525820,13.55713,-55.40406,1653.54
1754525880,17.97364,-55.08546,1653.54
1754525940,22.33521,-54.72291,1653.54
1754526000,26.65284,-54.31641,1653.54
1754526060,30.90455,-53.89893,1653.54
1754526120,35.10133,-53.45948,1653.54
1754526180,39.25416,-52.99805,1653.54
1754526240,43.3191,-52.53663,1653.54
1754526300,47.3401,-52.05323,1653.54
1754526360,51.29517,-51.55885,1653.54
1754526420,55.17335,-51.06446,1653.54
1754526480,58.68898,-50.60303,1653.54
1754526540,-83.01271,28.78419,1653.54
1754526600,-79.45314,29.35547,1653.54
1754526660,-75.91554,29.94874,1653.54
1754526720,-72.34499,30.57496,1653.54
1754526780,-68.73048,31.21216,1653.54
1754526840,-65.07203,31.87134,1653.54
1754526900,-61.36964,32.54151,1653.54
1754526960,-57.60133,33.25562,1653.54
1754527020,-53.77808,33.95875,1653.54
1754527080,-49.92188,34.67286,1653.54
1754527140,-45.99976,35.39796,1653.54
1754527200,-42.0337,36.13404,1653.54
1754527260,-38.00172,36.87012,1653.54
1754527320,-33.89283,37.57325,1653.54
1754527380,-29.74,38.29835,1653.54
1754527440,-25.51026,38.99049,1653.54
1754527500,-21.22559,39.68262,1653.54
1754527560,-16.89698,40.35279,1653.54
1754527620,-12.50244,40.97901,1653.54
1754527680,-8.06397,41.58326,1653.54
1754527740,-3.55957,42.15455,1653.54
1754527800,0.97778,42.68189,1653.54
1754527860,5.53711,43.16529,1653.54
1754527920,10.1294,43.60474,1653.54
1754527980,14.76563,44.00025,1653.54
1754528040,19.39087,44.35181,1653.54
1754528100,24.0271,44.63746,1653.54
1754528160,28.67432,44.87916,1653.54
1754528220,33.29956,45.06593,1653.54
1754528280,37.90284,45.21973,1653.54
1754528340,42.48414,45.31861,1653.54
1754528400,47.03248,45.36256,1653.54
1754528460,51.55885,45.36256,1653.54
1754528520,56.00831,45.31861,1653.54
1754528580,60.42482,45.23072,1653.54
1754528640,64.79737,45.12086,1653.54
1754528700,69.10402,44.96705,1653.54
1754528760,73.35573,44.78028,1653.54
1754528820,77.53053,44.58253,1653.54
1754528880,81.65041,44.34083,1653.54
1754528940,85.71535,44.07716,1653.54
1754529000,89.70338,43.81348,1653.54
1754529060,93.6255,43.52784,1653.54
1754529120,97.51466,43.22022,1653.54
1754529180,100.52492,42.98951,1653.54
1754529240,103.05177,42.71485,1653.54
1754529300,103.05177,42.71485,1653.54
1754529360,103.05177,42.71485,1653.54
1754529420,103.05177,42.71485,1653.54
1754529480,103.05177,42.71485,1653.54
1754529540,103.05177,42.71485,1653.54
1754529600,103.05177,42.71485,1653.54
1754529660,103.05177,42.71485,1653.54
1754529720,103.05177,42.71485,1653.54
1754529780,103.05177,42.71485,1653.54
1754529840,103.05177,42.71485,1653.54
1754529900,103.05177,42.71485,1653.54
1754529960,103.05177,42.71485,1653.54
1754530020,103.05177,42.71485,1653.54
1754530080,103.05177,42.71485,1653.54
1754530140,103.05177,42.71485,1653.54
1754530200,0.86792,-47.66969,1653.54
1754530260,-105.5237,-47.93336,1653.54
1754530320,-102.10695,-48.27393,1653.54
1754530380,-98.54738,-48.59254,1653.54
1754530440,-94.98781,-48.88917,1653.54
1754530500,-91.30739,-49.16383,1653.54
1754530560,-87.56105,-49.44947,1653.54
1754530620,-83.79274,-49.72413,1653.54
1754530680,-79.93654,-49.9878,1653.54
1754530740,-76.03639,-50.21851,1653.54
1754530800,-72.07033,-50.44923,1653.54
1754530860,-68.01637,-50.64698,1653.54
1754530920,-63.92945,-50.82276,1653.54
1754530980,-59.77662,-50.98756,1653.54
1754531040,-55.56886,-51.11939,1653.54
1754531100,-51.31715,-51.22926,1653.54
1754531160,-46.99952,-51.30616,1653.54
1754531220,-42.63795,-51.32813,1653.54
1754531280,-38.24342,-51.32813,1653.54
1754531340,-33.80494,-51.30616,1653.54
1754531400,-29.34449,-51.22926,1653.54
1754531460,-24.86206,-51.13038,1653.54
1754531520,-20.35767,-50.97657,1653.54
1754531580,-15.84229,-50.7898,1653.54
1754531640,-11.32691,-50.55909,1653.54
1754531700,-6.81152,-50.29542,1653.54
1754531760,-2.31812,-49.9878,1653.54
1754531820,2.16431,-49.63624,1653.54
1754531880,6.61377,-49.2627,1653.54
1754531940,11.04126,-48.83424,1653.54
1754532000,15.42481,-48.3838,1653.54
1754532060,19.79737,-47.91138,1653.54
1754532120,24.10401,-47.40601,1653.54
1754532180,28.3667,-46.87867,1653.54
1754532240,32.59644,-46.34034,1653.54
1754532300,36.76026,-45.79102,1653.54
1754532360,40.88013,-45.21973,1653.54
1754532420,44.96705,-44.64845,1653.54
1754532480,48.97706,-44.07716,1653.54
1754532540,52.93214,-43.48389,1653.54
1754532600,56.84327,-42.91261,1653.54
1754532660,60.71046,-42.33033,1653.54
1754532720,63.55592,-41.90186,1653.54
1754532780,-72.66359,44.17603,1653.54
1754532840,-69.21388,44.83521,1653.54
1754532900,-65.72022,45.50538,1653.54
1754532960,-62.16066,46.18653,1653.54
1754533020,-58.53517,46.87867,1653.54
1754533080,-54.85474,47.59278,1653.54
1754533140,-51.09742,48.28492,1653.54
1754533200,-47.28516,48.98804,1653.54
1754533260,-43.396,49.69117,1653.54
1754533320,-39.41895,50.39429,1653.54
1754533380,-35.365,51.05347,1653.54
1754533440,-31.23414,51.72364,1653.54
1754533500,-27.01538,52.37183,1653.54
1754533560,-22.73072,52.98707,1653.54
1754533620,-18.35816,53.56934,1653.54
1754533680,-13.91968,54.11866,1653.54
1754533740,-9.4043,54.63502,1653.54
1754533800,-4.823,55.10743,1653.54
1754533860,-0.17578,55.52491,1653.54
1754533920,4.51538,55.89845,1653.54
1754533980,9.25049,56.22804,1653.54
1754534040,14.00757,56.5027,1653.54
1754534100,18.78662,56.71144,1653.54
1754534160,23.57666,56.8982,1653.54
1754534220,28.37769,56.99708,1653.54
1754534280,33.15674,57.04103,1653.54
1754534340,37.91383,57.05201,1653.54
1754534400,42.63795,57.00807,1653.54
1754534460,47.32911,56.8982,1653.54
1754534520,51.95435,56.75538,1653.54
1754534580,56.52467,56.54664,1653.54
1754534640,61.04005,56.32692,1653.54
1754534700,65.48951,56.05226,1653.54
1754534760,69.85109,55.74464,1653.54
1754534820,74.14674,55.41505,1653.54
1754534880,78.36549,55.0525,1653.54
1754534940,82.49635,54.66798,1653.54
1754535000,86.55031,54.26148,1653.54
1754535060,90.53835,53.83302,1653.54
1754535120,94.44948,53.39356,1653.54
1754535180,98.02003,52.99805,1653.54
1754535240,98.17384,52.98707,1653.54
1754535300,98.17384,52.98707,1653.54
1754535360,98.17384,52.98707,1653.54
1754535420,98.17384,52.98707,1653.54
1754535480,98.17384,52.98707,1653.54
1754535540,98.17384,52.98707,1653.54
1754535600,98.17384,52.98707,1653.54
1754535660,98.17384,52.98707,1653.54
1754535720,98.17384,52.98707,1653.54
1754535780,98.17384,52.98707,1653.54
1754535840,98.17384,52.98707,1653.54
1754535900,98.17384,52.98707,1653.54
1754535960,98.17384,52.98707,1653.54
1754536020,98.17384,52.98707,1653.54
1754536080,98.17384,52.98707,1653.54
1754536140,98.17384,52.98707,1653.54
1754536200,98.17384,52.98707,1653.54
1754536260,98.17384,52.98707,1653.54
1754536320,98.17384,52.98707,1653.54
1754536380,29.31153,-21.25855,1653.54
1754536440,33.61817,-21.11573,1653.54
1754536500,37.89185,-20.96192,1653.54
1754536560,42.13258,-20.79712,1653.54
1754536620,46.32935,-20.64331,1653.54
1754536680,50.49317,-20.48951,1653.54
1754536740,54.60206,-20.3357,1653.54
1754536800,58.667,-20.20386,1653.54
1754536860,62.67701,-20.06104,1653.54
1754536920,66.66505,-19.94019,1653.54
1754536980,70.59816,-19.83033,1653.54
1754537040,74.48732,-19.73145,1653.54
1754537100,78.32155,-19.65454,1653.54
1754537160,82.10085,-19.57764,1653.54
1754537220,85.85817,-19.52271,1653.54
1754537280,89.56056,-19.48975,1653.54
1754537340,93.21901,-19.47876,1653.54
1754537400,96.8445,-19.47876,1653.54
1754537460,100.42604,-19.48975,1653.54
1754537520,102.61232,-19.52271,1653.54
1754537580,102.61232,-19.52271,1653.54
1754537640,102.61232,-19.52271,1653.54
1754537700,-6.26221,-34.05762,1653.54
1754537760,-1.83472,-33.64014,1653.54
1754537820,2.5708,-33.17871,1653.54
1754537880,6.97632,-32.71729,1653.54
1754537940,11.35987,-32.21192,1653.54
1754538000,15.71045,-31.69556,1653.54
1754538060,20.05005,-31.15723,1653.54
1754538120,24.36768,-30.6189,1653.54
1754538180,28.65235,-30.0586,1653.54
1754538240,32.89307,-29.4983,1653.54
1754538300,37.11182,-28.91602,1653.54
1754538360,41.27564,-28.34473,1653.54
1754538420,45.41749,-27.78443,1653.54
1754538480,49.5044,-27.21314,1653.54
1754538540,53.55836,-26.67481,1653.54
1754538600,57.57936,-26.12549,1653.54
1754538660,61.53444,-25.59815,1653.54
1754538720,65.46754,-25.0708,1653.54
1754538780,69.34572,-24.56543,1653.54
1754538840,71.71877,-24.25782,1653.54
1754538900,-76.06935,46.56007,1653.54
1754538960,-72.68556,47.0984,1653.54
1754539020,-69.24684,47.63673,1653.54
1754539080,-65.73121,48.19703,1653.54
1754539140,-62.17164,48.75733,1653.54
1754539200,-58.52418,49.32862,1653.54
1754539260,-54.82178,49.89991,1653.54
1754539320,-51.0315,50.4712,1653.54
1754539380,-47.1753,51.0315,1653.54
1754539440,-43.23121,51.5918,1653.54
1754539500,-39.21021,52.14112,1653.54
1754539560,-35.11231,52.67945,1653.54
1754539620,-30.92652,53.18482,1653.54
1754539680,-26.67481,53.67921,1653.54
1754539740,-22.33521,54.15162,1653.54
1754539800,-17.92969,54.58009,1653.54
1754539860,-13.43628,54.97559,1653.54
1754539920,-8.88794,55.33814,1653.54
1754539980,-4.2627,55.65675,1653.54
1754540040,0.39551,55.92042,1653.54
1754540100,5.10864,56.16212,1653.54
1754540160,9.84375,56.34889,1653.54
1754540220,14.61182,56.45875,1653.54
1754540280,19.41285,56.53566,1653.54
1754540340,24.20288,56.55763,1653.54
1754540400,28.98194,56.53566,1653.54
1754540460,33.77198,56.44777,1653.54
1754540520,38.50709,56.32692,1653.54
1754540580,43.23121,56.14015,1653.54
1754540640,47.88941,55.90944,1653.54
1754540700,52.50367,55.63477,1653.54
1754540760,57.04103,55.30518,1653.54
1754540820,61.52345,54.95362,1653.54
1754540880,65.92896,54.5691,1653.54
1754540940,70.26857,54.12965,1653.54
1754541000,74.52028,53.67921,1653.54
1754541060,78.6841,53.20679,1653.54
1754541120,82.79298,52.70142,1653.54
1754541180,86.81398,52.17408,1653.54
1754541240,90.75807,51.64674,1653.54
1754541300,94.6692,51.08643,1653.54
1754541360,97.60255,50.76783,1653.54
1754541420,101.96413,49.99879,1653.54
1754541480,105.02931,49.48243,1653.54
1754541540,105.02931,49.48243,1653.54
1754541600,105.02931,49.48243,1653.54
1754541660,105.02931,49.48243,1653.54
1754541720,105.02931,49.48243,1653.54
1754541780,105.02931,49.48243,1653.54
1754541840,105.02931,49.48243,1653.54
1754541900,105.02931,49.48243,1653.54
1754541960,105.02931,49.48243,1653.54
1754542020,105.02931,49.48243,1653.54
1754542080,105.02931,49.48243,1653.54
1754542140,105.02931,49.48243,1653.54
1754542200,-63.14943,-19.46778,1653.54
1754542260,-95.636,-19.43482,1653.54
1754542320,-91.98854,-19.39087,1653.54
1754542380,-88.27516,-19.32495,1653.54
1754542440,-84.53981,-19.24805,1653.54
1754542500,-80.73854,-19.16016,1653.54
1754542560,-76.90431,-19.03931,1653.54
1754542620,-73.03712,-18.8855,1653.54
1754542680,-69.12599,-18.72071,1653.54
1754542740,-65.18189,-18.53394,1653.54
1754542800,-61.18287,-18.31421,1653.54
1754542860,-57.16188,-18.0835,1653.54
1754542920,-53.08595,-17.83081,1653.54
1754542980,-48.97706,-17.54517,1653.54
1754543040,-44.82423,-17.23755,1653.54
1754543100,-40.63844,-16.89698,1653.54
1754543160,-36.43067,-16.54541,1653.54
1754543220,-32.16797,-16.16089,1653.54
1754543280,-27.89429,-15.7544,1653.54
1754543340,-23.59864,-15.32593,1653.54
1754543400,-19.27002,-14.88648,1653.54
1754543460,-14.91944,-14.41407,1653.54
1754543520,-10.55786,-13.95264,1653.54
1754543580,-6.1853,-13.44727,1653.54
1754543640,-1.81274,-12.9419,1653.54
1754543700,2.58179,-12.42554,1653.54
1754543760,6.97632,-11.8982,1653.54
1754543820,11.35987,-11.37085,1653.54
1754543880,15.71045,-10.83252,1653.54
1754543940,20.07203,-10.31616,1653.54
1754544000,24.40064,-9.76685,1653.54
1754544060,28.72925,-9.27246,1653.54
1754544120,33.02491,-8.75611,1653.54
1754544180,37.30958,-8.27271,1653.54
1754544240,41.56129,-7.78931,1653.54
1754544300,45.76905,-7.3169,1653.54
1754544360,49.96583,-6.87744,1653.54
1754544420,54.10767,-6.43799,1653.54
1754544480,58.21656,-6.0315,1653.54
1754544540,62.29249,-5.65796,1653.54
1754544600,66.32447,-5.29541,1653.54
1754544660,70.31252,-4.94385,1653.54
1754544720,74.25661,-4.62525,1653.54
1754544780,78.06886,-4.31763,1653.54
1754544840,-76.51979,36.51856,1653.54
1754544900,-78.72804,36.67237,1653.54
1754544960,-75.20143,37.03492,1653.54
1754545020,-71.64186,37.41944,1653.54
1754545080,-68.01637,37.79298,1653.54
1754545140,-64.34693,38.19947,1653.54
1754545200,-60.61158,38.60596,1653.54
1754545260,-56.8213,39.01246,1653.54
1754545320,-52.9651,39.44093,1653.54
1754545380,-49.04298,39.84742,1653.54
1754545440,-45.06593,40.2649,1653.54
1754545500,-41.01197,40.67139,1653.54
1754545560,-36.90308,41.07789,1653.54
1754545620,-32.72828,41.46241,1653.54
1754545680,-28.50953,41.82496,1653.54
1754545740,-24.1919,42.18751,1653.54
1754545800,-19.8523,42.50611,1653.54
1754545860,-15.43579,42.80274,1653.54
1754545920,-10.97534,43.0774,1653.54
1754545980,-6.47095,43.30811,1653.54
1754546040,-1.93359,43.50587,1653.54
1754546100,2.62573,43.65968,1653.54
1754546160,7.22901,43.79151,1653.54
1754546220,11.86524,43.86842,1653.54
1754546280,16.49048,43.90137,1653.54
1754546340,21.10474,43.89039,1653.54
1754546400,25.74097,43.83546,1653.54
1754546460,30.36622,43.73658,1653.54
1754546520,34.96949,43.60474,1653.54
1754546580,39.52882,43.40699,1653.54
1754546640,44.05518,43.18726,1653.54
1754546700,48.55958,42.92359,1653.54
1754546760,53.00904,42.60499,1653.54
1754546820,57.40358,42.26441,1653.54
1754546880,61.76515,41.89088,1653.54
1754546940,66.0608,41.48438,1653.54
1754547000,70.29054,41.05592,1653.54
1754547060,74.47633,40.61646,1653.54
1754547120,78.59621,40.12208,1653.54
1754547180,82.65016,39.63868,1653.54
1754547240,86.64919,39.12232,1653.54
1754547300,90.59328,38.60596,1653.54
1754547360,94.46046,38.05665,1653.54
1754547420,98.30568,37.49635,1653.54
1754547480,102.00807,36.91407,1653.54
1754547540,102.33766,36.87012,1653.54
1754547600,102.33766,36.87012,1653.54
1754547660,102.33766,36.87012,1653.54
1754547720,102.33766,36.87012,1653.54
1754547780,102.33766,36.87012,1653.54
1754547840,102.33766,36.87012,1653.54
1754547900,102.33766,36.87012,1653.54
1754547960,102.33766,36.87012,1653.54
1754548020,102.40358,36.87012,1653.54
1754548080,102.40358,36.87012,1653.54
1754548140,102.40358,36.87012,1653.54
1754548200,102.40358,36.87012,1653.54
1754548260,102.40358,36.87012,1653.54
1754548320,102.40358,36.87012,1653.54
1754548380,102.40358,36.87012,1653.54
1754548440,102.40358,36.87012,1653.54
1754548500,83.14455,17.36939,1653.54
1754548560,-65.78614,0.98877,1653.54
1754548620,-61.97389,1.48315,1653.54
1754548680,-58.06276,1.93359,1653.54
1754548740,-54.0857,2.40601,1653.54
1754548800,-50.07569,2.87842,1653.54
1754548860,-46.02174,3.39478,1653.54
1754548920,-41.93482,3.91113,1653.54
1754548980,-37.79298,4.46045,1653.54
1754549040,-33.61817,5.00977,1653.54
1754549100,-29.39942,5.57007,1653.54
1754549160,-25.14771,6.14136,1653.54
1754549220,-20.85205,6.71265,1653.54
1754549280,-16.54541,7.28394,1653.54
1754549340,-12.19483,7.86621,1653.54
1754549400,-7.83325,8.44849,1653.54
1754549460,-3.44971,9.01978,1653.54
1754549520,0.94482,9.58008,1653.54
1754549580,5.35034,10.11841,1653.54
1754549640,9.76685,10.64575,1653.54
1754549700,14.18335,11.16211,1653.54
1754549760,18.61084,11.63452,1653.54
1754549820,23.02735,12.09595,1653.54
1754549880,27.42188,12.5354,1653.54
1754549940,31.81641,12.95288,1653.54
1754550000,36.18897,13.31543,1653.54
1754550060,40.55054,13.66699,1653.54
1754550120,44.87916,13.9856,1653.54
1754550180,49.16383,14.26026,1653.54
1754550240,53.44849,14.53491,1653.54
1754550300,57.66725,14.75464,1653.54
1754550360,61.85304,14.9524,1653.54
1754550420,66.00587,15.12818,1653.54
1754550480,70.10378,15.271,1653.54
1754550540,74.15773,15.39185,1653.54
1754550600,78.04689,15.46875,1653.54
1754550660,-25.36744,20.46753,1653.54
1754550720,-82.66115,20.37964,1653.54
1754550780,-79.03566,20.54444,1653.54
1754550840,-75.39919,20.72022,1653.54
1754550900,-71.74074,20.90699,1653.54
1754550960,-67.98341,21.11573,1653.54
1754551020,-64.19312,21.32447,1653.54
1754551080,-60.36988,21.56617,1653.54
1754551140,-56.49171,21.78589,1653.54
1754551200,-52.54762,22.02759,1653.54
1754551260,-48.55958,22.26929,1653.54
1754551320,-44.51661,22.52198,1653.54
1754551380,-40.41871,22.77466,1653.54
1754551440,-36.27686,23.01636,1653.54
1754551500,-32.08008,23.24707,1653.54
1754551560,-27.83936,23.47779,1653.54
1754551620,-23.56568,23.7085,1653.54
1754551680,-19.23706,23.92823,1653.54
1754551740,-14.8645,24.11499,1653.54
1754551800,-10.46997,24.29078,1653.54
1754551860,-6.0315,24.45557,1653.54
1754551920,-1.57105,24.58741,1653.54
1754551980,2.8894,24.68628,1653.54
1754552040,7.3938,24.77417,1653.54
1754552100,11.88721,24.82911,1653.54
1754552160,16.38062,24.86206,1653.54
1754552220,20.86304,24.84009,1653.54
1754552280,25.35645,24.80713,1653.54
1754552340,29.8169,24.7522,1653.54
1754552400,34.25538,24.65332,1653.54
1754552460,38.68287,24.53247,1653.54
1754552520,43.0774,24.37867,1653.54
1754552580,47.46095,24.20288,1653.54
1754552640,51.80054,23.99414,1653.54
1754552700,56.08522,23.76343,1653.54
1754552760,60.33693,23.51075,1653.54
1754552820,64.54469,23.2251,1653.54
1754552880,68.70851,22.92847,1653.54
1754552940,72.8174,22.59888,1653.54
1754553000,76.88234,22.2583,1653.54
1754553060,80.90334,21.88477,1653.54
1754553120,84.8694,21.51123,1653.54
1754553180,88.76955,21.12671,1653.54
1754553240,92.63673,20.72022,1653.54
1754553300,96.44899,20.30274,1653.54
1754553360,100.2173,19.88526,1653.54
1754553420,103.93068,19.45679,1653.54
1754553480,105.36989,19.28101,1653.54
1754553540,105.36989,19.28101,1653.54
1754553600,105.36989,19.28101,1653.54
1754553660,105.36989,19.28101,1653.54
1754553720,105.36989,19.28101,1653.54
1754553780,105.36989,19.28101,1653.54
1754553840,105.44679,19.25904,1653.54
1754553900,105.44679,19.25904,1653.54
1754553960,105.44679,19.25904,1653.54
1754554020,105.44679,19.25904,1653.54
1754554080,105.44679,19.25904,1653.54
1754554140,105.44679,19.25904,1653.54
1754554200,105.44679,19.25904,1653.54
1754554260,105.44679,19.25904,1653.54
1754554320,105.44679,19.25904,1653.54
1754554380,30.17945,20.05005,1653.54
1754554440,-64.69849,20.64331,1653.54
1754554500,-60.90821,21.25855,1653.54
1754554560,-57.063,21.88477,1653.54
1754554620,-53.17384,22.53296,1653.54
1754554680,-49.22974,23.20313,1653.54
1754554740,-45.24171,23.87329,1653.54
1754554800,-41.20972,24.55445,1653.54
1754554860,-37.1338,25.2356,1653.54
1754554920,-32.99195,25.92774,1653.54
1754554980,-28.81714,26.60889,1653.54
1754555040,-24.57642,27.30103,1653.54
1754555100,-20.30274,27.9712,1653.54
1754555160,-15.98511,28.64136,1653.54
1754555220,-11.62354,29.2566,1653.54
1754555280,-7.21802,29.86085,1653.54
1754555340,-2.76856,30.45411,1653.54
1754555400,1.69189,31.00342,1653.54
1754555460,6.19629,31.51978,1653.54
1754555520,10.71167,32.00318,1653.54
1754555580,15.23804,32.45362,1653.54
1754555640,19.77539,32.86011,1653.54
1754555700,24.31275,33.21167,1653.54
1754555760,28.83912,33.54127,1653.54
1754555820,33.36548,33.80494,1653.54
1754555880,37.85889,34.03565,1653.54
1754555940,42.34132,34.22242,1653.54
1754556000,46.80177,34.36524,1653.54
1754556060,51.21827,34.46412,1653.54
1754556120,55.60181,34.53004,1653.54
1754556180,59.94142,34.563,1653.54
